== rbuild: sync -> Kirans-MacBook-Pro.local
⚠ [139/1119] Replayed Vsa.While.Cost
warning: Vsa/While/Cost.lean:826:8: unused variable `st`

Note: This linter can be disabled with `set_option linter.unusedVariables false`
warning: Vsa/While/Cost.lean:826:11: unused variable `d`

Note: This linter can be disabled with `set_option linter.unusedVariables false`
warning: Vsa/While/Cost.lean:826:13: unused variable `a`

Note: This linter can be disabled with `set_option linter.unusedVariables false`
warning: Vsa/While/Cost.lean:826:15: unused variable `e`

Note: This linter can be disabled with `set_option linter.unusedVariables false`
warning: Vsa/While/Cost.lean:826:17: unused variable `st'`

Note: This linter can be disabled with `set_option linter.unusedVariables false`
warning: Vsa/While/Cost.lean:826:21: unused variable `v`

Note: This linter can be disabled with `set_option linter.unusedVariables false`
warning: Vsa/While/Cost.lean:827:8: unused variable `st`

Note: This linter can be disabled with `set_option linter.unusedVariables false`
warning: Vsa/While/Cost.lean:827:11: unused variable `d`

Note: This linter can be disabled with `set_option linter.unusedVariables false`
warning: Vsa/While/Cost.lean:827:13: unused variable `a`

Note: This linter can be disabled with `set_option linter.unusedVariables false`
warning: Vsa/While/Cost.lean:827:15: unused variable `es`

Note: This linter can be disabled with `set_option linter.unusedVariables false`
warning: Vsa/While/Cost.lean:827:18: unused variable `st'`

Note: This linter can be disabled with `set_option linter.unusedVariables false`
warning: Vsa/While/Cost.lean:827:22: unused variable `vs`

Note: This linter can be disabled with `set_option linter.unusedVariables false`
warning: Vsa/While/Cost.lean:828:8: unused variable `st`

Note: This linter can be disabled with `set_option linter.unusedVariables false`
warning: Vsa/While/Cost.lean:828:11: unused variable `d`

Note: This linter can be disabled with `set_option linter.unusedVariables false`
warning: Vsa/While/Cost.lean:828:13: unused variable `fv`

Note: This linter can be disabled with `set_option linter.unusedVariables false`
warning: Vsa/While/Cost.lean:828:16: unused variable `vs`

Note: This linter can be disabled with `set_option linter.unusedVariables false`
warning: Vsa/While/Cost.lean:828:19: unused variable `st'`

Note: This linter can be disabled with `set_option linter.unusedVariables false`
warning: Vsa/While/Cost.lean:828:23: unused variable `v`

Note: This linter can be disabled with `set_option linter.unusedVariables false`
warning: Vsa/While/Cost.lean:829:8: unused variable `st`

Note: This linter can be disabled with `set_option linter.unusedVariables false`
warning: Vsa/While/Cost.lean:829:11: unused variable `d`

Note: This linter can be disabled with `set_option linter.unusedVariables false`
warning: Vsa/While/Cost.lean:829:13: unused variable `a`

Note: This linter can be disabled with `set_option linter.unusedVariables false`
warning: Vsa/While/Cost.lean:829:15: unused variable `s`

Note: This linter can be disabled with `set_option linter.unusedVariables false`
warning: Vsa/While/Cost.lean:829:17: unused variable `st'`

Note: This linter can be disabled with `set_option linter.unusedVariables false`
warning: Vsa/While/Cost.lean:829:21: unused variable `status`

Note: This linter can be disabled with `set_option linter.unusedVariables false`
warning: Vsa/While/Cost.lean:830:8: unused variable `st`

Note: This linter can be disabled with `set_option linter.unusedVariables false`
warning: Vsa/While/Cost.lean:830:11: unused variable `d`

Note: This linter can be disabled with `set_option linter.unusedVariables false`
warning: Vsa/While/Cost.lean:830:13: unused variable `a`

Note: This linter can be disabled with `set_option linter.unusedVariables false`
warning: Vsa/While/Cost.lean:830:15: unused variable `init`

Note: This linter can be disabled with `set_option linter.unusedVariables false`
warning: Vsa/While/Cost.lean:830:20: unused variable `st'`

Note: This linter can be disabled with `set_option linter.unusedVariables false`
warning: Vsa/While/Cost.lean:831:8: unused variable `st`

Note: This linter can be disabled with `set_option linter.unusedVariables false`
warning: Vsa/While/Cost.lean:831:11: unused variable `d`

Note: This linter can be disabled with `set_option linter.unusedVariables false`
warning: Vsa/While/Cost.lean:831:13: unused variable `a`

Note: This linter can be disabled with `set_option linter.unusedVariables false`
warning: Vsa/While/Cost.lean:831:15: unused variable `cnd`

Note: This linter can be disabled with `set_option linter.unusedVariables false`
warning: Vsa/While/Cost.lean:831:19: unused variable `step`

Note: This linter can be disabled with `set_option linter.unusedVariables false`
warning: Vsa/While/Cost.lean:831:24: unused variable `b`

Note: This linter can be disabled with `set_option linter.unusedVariables false`
warning: Vsa/While/Cost.lean:831:26: unused variable `st'`

Note: This linter can be disabled with `set_option linter.unusedVariables false`
warning: Vsa/While/Cost.lean:831:30: unused variable `status`

Note: This linter can be disabled with `set_option linter.unusedVariables false`
warning: Vsa/While/Cost.lean:832:8: unused variable `st`

Note: This linter can be disabled with `set_option linter.unusedVariables false`
warning: Vsa/While/Cost.lean:832:11: unused variable `d`

Note: This linter can be disabled with `set_option linter.unusedVariables false`
warning: Vsa/While/Cost.lean:832:13: unused variable `a`

Note: This linter can be disabled with `set_option linter.unusedVariables false`
warning: Vsa/While/Cost.lean:832:15: unused variable `cnd`

Note: This linter can be disabled with `set_option linter.unusedVariables false`
warning: Vsa/While/Cost.lean:832:19: unused variable `st'`

Note: This linter can be disabled with `set_option linter.unusedVariables false`
warning: Vsa/While/Cost.lean:833:8: unused variable `st`

Note: This linter can be disabled with `set_option linter.unusedVariables false`
warning: Vsa/While/Cost.lean:833:11: unused variable `d`

Note: This linter can be disabled with `set_option linter.unusedVariables false`
warning: Vsa/While/Cost.lean:833:13: unused variable `a`

Note: This linter can be disabled with `set_option linter.unusedVariables false`
warning: Vsa/While/Cost.lean:833:15: unused variable `step`

Note: This linter can be disabled with `set_option linter.unusedVariables false`
warning: Vsa/While/Cost.lean:833:20: unused variable `st'`

Note: This linter can be disabled with `set_option linter.unusedVariables false`
warning: Vsa/While/Cost.lean:834:8: unused variable `st`

Note: This linter can be disabled with `set_option linter.unusedVariables false`
warning: Vsa/While/Cost.lean:834:11: unused variable `d`

Note: This linter can be disabled with `set_option linter.unusedVariables false`
warning: Vsa/While/Cost.lean:834:13: unused variable `a`

Note: This linter can be disabled with `set_option linter.unusedVariables false`
warning: Vsa/While/Cost.lean:834:15: unused variable `ss`

Note: This linter can be disabled with `set_option linter.unusedVariables false`
warning: Vsa/While/Cost.lean:834:18: unused variable `st'`

Note: This linter can be disabled with `set_option linter.unusedVariables false`
warning: Vsa/While/Cost.lean:834:22: unused variable `status`

Note: This linter can be disabled with `set_option linter.unusedVariables false`
⚠ [693/1119] Replayed Vsa.Sim.MemStore
warning: Vsa/Sim/MemStore.lean:232:66: This simp argument is unused:
  List.forM_cons

Hint: Omit it from the simp argument list.
  simp only [Functions.write_ram, PreSail.sail_mem_write, PreSail.writeBytes,
  ̵  ̵ ̵ ̵PreSail.writeByte,
  ̲  ̲ ̲ ̲List.ofFn, Fin.foldr_succ, Fin.foldr_zero, List.forM_c̵o̵ns̵,̵
  ̵ ̵ ̵ ̵ ̵L̵is̵t̵.̵f̵o̵r̵M̵_̵n̵i̵l, __WriteRAM_Meta, Fin.val_succ,
  ̲  ̲ ̲ ̲Fin.val_zero]

Note: This linter can be disabled with `set_option linter.unusedSimpArgs false`
warning: Vsa/Sim/MemStore.lean:233:4: This simp argument is unused:
  List.forM_nil

Hint: Omit it from the simp argument list.
  simp only [Functions.write_ram, PreSail.sail_mem_write, PreSail.writeBytes,
  ̵  ̵ ̵ ̵PreSail.writeByte,
  ̲  ̲ ̲ ̲List.ofFn, Fin.foldr_succ, Fin.foldr_zero, List.forM_cons,
  ̵  ̵ ̵ ̵L̵i̵s̵t̵.̵f̵o̵r̵M̵_n̵i̵l̵,̵ ̵__̵WriteRAM_Meta, Fin.val_succ,
  ̲  ̲ ̲ ̲Fin.val_zero]

Note: This linter can be disabled with `set_option linter.unusedSimpArgs false`
warning: Vsa/Sim/MemStore.lean:233:19: This simp argument is unused:
  __WriteRAM_Meta

Hint: Omit it from the simp argument list.
  simp only [Functions.write_ram, PreSail.sail_mem_write, PreSail.writeBytes, PreSail.writeByte,
  ̲  ̲ ̲ ̲List.ofFn, Fin.foldr_succ, Fin.foldr_zero, List.forM_cons, List.forM_nil, _̵_̵W̵r̵i̵t̵e̵R̵A̵M̵_̵M̵e̵t̵a̵,̵ ̵Fin.val_succ,
  ̲  ̲ ̲ ̲Fin.val_zero]

Note: This linter can be disabled with `set_option linter.unusedSimpArgs false`
warning: Vsa/Sim/MemStore.lean:236:4: This simp argument is unused:
  get

Hint: Omit it from the simp argument list.
  simp [bind, EStateM.bind, pure, EStateM.pure, EStateM.run,
  ̵  ̵ ̵ ̵modify, modifyGet,
  ̲  ̲ ̲ ̲MonadStateOf.modifyGet, EStateM.modifyGet,
  ̵  ̵ ̵ ̵get,̵ ̵g̵e̵t̵The, MonadStateOf.get, EStateM.get]

Note: This linter can be disabled with `set_option linter.unusedSimpArgs false`
warning: Vsa/Sim/MemStore.lean:236:9: This simp argument is unused:
  getThe

Hint: Omit it from the simp argument list.
  simp [bind, EStateM.bind, pure, EStateM.pure, EStateM.run,
  ̵  ̵ ̵ ̵modify, modifyGet,
  ̲  ̲ ̲ ̲MonadStateOf.modifyGet, EStateM.modifyGet,
  ̵  ̵ ̵ ̵get, g̵e̵t̵T̵h̵e̵,̵ ̵MonadStateOf.get, EStateM.get]

Note: This linter can be disabled with `set_option linter.unusedSimpArgs false`
warning: Vsa/Sim/MemStore.lean:236:17: This simp argument is unused:
  MonadStateOf.get

Hint: Omit it from the simp argument list.
  simp [bind, EStateM.bind, pure, EStateM.pure, EStateM.run,
  ̵  ̵ ̵ ̵modify, modifyGet,
  ̲  ̲ ̲ ̲MonadStateOf.modifyGet, EStateM.modifyGet,
  ̵  ̵ ̵ ̵get, getThe, M̵o̵n̵a̵d̵S̵t̵a̵t̵e̵O̵f̵.̵g̵e̵t̵,̵ ̵EStateM.get]

Note: This linter can be disabled with `set_option linter.unusedSimpArgs false`
warning: Vsa/Sim/MemStore.lean:236:35: This simp argument is unused:
  EStateM.get

Hint: Omit it from the simp argument list.
  simp [bind, EStateM.bind, pure, EStateM.pure, EStateM.run,
  ̵  ̵ ̵ ̵modify, modifyGet,
  ̲  ̲ ̲ ̲MonadStateOf.modifyGet, EStateM.modifyGet,
  ̵  ̵ ̵ ̵get, getThe, MonadStateOf.get,̵ ̵E̵S̵t̵a̵t̵e̵M̵.̵g̵e̵t̵]

Note: This linter can be disabled with `set_option linter.unusedSimpArgs false`
warning: Vsa/Sim/MemStore.lean:247:66: This simp argument is unused:
  List.forM_cons

Hint: Omit it from the simp argument list.
  simp only [Functions.write_ram, PreSail.sail_mem_write, PreSail.writeBytes,
  ̵  ̵ ̵ ̵PreSail.writeByte,
  ̲  ̲ ̲ ̲List.ofFn, Fin.foldr_succ, Fin.foldr_zero, List.forM_c̵o̵ns̵,̵
  ̵ ̵ ̵ ̵ ̵L̵is̵t̵.̵f̵o̵r̵M̵_̵n̵i̵l, __WriteRAM_Meta, Fin.val_succ,
  ̲  ̲ ̲ ̲Fin.val_zero]

Note: This linter can be disabled with `set_option linter.unusedSimpArgs false`
warning: Vsa/Sim/MemStore.lean:248:4: This simp argument is unused:
  List.forM_nil

Hint: Omit it from the simp argument list.
  simp only [Functions.write_ram, PreSail.sail_mem_write, PreSail.writeBytes,
  ̵  ̵ ̵ ̵PreSail.writeByte,
  ̲  ̲ ̲ ̲List.ofFn, Fin.foldr_succ, Fin.foldr_zero, List.forM_cons,
  ̵  ̵ ̵ ̵L̵i̵s̵t̵.̵f̵o̵r̵M̵_n̵i̵l̵,̵ ̵__̵WriteRAM_Meta, Fin.val_succ,
  ̲  ̲ ̲ ̲Fin.val_zero]

Note: This linter can be disabled with `set_option linter.unusedSimpArgs false`
warning: Vsa/Sim/MemStore.lean:248:19: This simp argument is unused:
  __WriteRAM_Meta

Hint: Omit it from the simp argument list.
  simp only [Functions.write_ram, PreSail.sail_mem_write, PreSail.writeBytes, PreSail.writeByte,
  ̲  ̲ ̲ ̲List.ofFn, Fin.foldr_succ, Fin.foldr_zero, List.forM_cons, List.forM_nil, _̵_̵W̵r̵i̵t̵e̵R̵A̵M̵_̵M̵e̵t̵a̵,̵ ̵Fin.val_succ,
  ̲  ̲ ̲ ̲Fin.val_zero]

Note: This linter can be disabled with `set_option linter.unusedSimpArgs false`
warning: Vsa/Sim/MemStore.lean:251:4: This simp argument is unused:
  get

Hint: Omit it from the simp argument list.
  simp [bind, EStateM.bind, pure, EStateM.pure, EStateM.run,
  ̵  ̵ ̵ ̵modify, modifyGet,
  ̲  ̲ ̲ ̲MonadStateOf.modifyGet, EStateM.modifyGet,
  ̵  ̵ ̵ ̵get,̵ ̵g̵e̵t̵The, MonadStateOf.get, EStateM.get]

Note: This linter can be disabled with `set_option linter.unusedSimpArgs false`
warning: Vsa/Sim/MemStore.lean:251:9: This simp argument is unused:
  getThe

Hint: Omit it from the simp argument list.
  simp [bind, EStateM.bind, pure, EStateM.pure, EStateM.run,
  ̵  ̵ ̵ ̵modify, modifyGet,
  ̲  ̲ ̲ ̲MonadStateOf.modifyGet, EStateM.modifyGet,
  ̵  ̵ ̵ ̵get, g̵e̵t̵T̵h̵e̵,̵ ̵MonadStateOf.get, EStateM.get]

Note: This linter can be disabled with `set_option linter.unusedSimpArgs false`
warning: Vsa/Sim/MemStore.lean:251:17: This simp argument is unused:
  MonadStateOf.get

Hint: Omit it from the simp argument list.
  simp [bind, EStateM.bind, pure, EStateM.pure, EStateM.run,
  ̵  ̵ ̵ ̵modify, modifyGet,
  ̲  ̲ ̲ ̲MonadStateOf.modifyGet, EStateM.modifyGet,
  ̵  ̵ ̵ ̵get, getThe, M̵o̵n̵a̵d̵S̵t̵a̵t̵e̵O̵f̵.̵g̵e̵t̵,̵ ̵EStateM.get]

Note: This linter can be disabled with `set_option linter.unusedSimpArgs false`
warning: Vsa/Sim/MemStore.lean:251:35: This simp argument is unused:
  EStateM.get

Hint: Omit it from the simp argument list.
  simp [bind, EStateM.bind, pure, EStateM.pure, EStateM.run,
  ̵  ̵ ̵ ̵modify, modifyGet,
  ̲  ̲ ̲ ̲MonadStateOf.modifyGet, EStateM.modifyGet,
  ̵  ̵ ̵ ̵get, getThe, MonadStateOf.get,̵ ̵E̵S̵t̵a̵t̵e̵M̵.̵g̵e̵t̵]

Note: This linter can be disabled with `set_option linter.unusedSimpArgs false`
warning: Vsa/Sim/MemStore.lean:264:66: This simp argument is unused:
  List.forM_cons

Hint: Omit it from the simp argument list.
  simp only [Functions.write_ram, PreSail.sail_mem_write, PreSail.writeBytes,
  ̵  ̵ ̵ ̵PreSail.writeByte,
  ̲  ̲ ̲ ̲List.ofFn, Fin.foldr_succ, Fin.foldr_zero, List.forM_c̵o̵ns̵,̵
  ̵ ̵ ̵ ̵ ̵L̵is̵t̵.̵f̵o̵r̵M̵_̵n̵i̵l, __WriteRAM_Meta, Fin.val_succ,
  ̲  ̲ ̲ ̲Fin.val_zero]

Note: This linter can be disabled with `set_option linter.unusedSimpArgs false`
warning: Vsa/Sim/MemStore.lean:265:4: This simp argument is unused:
  List.forM_nil

Hint: Omit it from the simp argument list.
  simp only [Functions.write_ram, PreSail.sail_mem_write, PreSail.writeBytes,
  ̵  ̵ ̵ ̵PreSail.writeByte,
  ̲  ̲ ̲ ̲List.ofFn, Fin.foldr_succ, Fin.foldr_zero, List.forM_cons,
  ̵  ̵ ̵ ̵L̵i̵s̵t̵.̵f̵o̵r̵M̵_n̵i̵l̵,̵ ̵__̵WriteRAM_Meta, Fin.val_succ,
  ̲  ̲ ̲ ̲Fin.val_zero]

Note: This linter can be disabled with `set_option linter.unusedSimpArgs false`
warning: Vsa/Sim/MemStore.lean:265:19: This simp argument is unused:
  __WriteRAM_Meta

Hint: Omit it from the simp argument list.
  simp only [Functions.write_ram, PreSail.sail_mem_write, PreSail.writeBytes, PreSail.writeByte,
  ̲  ̲ ̲ ̲List.ofFn, Fin.foldr_succ, Fin.foldr_zero, List.forM_cons, List.forM_nil, _̵_̵W̵r̵i̵t̵e̵R̵A̵M̵_̵M̵e̵t̵a̵,̵ ̵Fin.val_succ,
  ̲  ̲ ̲ ̲Fin.val_zero]

Note: This linter can be disabled with `set_option linter.unusedSimpArgs false`
warning: Vsa/Sim/MemStore.lean:268:4: This simp argument is unused:
  get

Hint: Omit it from the simp argument list.
  simp [bind, EStateM.bind, pure, EStateM.pure, EStateM.run,
  ̵  ̵ ̵ ̵modify, modifyGet,
  ̲  ̲ ̲ ̲MonadStateOf.modifyGet, EStateM.modifyGet,
  ̵  ̵ ̵ ̵get,̵ ̵g̵e̵t̵The, MonadStateOf.get, EStateM.get]

Note: This linter can be disabled with `set_option linter.unusedSimpArgs false`
warning: Vsa/Sim/MemStore.lean:268:9: This simp argument is unused:
  getThe

Hint: Omit it from the simp argument list.
  simp [bind, EStateM.bind, pure, EStateM.pure, EStateM.run,
  ̵  ̵ ̵ ̵modify, modifyGet,
  ̲  ̲ ̲ ̲MonadStateOf.modifyGet, EStateM.modifyGet,
  ̵  ̵ ̵ ̵get, g̵e̵t̵T̵h̵e̵,̵ ̵MonadStateOf.get, EStateM.get]

Note: This linter can be disabled with `set_option linter.unusedSimpArgs false`
warning: Vsa/Sim/MemStore.lean:268:17: This simp argument is unused:
  MonadStateOf.get

Hint: Omit it from the simp argument list.
  simp [bind, EStateM.bind, pure, EStateM.pure, EStateM.run,
  ̵  ̵ ̵ ̵modify, modifyGet,
  ̲  ̲ ̲ ̲MonadStateOf.modifyGet, EStateM.modifyGet,
  ̵  ̵ ̵ ̵get, getThe, M̵o̵n̵a̵d̵S̵t̵a̵t̵e̵O̵f̵.̵g̵e̵t̵,̵ ̵EStateM.get]

Note: This linter can be disabled with `set_option linter.unusedSimpArgs false`
warning: Vsa/Sim/MemStore.lean:268:35: This simp argument is unused:
  EStateM.get

Hint: Omit it from the simp argument list.
  simp [bind, EStateM.bind, pure, EStateM.pure, EStateM.run,
  ̵  ̵ ̵ ̵modify, modifyGet,
  ̲  ̲ ̲ ̲MonadStateOf.modifyGet, EStateM.modifyGet,
  ̵  ̵ ̵ ̵get, getThe, MonadStateOf.get,̵ ̵E̵S̵t̵a̵t̵e̵M̵.̵g̵e̵t̵]

Note: This linter can be disabled with `set_option linter.unusedSimpArgs false`
warning: Vsa/Sim/MemStore.lean:285:66: This simp argument is unused:
  List.forM_cons

Hint: Omit it from the simp argument list.
  simp only [Functions.write_ram, PreSail.sail_mem_write, PreSail.writeBytes,
  ̵  ̵ ̵ ̵PreSail.writeByte,
  ̲  ̲ ̲ ̲List.ofFn, Fin.foldr_succ, Fin.foldr_zero, List.forM_c̵o̵ns̵,̵
  ̵ ̵ ̵ ̵ ̵L̵is̵t̵.̵f̵o̵r̵M̵_̵n̵i̵l, __WriteRAM_Meta, Fin.val_succ,
  ̲  ̲ ̲ ̲Fin.val_zero]

Note: This linter can be disabled with `set_option linter.unusedSimpArgs false`
warning: Vsa/Sim/MemStore.lean:286:4: This simp argument is unused:
  List.forM_nil

Hint: Omit it from the simp argument list.
  simp only [Functions.write_ram, PreSail.sail_mem_write, PreSail.writeBytes,
  ̵  ̵ ̵ ̵PreSail.writeByte,
  ̲  ̲ ̲ ̲List.ofFn, Fin.foldr_succ, Fin.foldr_zero, List.forM_cons,
  ̵  ̵ ̵ ̵L̵i̵s̵t̵.̵f̵o̵r̵M̵_n̵i̵l̵,̵ ̵__̵WriteRAM_Meta, Fin.val_succ,
  ̲  ̲ ̲ ̲Fin.val_zero]

Note: This linter can be disabled with `set_option linter.unusedSimpArgs false`
warning: Vsa/Sim/MemStore.lean:286:19: This simp argument is unused:
  __WriteRAM_Meta

Hint: Omit it from the simp argument list.
  simp only [Functions.write_ram, PreSail.sail_mem_write, PreSail.writeBytes, PreSail.writeByte,
  ̲  ̲ ̲ ̲List.ofFn, Fin.foldr_succ, Fin.foldr_zero, List.forM_cons, List.forM_nil, _̵_̵W̵r̵i̵t̵e̵R̵A̵M̵_̵M̵e̵t̵a̵,̵ ̵Fin.val_succ,
  ̲  ̲ ̲ ̲Fin.val_zero]

Note: This linter can be disabled with `set_option linter.unusedSimpArgs false`
warning: Vsa/Sim/MemStore.lean:289:4: This simp argument is unused:
  get

Hint: Omit it from the simp argument list.
  simp [bind, EStateM.bind, pure, EStateM.pure, EStateM.run,
  ̵  ̵ ̵ ̵modify, modifyGet,
  ̲  ̲ ̲ ̲MonadStateOf.modifyGet, EStateM.modifyGet,
  ̵  ̵ ̵ ̵get,̵ ̵g̵e̵t̵The, MonadStateOf.get, EStateM.get]

Note: This linter can be disabled with `set_option linter.unusedSimpArgs false`
warning: Vsa/Sim/MemStore.lean:289:9: This simp argument is unused:
  getThe

Hint: Omit it from the simp argument list.
  simp [bind, EStateM.bind, pure, EStateM.pure, EStateM.run,
  ̵  ̵ ̵ ̵modify, modifyGet,
  ̲  ̲ ̲ ̲MonadStateOf.modifyGet, EStateM.modifyGet,
  ̵  ̵ ̵ ̵get, g̵e̵t̵T̵h̵e̵,̵ ̵MonadStateOf.get, EStateM.get]

Note: This linter can be disabled with `set_option linter.unusedSimpArgs false`
warning: Vsa/Sim/MemStore.lean:289:17: This simp argument is unused:
  MonadStateOf.get

Hint: Omit it from the simp argument list.
  simp [bind, EStateM.bind, pure, EStateM.pure, EStateM.run,
  ̵  ̵ ̵ ̵modify, modifyGet,
  ̲  ̲ ̲ ̲MonadStateOf.modifyGet, EStateM.modifyGet,
  ̵  ̵ ̵ ̵get, getThe, M̵o̵n̵a̵d̵S̵t̵a̵t̵e̵O̵f̵.̵g̵e̵t̵,̵ ̵EStateM.get]

Note: This linter can be disabled with `set_option linter.unusedSimpArgs false`
warning: Vsa/Sim/MemStore.lean:289:35: This simp argument is unused:
  EStateM.get

Hint: Omit it from the simp argument list.
  simp [bind, EStateM.bind, pure, EStateM.pure, EStateM.run,
  ̵  ̵ ̵ ̵modify, modifyGet,
  ̲  ̲ ̲ ̲MonadStateOf.modifyGet, EStateM.modifyGet,
  ̵  ̵ ̵ ̵get, getThe, MonadStateOf.get,̵ ̵E̵S̵t̵a̵t̵e̵M̵.̵g̵e̵t̵]

Note: This linter can be disabled with `set_option linter.unusedSimpArgs false`
warning: Vsa/Sim/MemStore.lean:709:13: This simp argument is unused:
  EStateM.bind

Hint: Omit it from the simp argument list.
  simp only [̵E̵S̵t̵a̵t̵e̵M̵.̵b̵i̵n̵d̵,̵ ̵d̵e̵f̵a̵u̵l̵t̵_̵m̵e̵t̵a̵]̵[̲d̲e̲f̲a̲u̲l̲t̲_̲m̲e̲t̲a̲]̲

Note: This linter can be disabled with `set_option linter.unusedSimpArgs false`
warning: Vsa/Sim/MemStore.lean:881:58: This simp argument is unused:
  hpriv

Hint: Omit it from the simp argument list.
  simp only [check_pma_with_pmp_priority, write_kind_of_flags, misaligned_order,
      sys_misaligned_order_decreasing, bits_of_physaddr, write_ram_ea,
  ̵  ̵ ̵ ̵LeanRV64DExecutable.SailME.run,
  ̲  ̲ ̲ ̲LeanRV64DExecutable.SailME.throw,
  ̵  ̵ ̵ ̵Sail.ConcurrencyInterfaceV1.PreSail.PreSailME.run,
  ̲  ̲ ̲ ̲ExceptT.run,
  ̵  ̵ ̵ ̵Sail.ConcurrencyInterfaceV1.PreSail.PreSailME.throw,
  ̵  ̵ ̵ ̵bind, ExceptT.bind,
  ̲  ̲ ̲ ̲ExceptT.mk, liftM, monadLift, MonadLift.monadLift,
  ̵  ̵ ̵ ̵ExceptT.lift, ExceptT.bindCont, ExceptT.pure,
  ̲  ̲ ̲ ̲Functor.map, EStateM.map,
  ̵  ̵ ̵ ̵EStateM.run, EStateM.bind, pure, LeanRV64DExecutable.readReg,
      Sail.ConcurrencyInterfaceV1.PreSail.readReg,
  ̵  ̵ ̵ ̵get, getThe, MonadStateOf.get, EStateM.get,
  ̲  ̲ ̲ ̲hmstatus,̵ ̵h̵p̵r̵i̵v̵]

Note: This linter can be disabled with `set_option linter.unusedSimpArgs false`
warning: Vsa/Sim/MemStore.lean:883:4: This simp argument is unused:
  LeanRV64DExecutable.readReg

Hint: Omit it from the simp argument list.
  simp only [EStateM.pure, EStateM.map, EStateM.bind, ExceptT.bindCont,
      L̵e̵a̵n̵R̵V̵6̵4̵D̵E̵x̵e̵c̵u̵t̵a̵b̵l̵e̵.̵r̵e̵a̵d̵R̵e̵g̵,̵ ̵Sail.ConcurrencyInterfaceV1.PreSail.readReg, get, getThe, MonadStateOf.get, EStateM.get,
  ̲  ̲ ̲ ̲hmstatus, hpriv]

Note: This linter can be disabled with `set_option linter.unusedSimpArgs false`
warning: Vsa/Sim/MemStore.lean:883:33: This simp argument is unused:
  Sail.ConcurrencyInterfaceV1.PreSail.readReg

Hint: Omit it from the simp argument list.
  simp only [EStateM.pure, EStateM.map, EStateM.bind, ExceptT.bindCont, LeanRV64DExecutable.readReg,
  ̲  ̲ ̲ ̲S̵a̵i̵l̵.̵C̵o̵n̵c̵u̵r̵r̵e̵n̵c̵y̵I̵n̵t̵e̵r̵f̵a̵c̵e̵V̵1̵.̵P̵r̵e̵S̵a̵i̵l̵.̵r̵e̵a̵d̵R̵e̵g̵,̵get, getThe, MonadStateOf.get, EStateM.get, hmstatus, hpriv]

Note: This linter can be disabled with `set_option linter.unusedSimpArgs false`
warning: Vsa/Sim/MemStore.lean:884:4: This simp argument is unused:
  get

Hint: Omit it from the simp argument list.
  simp only [EStateM.pure, EStateM.map, EStateM.bind, ExceptT.bindCont,
  ̵  ̵ ̵ ̵LeanRV64DExecutable.readReg,
  ̲  ̲ ̲ ̲Sail.ConcurrencyInterfaceV1.PreSail.readReg,
  ̵  ̵ ̵ ̵get,̵ ̵g̵e̵t̵The, MonadStateOf.get, EStateM.get, hmstatus,
  ̲  ̲ ̲ ̲hpriv]

Note: This linter can be disabled with `set_option linter.unusedSimpArgs false`
warning: Vsa/Sim/MemStore.lean:884:9: This simp argument is unused:
  getThe

Hint: Omit it from the simp argument list.
  simp only [EStateM.pure, EStateM.map, EStateM.bind, ExceptT.bindCont,
  ̵  ̵ ̵ ̵LeanRV64DExecutable.readReg,
  ̲  ̲ ̲ ̲Sail.ConcurrencyInterfaceV1.PreSail.readReg,
  ̵  ̵ ̵ ̵get, g̵e̵t̵T̵h̵e̵,̵ ̵MonadStateOf.get, EStateM.get, hmstatus,
  ̲  ̲ ̲ ̲hpriv]

Note: This linter can be disabled with `set_option linter.unusedSimpArgs false`
warning: Vsa/Sim/MemStore.lean:884:17: This simp argument is unused:
  MonadStateOf.get

Hint: Omit it from the simp argument list.
  simp only [EStateM.pure, EStateM.map, EStateM.bind, ExceptT.bindCont,
  ̵  ̵ ̵ ̵LeanRV64DExecutable.readReg,
  ̲  ̲ ̲ ̲Sail.ConcurrencyInterfaceV1.PreSail.readReg,
  ̵  ̵ ̵ ̵get, getThe, M̵o̵n̵a̵d̵S̵t̵a̵t̵e̵O̵f̵.̵g̵e̵t̵,̵ ̵EStateM.get, hmstatus, hpriv]

Note: This linter can be disabled with `set_option linter.unusedSimpArgs false`
warning: Vsa/Sim/MemStore.lean:884:48: This simp argument is unused:
  hmstatus

Hint: Omit it from the simp argument list.
  simp only [EStateM.pure, EStateM.map, EStateM.bind, ExceptT.bindCont,
  ̵  ̵ ̵ ̵LeanRV64DExecutable.readReg,
  ̲  ̲ ̲ ̲Sail.ConcurrencyInterfaceV1.PreSail.readReg,
  ̵  ̵ ̵ ̵get, getThe, MonadStateOf.get, EStateM.get, hm̵s̵t̵a̵t̵u̵s̵,̵ ̵h̵priv]

Note: This linter can be disabled with `set_option linter.unusedSimpArgs false`
warning: Vsa/Sim/MemStore.lean:886:13: This simp argument is unused:
  EStateM.pure

Hint: Omit it from the simp argument list.
  simp only [ES̵t̵a̵t̵e̵M̵.̵p̵u̵r̵e̵,̵ ̵E̵xceptT.bindCont, EStateM.map, EStateM.bind]

Note: This linter can be disabled with `set_option linter.unusedSimpArgs false`
warning: Vsa/Sim/MemStore.lean:901:10: This simp argument is unused:
  Bool.false_eq_true

Hint: Omit it from the simp argument list.
  simp only [ExceptT.bind, ExceptT.bindCont, ExceptT.mk, ExceptT.pure,
  ̵  ̵ ̵ ̵EStateM.map, EStateM.bind,
  ̲  ̲ ̲ ̲EStateM.pure, bind, pure, Pure.pure,
  ̵  ̵ ̵ ̵LeanRV64DExecutable.assert, PreSail.assert, if_true,
      show (↑(0 : Nat) * (8 : Int)) = (0 : Int) from by decide, addInt_zero_pa',
  ̵  ̵ ̵ ̵hpmp, B̵o̵o̵l̵.̵i̲f_̲f̲alse_̵e̵q̵_̵t̵r̵u̵e̵,
  ̲ i̵f̵_̵f̵a̵l̵s̵e̵,̵  ̲ ̲beq_self_eq_true]

Note: This linter can be disabled with `set_option linter.unusedSimpArgs false`
warning: Vsa/Sim/MemStore.lean:901:30: This simp argument is unused:
  if_false

Hint: Omit it from the simp argument list.
  simp only [ExceptT.bind, ExceptT.bindCont, ExceptT.mk, ExceptT.pure,
  ̵  ̵ ̵ ̵EStateM.map, EStateM.bind,
  ̲  ̲ ̲ ̲EStateM.pure, bind, pure, Pure.pure,
  ̵  ̵ ̵ ̵LeanRV64DExecutable.assert, PreSail.assert, if_true,
      show (↑(0 : Nat) * (8 : Int)) = (0 : Int) from by decide, addInt_zero_pa',
  ̵  ̵ ̵ ̵hpmp,
  ̲  ̲ ̲ ̲Bool.false_eq_true, i̵f̵_̵f̵a̵l̵s̵e̵,̵ ̵beq_self_eq_true]

Note: This linter can be disabled with `set_option linter.unusedSimpArgs false`
warning: Vsa/Sim/MemStore.lean:947:58: This simp argument is unused:
  hpriv

Hint: Omit it from the simp argument list.
  simp only [check_pma_with_pmp_priority, write_kind_of_flags, misaligned_order,
      sys_misaligned_order_decreasing, bits_of_physaddr, write_ram_ea,
  ̵  ̵ ̵ ̵LeanRV64DExecutable.SailME.run,
  ̲  ̲ ̲ ̲LeanRV64DExecutable.SailME.throw,
  ̵  ̵ ̵ ̵Sail.ConcurrencyInterfaceV1.PreSail.PreSailME.run,
  ̲  ̲ ̲ ̲ExceptT.run,
  ̵  ̵ ̵ ̵Sail.ConcurrencyInterfaceV1.PreSail.PreSailME.throw,
  ̵  ̵ ̵ ̵bind, ExceptT.bind,
  ̲  ̲ ̲ ̲ExceptT.mk, liftM, monadLift, MonadLift.monadLift,
  ̵  ̵ ̵ ̵ExceptT.lift, ExceptT.bindCont, ExceptT.pure,
  ̲  ̲ ̲ ̲Functor.map, EStateM.map,
  ̵  ̵ ̵ ̵EStateM.run, EStateM.bind, pure, LeanRV64DExecutable.readReg,
      Sail.ConcurrencyInterfaceV1.PreSail.readReg,
  ̵  ̵ ̵ ̵get, getThe, MonadStateOf.get, EStateM.get,
  ̲  ̲ ̲ ̲hmstatus,̵ ̵h̵p̵r̵i̵v̵]

Note: This linter can be disabled with `set_option linter.unusedSimpArgs false`
warning: Vsa/Sim/MemStore.lean:949:4: This simp argument is unused:
  LeanRV64DExecutable.readReg

Hint: Omit it from the simp argument list.
  simp only [EStateM.pure, EStateM.map, EStateM.bind, ExceptT.bindCont,
      L̵e̵a̵n̵R̵V̵6̵4̵D̵E̵x̵e̵c̵u̵t̵a̵b̵l̵e̵.̵r̵e̵a̵d̵R̵e̵g̵,̵ ̵Sail.ConcurrencyInterfaceV1.PreSail.readReg, get, getThe, MonadStateOf.get, EStateM.get,
  ̲  ̲ ̲ ̲hmstatus, hpriv]

Note: This linter can be disabled with `set_option linter.unusedSimpArgs false`
warning: Vsa/Sim/MemStore.lean:949:33: This simp argument is unused:
  Sail.ConcurrencyInterfaceV1.PreSail.readReg

Hint: Omit it from the simp argument list.
  simp only [EStateM.pure, EStateM.map, EStateM.bind, ExceptT.bindCont, LeanRV64DExecutable.readReg,
  ̲  ̲ ̲ ̲S̵a̵i̵l̵.̵C̵o̵n̵c̵u̵r̵r̵e̵n̵c̵y̵I̵n̵t̵e̵r̵f̵a̵c̵e̵V̵1̵.̵P̵r̵e̵S̵a̵i̵l̵.̵r̵e̵a̵d̵R̵e̵g̵,̵get, getThe, MonadStateOf.get, EStateM.get, hmstatus, hpriv]

Note: This linter can be disabled with `set_option linter.unusedSimpArgs false`
warning: Vsa/Sim/MemStore.lean:950:4: This simp argument is unused:
  get

Hint: Omit it from the simp argument list.
  simp only [EStateM.pure, EStateM.map, EStateM.bind, ExceptT.bindCont,
  ̵  ̵ ̵ ̵LeanRV64DExecutable.readReg,
  ̲  ̲ ̲ ̲Sail.ConcurrencyInterfaceV1.PreSail.readReg,
  ̵  ̵ ̵ ̵get,̵ ̵g̵e̵t̵The, MonadStateOf.get, EStateM.get, hmstatus,
  ̲  ̲ ̲ ̲hpriv]

Note: This linter can be disabled with `set_option linter.unusedSimpArgs false`
warning: Vsa/Sim/MemStore.lean:950:9: This simp argument is unused:
  getThe

Hint: Omit it from the simp argument list.
  simp only [EStateM.pure, EStateM.map, EStateM.bind, ExceptT.bindCont,
  ̵  ̵ ̵ ̵LeanRV64DExecutable.readReg,
  ̲  ̲ ̲ ̲Sail.ConcurrencyInterfaceV1.PreSail.readReg,
  ̵  ̵ ̵ ̵get, g̵e̵t̵T̵h̵e̵,̵ ̵MonadStateOf.get, EStateM.get, hmstatus,
  ̲  ̲ ̲ ̲hpriv]

Note: This linter can be disabled with `set_option linter.unusedSimpArgs false`
warning: Vsa/Sim/MemStore.lean:950:17: This simp argument is unused:
  MonadStateOf.get

Hint: Omit it from the simp argument list.
  simp only [EStateM.pure, EStateM.map, EStateM.bind, ExceptT.bindCont,
  ̵  ̵ ̵ ̵LeanRV64DExecutable.readReg,
  ̲  ̲ ̲ ̲Sail.ConcurrencyInterfaceV1.PreSail.readReg,
  ̵  ̵ ̵ ̵get, getThe, M̵o̵n̵a̵d̵S̵t̵a̵t̵e̵O̵f̵.̵g̵e̵t̵,̵ ̵EStateM.get, hmstatus, hpriv]

Note: This linter can be disabled with `set_option linter.unusedSimpArgs false`
warning: Vsa/Sim/MemStore.lean:950:48: This simp argument is unused:
  hmstatus

Hint: Omit it from the simp argument list.
  simp only [EStateM.pure, EStateM.map, EStateM.bind, ExceptT.bindCont,
  ̵  ̵ ̵ ̵LeanRV64DExecutable.readReg,
  ̲  ̲ ̲ ̲Sail.ConcurrencyInterfaceV1.PreSail.readReg,
  ̵  ̵ ̵ ̵get, getThe, MonadStateOf.get, EStateM.get, hm̵s̵t̵a̵t̵u̵s̵,̵ ̵h̵priv]

Note: This linter can be disabled with `set_option linter.unusedSimpArgs false`
warning: Vsa/Sim/MemStore.lean:952:13: This simp argument is unused:
  EStateM.pure

Hint: Omit it from the simp argument list.
  simp only [ES̵t̵a̵t̵e̵M̵.̵p̵u̵r̵e̵,̵ ̵E̵xceptT.bindCont, EStateM.map, EStateM.bind]

Note: This linter can be disabled with `set_option linter.unusedSimpArgs false`
warning: Vsa/Sim/MemStore.lean:967:10: This simp argument is unused:
  Bool.false_eq_true

Hint: Omit it from the simp argument list.
  simp only [ExceptT.bind, ExceptT.bindCont, ExceptT.mk, ExceptT.pure,
  ̵  ̵ ̵ ̵EStateM.map, EStateM.bind,
  ̲  ̲ ̲ ̲EStateM.pure, bind, pure, Pure.pure,
  ̵  ̵ ̵ ̵LeanRV64DExecutable.assert, PreSail.assert, if_true,
      show (↑(0 : Nat) * (4 : Int)) = (0 : Int) from by decide, addInt_zero_pa',
  ̵  ̵ ̵ ̵hpmp, B̵o̵o̵l̵.̵i̲f_̲f̲alse_̵e̵q̵_̵t̵r̵u̵e̵,
  ̲ i̵f̵_̵f̵a̵l̵s̵e̵,̵  ̲ ̲beq_self_eq_true]

Note: This linter can be disabled with `set_option linter.unusedSimpArgs false`
warning: Vsa/Sim/MemStore.lean:967:30: This simp argument is unused:
  if_false

Hint: Omit it from the simp argument list.
  simp only [ExceptT.bind, ExceptT.bindCont, ExceptT.mk, ExceptT.pure,
  ̵  ̵ ̵ ̵EStateM.map, EStateM.bind,
  ̲  ̲ ̲ ̲EStateM.pure, bind, pure, Pure.pure,
  ̵  ̵ ̵ ̵LeanRV64DExecutable.assert, PreSail.assert, if_true,
      show (↑(0 : Nat) * (4 : Int)) = (0 : Int) from by decide, addInt_zero_pa',
  ̵  ̵ ̵ ̵hpmp,
  ̲  ̲ ̲ ̲Bool.false_eq_true, i̵f̵_̵f̵a̵l̵s̵e̵,̵ ̵beq_self_eq_true]

Note: This linter can be disabled with `set_option linter.unusedSimpArgs false`
warning: Vsa/Sim/MemStore.lean:1013:58: This simp argument is unused:
  hpriv

Hint: Omit it from the simp argument list.
  simp only [check_pma_with_pmp_priority, write_kind_of_flags, misaligned_order,
      sys_misaligned_order_decreasing, bits_of_physaddr, write_ram_ea,
  ̵  ̵ ̵ ̵LeanRV64DExecutable.SailME.run,
  ̲  ̲ ̲ ̲LeanRV64DExecutable.SailME.throw,
  ̵  ̵ ̵ ̵Sail.ConcurrencyInterfaceV1.PreSail.PreSailME.run,
  ̲  ̲ ̲ ̲ExceptT.run,
  ̵  ̵ ̵ ̵Sail.ConcurrencyInterfaceV1.PreSail.PreSailME.throw,
  ̵  ̵ ̵ ̵bind, ExceptT.bind,
  ̲  ̲ ̲ ̲ExceptT.mk, liftM, monadLift, MonadLift.monadLift,
  ̵  ̵ ̵ ̵ExceptT.lift, ExceptT.bindCont, ExceptT.pure,
  ̲  ̲ ̲ ̲Functor.map, EStateM.map,
  ̵  ̵ ̵ ̵EStateM.run, EStateM.bind, pure, LeanRV64DExecutable.readReg,
      Sail.ConcurrencyInterfaceV1.PreSail.readReg,
  ̵  ̵ ̵ ̵get, getThe, MonadStateOf.get, EStateM.get,
  ̲  ̲ ̲ ̲hmstatus,̵ ̵h̵p̵r̵i̵v̵]

Note: This linter can be disabled with `set_option linter.unusedSimpArgs false`
warning: Vsa/Sim/MemStore.lean:1015:4: This simp argument is unused:
  LeanRV64DExecutable.readReg

Hint: Omit it from the simp argument list.
  simp only [EStateM.pure, EStateM.map, EStateM.bind, ExceptT.bindCont,
      L̵e̵a̵n̵R̵V̵6̵4̵D̵E̵x̵e̵c̵u̵t̵a̵b̵l̵e̵.̵r̵e̵a̵d̵R̵e̵g̵,̵ ̵Sail.ConcurrencyInterfaceV1.PreSail.readReg, get, getThe, MonadStateOf.get, EStateM.get,
  ̲  ̲ ̲ ̲hmstatus, hpriv]

Note: This linter can be disabled with `set_option linter.unusedSimpArgs false`
warning: Vsa/Sim/MemStore.lean:1015:33: This simp argument is unused:
  Sail.ConcurrencyInterfaceV1.PreSail.readReg

Hint: Omit it from the simp argument list.
  simp only [EStateM.pure, EStateM.map, EStateM.bind, ExceptT.bindCont, LeanRV64DExecutable.readReg,
  ̲  ̲ ̲ ̲S̵a̵i̵l̵.̵C̵o̵n̵c̵u̵r̵r̵e̵n̵c̵y̵I̵n̵t̵e̵r̵f̵a̵c̵e̵V̵1̵.̵P̵r̵e̵S̵a̵i̵l̵.̵r̵e̵a̵d̵R̵e̵g̵,̵get, getThe, MonadStateOf.get, EStateM.get, hmstatus, hpriv]

Note: This linter can be disabled with `set_option linter.unusedSimpArgs false`
warning: Vsa/Sim/MemStore.lean:1016:4: This simp argument is unused:
  get

Hint: Omit it from the simp argument list.
  simp only [EStateM.pure, EStateM.map, EStateM.bind, ExceptT.bindCont,
  ̵  ̵ ̵ ̵LeanRV64DExecutable.readReg,
  ̲  ̲ ̲ ̲Sail.ConcurrencyInterfaceV1.PreSail.readReg,
  ̵  ̵ ̵ ̵get,̵ ̵g̵e̵t̵The, MonadStateOf.get, EStateM.get, hmstatus,
  ̲  ̲ ̲ ̲hpriv]

Note: This linter can be disabled with `set_option linter.unusedSimpArgs false`
warning: Vsa/Sim/MemStore.lean:1016:9: This simp argument is unused:
  getThe

Hint: Omit it from the simp argument list.
  simp only [EStateM.pure, EStateM.map, EStateM.bind, ExceptT.bindCont,
  ̵  ̵ ̵ ̵LeanRV64DExecutable.readReg,
  ̲  ̲ ̲ ̲Sail.ConcurrencyInterfaceV1.PreSail.readReg,
  ̵  ̵ ̵ ̵get, g̵e̵t̵T̵h̵e̵,̵ ̵MonadStateOf.get, EStateM.get, hmstatus,
  ̲  ̲ ̲ ̲hpriv]

Note: This linter can be disabled with `set_option linter.unusedSimpArgs false`
warning: Vsa/Sim/MemStore.lean:1016:17: This simp argument is unused:
  MonadStateOf.get

Hint: Omit it from the simp argument list.
  simp only [EStateM.pure, EStateM.map, EStateM.bind, ExceptT.bindCont,
  ̵  ̵ ̵ ̵LeanRV64DExecutable.readReg,
  ̲  ̲ ̲ ̲Sail.ConcurrencyInterfaceV1.PreSail.readReg,
  ̵  ̵ ̵ ̵get, getThe, M̵o̵n̵a̵d̵S̵t̵a̵t̵e̵O̵f̵.̵g̵e̵t̵,̵ ̵EStateM.get, hmstatus, hpriv]

Note: This linter can be disabled with `set_option linter.unusedSimpArgs false`
warning: Vsa/Sim/MemStore.lean:1016:48: This simp argument is unused:
  hmstatus

Hint: Omit it from the simp argument list.
  simp only [EStateM.pure, EStateM.map, EStateM.bind, ExceptT.bindCont,
  ̵  ̵ ̵ ̵LeanRV64DExecutable.readReg,
  ̲  ̲ ̲ ̲Sail.ConcurrencyInterfaceV1.PreSail.readReg,
  ̵  ̵ ̵ ̵get, getThe, MonadStateOf.get, EStateM.get, hm̵s̵t̵a̵t̵u̵s̵,̵ ̵h̵priv]

Note: This linter can be disabled with `set_option linter.unusedSimpArgs false`
warning: Vsa/Sim/MemStore.lean:1018:13: This simp argument is unused:
  EStateM.pure

Hint: Omit it from the simp argument list.
  simp only [ES̵t̵a̵t̵e̵M̵.̵p̵u̵r̵e̵,̵ ̵E̵xceptT.bindCont, EStateM.map, EStateM.bind]

Note: This linter can be disabled with `set_option linter.unusedSimpArgs false`
warning: Vsa/Sim/MemStore.lean:1033:10: This simp argument is unused:
  Bool.false_eq_true

Hint: Omit it from the simp argument list.
  simp only [ExceptT.bind, ExceptT.bindCont, ExceptT.mk, ExceptT.pure,
  ̵  ̵ ̵ ̵EStateM.map, EStateM.bind,
  ̲  ̲ ̲ ̲EStateM.pure, bind, pure, Pure.pure,
  ̵  ̵ ̵ ̵LeanRV64DExecutable.assert, PreSail.assert, if_true,
      show (↑(0 : Nat) * (2 : Int)) = (0 : Int) from by decide, addInt_zero_pa',
  ̵  ̵ ̵ ̵hpmp, B̵o̵o̵l̵.̵i̲f_̲f̲alse_̵e̵q̵_̵t̵r̵u̵e̵,
  ̲ i̵f̵_̵f̵a̵l̵s̵e̵,̵  ̲ ̲beq_self_eq_true]

Note: This linter can be disabled with `set_option linter.unusedSimpArgs false`
warning: Vsa/Sim/MemStore.lean:1033:30: This simp argument is unused:
  if_false

Hint: Omit it from the simp argument list.
  simp only [ExceptT.bind, ExceptT.bindCont, ExceptT.mk, ExceptT.pure,
  ̵  ̵ ̵ ̵EStateM.map, EStateM.bind,
  ̲  ̲ ̲ ̲EStateM.pure, bind, pure, Pure.pure,
  ̵  ̵ ̵ ̵LeanRV64DExecutable.assert, PreSail.assert, if_true,
      show (↑(0 : Nat) * (2 : Int)) = (0 : Int) from by decide, addInt_zero_pa',
  ̵  ̵ ̵ ̵hpmp,
  ̲  ̲ ̲ ̲Bool.false_eq_true, i̵f̵_̵f̵a̵l̵s̵e̵,̵ ̵beq_self_eq_true]

Note: This linter can be disabled with `set_option linter.unusedSimpArgs false`
warning: Vsa/Sim/MemStore.lean:1078:58: This simp argument is unused:
  hpriv

Hint: Omit it from the simp argument list.
  simp only [check_pma_with_pmp_priority, write_kind_of_flags, misaligned_order,
      sys_misaligned_order_decreasing, bits_of_physaddr, write_ram_ea,
  ̵  ̵ ̵ ̵LeanRV64DExecutable.SailME.run,
  ̲  ̲ ̲ ̲LeanRV64DExecutable.SailME.throw,
  ̵  ̵ ̵ ̵Sail.ConcurrencyInterfaceV1.PreSail.PreSailME.run,
  ̲  ̲ ̲ ̲ExceptT.run,
  ̵  ̵ ̵ ̵Sail.ConcurrencyInterfaceV1.PreSail.PreSailME.throw,
  ̵  ̵ ̵ ̵bind, ExceptT.bind,
  ̲  ̲ ̲ ̲ExceptT.mk, liftM, monadLift, MonadLift.monadLift,
  ̵  ̵ ̵ ̵ExceptT.lift, ExceptT.bindCont, ExceptT.pure,
  ̲  ̲ ̲ ̲Functor.map, EStateM.map,
  ̵  ̵ ̵ ̵EStateM.run, EStateM.bind, pure, LeanRV64DExecutable.readReg,
      Sail.ConcurrencyInterfaceV1.PreSail.readReg,
  ̵  ̵ ̵ ̵get, getThe, MonadStateOf.get, EStateM.get,
  ̲  ̲ ̲ ̲hmstatus,̵ ̵h̵p̵r̵i̵v̵]

Note: This linter can be disabled with `set_option linter.unusedSimpArgs false`
warning: Vsa/Sim/MemStore.lean:1080:4: This simp argument is unused:
  LeanRV64DExecutable.readReg

Hint: Omit it from the simp argument list.
  simp only [EStateM.pure, EStateM.map, EStateM.bind, ExceptT.bindCont,
      L̵e̵a̵n̵R̵V̵6̵4̵D̵E̵x̵e̵c̵u̵t̵a̵b̵l̵e̵.̵r̵e̵a̵d̵R̵e̵g̵,̵ ̵Sail.ConcurrencyInterfaceV1.PreSail.readReg, get, getThe, MonadStateOf.get, EStateM.get,
  ̲  ̲ ̲ ̲hmstatus, hpriv]

Note: This linter can be disabled with `set_option linter.unusedSimpArgs false`
warning: Vsa/Sim/MemStore.lean:1080:33: This simp argument is unused:
  Sail.ConcurrencyInterfaceV1.PreSail.readReg

Hint: Omit it from the simp argument list.
  simp only [EStateM.pure, EStateM.map, EStateM.bind, ExceptT.bindCont, LeanRV64DExecutable.readReg,
  ̲  ̲ ̲ ̲S̵a̵i̵l̵.̵C̵o̵n̵c̵u̵r̵r̵e̵n̵c̵y̵I̵n̵t̵e̵r̵f̵a̵c̵e̵V̵1̵.̵P̵r̵e̵S̵a̵i̵l̵.̵r̵e̵a̵d̵R̵e̵g̵,̵get, getThe, MonadStateOf.get, EStateM.get, hmstatus, hpriv]

Note: This linter can be disabled with `set_option linter.unusedSimpArgs false`
warning: Vsa/Sim/MemStore.lean:1081:4: This simp argument is unused:
  get

Hint: Omit it from the simp argument list.
  simp only [EStateM.pure, EStateM.map, EStateM.bind, ExceptT.bindCont,
  ̵  ̵ ̵ ̵LeanRV64DExecutable.readReg,
  ̲  ̲ ̲ ̲Sail.ConcurrencyInterfaceV1.PreSail.readReg,
  ̵  ̵ ̵ ̵get,̵ ̵g̵e̵t̵The, MonadStateOf.get, EStateM.get, hmstatus,
  ̲  ̲ ̲ ̲hpriv]

Note: This linter can be disabled with `set_option linter.unusedSimpArgs false`
warning: Vsa/Sim/MemStore.lean:1081:9: This simp argument is unused:
  getThe

Hint: Omit it from the simp argument list.
  simp only [EStateM.pure, EStateM.map, EStateM.bind, ExceptT.bindCont,
  ̵  ̵ ̵ ̵LeanRV64DExecutable.readReg,
  ̲  ̲ ̲ ̲Sail.ConcurrencyInterfaceV1.PreSail.readReg,
  ̵  ̵ ̵ ̵get, g̵e̵t̵T̵h̵e̵,̵ ̵MonadStateOf.get, EStateM.get, hmstatus,
  ̲  ̲ ̲ ̲hpriv]

Note: This linter can be disabled with `set_option linter.unusedSimpArgs false`
warning: Vsa/Sim/MemStore.lean:1081:17: This simp argument is unused:
  MonadStateOf.get

Hint: Omit it from the simp argument list.
  simp only [EStateM.pure, EStateM.map, EStateM.bind, ExceptT.bindCont,
  ̵  ̵ ̵ ̵LeanRV64DExecutable.readReg,
  ̲  ̲ ̲ ̲Sail.ConcurrencyInterfaceV1.PreSail.readReg,
  ̵  ̵ ̵ ̵get, getThe, M̵o̵n̵a̵d̵S̵t̵a̵t̵e̵O̵f̵.̵g̵e̵t̵,̵ ̵EStateM.get, hmstatus, hpriv]

Note: This linter can be disabled with `set_option linter.unusedSimpArgs false`
warning: Vsa/Sim/MemStore.lean:1081:48: This simp argument is unused:
  hmstatus

Hint: Omit it from the simp argument list.
  simp only [EStateM.pure, EStateM.map, EStateM.bind, ExceptT.bindCont,
  ̵  ̵ ̵ ̵LeanRV64DExecutable.readReg,
  ̲  ̲ ̲ ̲Sail.ConcurrencyInterfaceV1.PreSail.readReg,
  ̵  ̵ ̵ ̵get, getThe, MonadStateOf.get, EStateM.get, hm̵s̵t̵a̵t̵u̵s̵,̵ ̵h̵priv]

Note: This linter can be disabled with `set_option linter.unusedSimpArgs false`
warning: Vsa/Sim/MemStore.lean:1083:13: This simp argument is unused:
  EStateM.pure

Hint: Omit it from the simp argument list.
  simp only [ES̵t̵a̵t̵e̵M̵.̵p̵u̵r̵e̵,̵ ̵E̵xceptT.bindCont, EStateM.map, EStateM.bind]

Note: This linter can be disabled with `set_option linter.unusedSimpArgs false`
warning: Vsa/Sim/MemStore.lean:1098:10: This simp argument is unused:
  Bool.false_eq_true

Hint: Omit it from the simp argument list.
  simp only [ExceptT.bind, ExceptT.bindCont, ExceptT.mk, ExceptT.pure,
  ̵  ̵ ̵ ̵EStateM.map, EStateM.bind,
  ̲  ̲ ̲ ̲EStateM.pure, bind, pure, Pure.pure,
  ̵  ̵ ̵ ̵LeanRV64DExecutable.assert, PreSail.assert, if_true,
      show (↑(0 : Nat) * (1 : Int)) = (0 : Int) from by decide, addInt_zero_pa',
  ̵  ̵ ̵ ̵hpmp, B̵o̵o̵l̵.̵i̲f_̲f̲alse_̵e̵q̵_̵t̵r̵u̵e̵,
  ̲ i̵f̵_̵f̵a̵l̵s̵e̵,̵  ̲ ̲beq_self_eq_true]

Note: This linter can be disabled with `set_option linter.unusedSimpArgs false`
warning: Vsa/Sim/MemStore.lean:1098:30: This simp argument is unused:
  if_false

Hint: Omit it from the simp argument list.
  simp only [ExceptT.bind, ExceptT.bindCont, ExceptT.mk, ExceptT.pure,
  ̵  ̵ ̵ ̵EStateM.map, EStateM.bind,
  ̲  ̲ ̲ ̲EStateM.pure, bind, pure, Pure.pure,
  ̵  ̵ ̵ ̵LeanRV64DExecutable.assert, PreSail.assert, if_true,
      show (↑(0 : Nat) * (1 : Int)) = (0 : Int) from by decide, addInt_zero_pa',
  ̵  ̵ ̵ ̵hpmp,
  ̲  ̲ ̲ ̲Bool.false_eq_true, i̵f̵_̵f̵a̵l̵s̵e̵,̵ ̵beq_self_eq_true]

Note: This linter can be disabled with `set_option linter.unusedSimpArgs false`
warning: Vsa/Sim/MemStore.lean:1387:13: This simp argument is unused:
  EStateM.bind

Hint: Omit it from the simp argument list.
  simp only ̵[̵E̵S̵t̵a̵t̵e̵M̵.̵b̵i̵n̵d̵]̵

Note: This linter can be disabled with `set_option linter.unusedSimpArgs false`
warning: Vsa/Sim/MemStore.lean:1389:13: This simp argument is unused:
  EStateM.bind

Hint: Omit it from the simp argument list.
  simp only ̵[̵E̵S̵t̵a̵t̵e̵M̵.̵b̵i̵n̵d̵]̵

Note: This linter can be disabled with `set_option linter.unusedSimpArgs false`
warning: Vsa/Sim/MemStore.lean:1391:13: This simp argument is unused:
  EStateM.bind

Hint: Omit it from the simp argument list.
  simp only [̵E̵S̵t̵a̵t̵e̵M̵.̵b̵i̵n̵d̵,̵ ̵E̵S̵t̵a̵t̵e̵M̵.̵p̵u̵r̵e̵,̵[̲E̲S̲t̲a̲t̲e̲M̲.̲p̲u̲r̲e̲,̲ show (SATPMode.Bare == SATPMode.Bare) = true from by decide, if_true,
  ̲  ̲ ̲ ̲pm_transform_PA]

Note: This linter can be disabled with `set_option linter.unusedSimpArgs false`
warning: Vsa/Sim/MemStore.lean:1454:36: This simp argument is unused:
  EStateM.bind

Hint: Omit it from the simp argument list.
  simp only [hintra, if_true, bind, EStateM.b̵i̵n̵d̵,̵ ̵E̵S̵t̵a̵t̵e̵M̵.̵run, pure, EStateM.pure]

Note: This linter can be disabled with `set_option linter.unusedSimpArgs false`
warning: Vsa/Sim/MemStore.lean:1480:36: This simp argument is unused:
  EStateM.bind

Hint: Omit it from the simp argument list.
  simp only [hintra, if_true, bind, EStateM.b̵i̵n̵d̵,̵ ̵E̵S̵t̵a̵t̵e̵M̵.̵run, pure, EStateM.pure]

Note: This linter can be disabled with `set_option linter.unusedSimpArgs false`
warning: Vsa/Sim/MemStore.lean:1506:36: This simp argument is unused:
  EStateM.bind

Hint: Omit it from the simp argument list.
  simp only [hintra, if_true, bind, EStateM.b̵i̵n̵d̵,̵ ̵E̵S̵t̵a̵t̵e̵M̵.̵run, pure, EStateM.pure]

Note: This linter can be disabled with `set_option linter.unusedSimpArgs false`
warning: Vsa/Sim/MemStore.lean:1525:36: This simp argument is unused:
  EStateM.bind

Hint: Omit it from the simp argument list.
  simp only [hintra, if_true, bind, EStateM.b̵i̵n̵d̵,̵ ̵E̵S̵t̵a̵t̵e̵M̵.̵run, pure, EStateM.pure]

Note: This linter can be disabled with `set_option linter.unusedSimpArgs false`
warning: Vsa/Sim/MemStore.lean:1597:4: This simp argument is unused:
  Bool.not_true

Hint: Omit it from the simp argument list.
  simp only [LeanRV64DExecutable.SailME.run, LeanRV64DExecutable.SailME.throw,
      Sail.ConcurrencyInterfaceV1.PreSail.PreSailME.run, ExceptT.run,
      Sail.ConcurrencyInterfaceV1.PreSail.PreSailME.throw,
  ̵  ̵ ̵ ̵bind, ExceptT.bind, ExceptT.mk, liftM, ̵m̵o̵n̵a̵d̵L̵i̵f̵t̵,̵ ̵M̵o̵n̵a̵d̵L̵i̵f̵t̵.̵m̵o̵n̵a̵d̵L̵i̵f̵t̵,̵
      m̲o̲n̲a̲d̲L̲i̲f̲t̲,̲ ̲M̲o̲n̲a̲d̲L̲i̲f̲t̲.̲m̲o̲n̲a̲d̲L̲i̲f̲t̲,̲ ̲ExceptT.lift, ExceptT.bindCont, ExceptT.pure, Functor.map,
  ̲  ̲ ̲ ̲EStateM.map,
  ̵  ̵ ̵ ̵EStateM.run, EStateM.bind, pure, EStateM.pure,
  ̵  ̵ ̵ ̵is_aligned_vaddr, bits_of_virtaddr,
  ̲  ̲ ̲ ̲sys_misaligned_order_decreasing,
  ̵  ̵ ̵ ̵is_store_conditional, Functions.not,
      show (!((BitVec.toNatInt a).tmod ((8 ̲: ̲Nat) ̲: ̲Int) == 0)) = false from by
         ̲ ̲rw [show ((8 ̲: ̲Nat) ̲: ̲Int) = (8 ̲: ̲Int) from rfl, htmod]; rfl,
      Bool.n̵o̵t̵_̵t̵r̵u̵e̵,̵ ̵B̵o̵o̵l̵.̵false_and, Bool.and_false, if_false, if_true,
  ̵  ̵ ̵ ̵Bool.false_eq_true]

Note: This linter can be disabled with `set_option linter.unusedSimpArgs false`
warning: Vsa/Sim/MemStore.lean:1597:35: This simp argument is unused:
  Bool.and_false

Hint: Omit it from the simp argument list.
  simp only [LeanRV64DExecutable.SailME.run, LeanRV64DExecutable.SailME.throw,
      Sail.ConcurrencyInterfaceV1.PreSail.PreSailME.run, ExceptT.run,
      Sail.ConcurrencyInterfaceV1.PreSail.PreSailME.throw,
  ̵  ̵ ̵ ̵bind, ExceptT.bind, ExceptT.mk, liftM, ̵m̵o̵n̵a̵d̵L̵i̵f̵t̵,̵ ̵M̵o̵n̵a̵d̵L̵i̵f̵t̵.̵m̵o̵n̵a̵d̵L̵i̵f̵t̵,̵
      m̲o̲n̲a̲d̲L̲i̲f̲t̲,̲ ̲M̲o̲n̲a̲d̲L̲i̲f̲t̲.̲m̲o̲n̲a̲d̲L̲i̲f̲t̲,̲ ̲ExceptT.lift, ExceptT.bindCont, ExceptT.pure, Functor.map,
  ̲  ̲ ̲ ̲EStateM.map,
  ̵  ̵ ̵ ̵EStateM.run, EStateM.bind, pure, EStateM.pure,
  ̵  ̵ ̵ ̵is_aligned_vaddr, bits_of_virtaddr,
  ̲  ̲ ̲ ̲sys_misaligned_order_decreasing,
  ̵  ̵ ̵ ̵is_store_conditional, Functions.not,
      show (!((BitVec.toNatInt a).tmod ((8 ̲: ̲Nat) ̲: ̲Int) == 0)) = false from by
         ̲ ̲rw [show ((8 ̲: ̲Nat) ̲: ̲Int) = (8 ̲: ̲Int) from rfl, htmod]; rfl,
      Bool.not_true, Bool.false_and, B̵o̵o̵l̵.̵a̵n̵d̵_̵f̵a̵l̵s̵e̵,̵ ̵if_false, if_true,
  ̵  ̵ ̵ ̵Bool.false_eq_true]

Note: This linter can be disabled with `set_option linter.unusedSimpArgs false`
warning: Vsa/Sim/MemStore.lean:1597:61: This simp argument is unused:
  if_true

Hint: Omit it from the simp argument list.
  simp only [LeanRV64DExecutable.SailME.run, LeanRV64DExecutable.SailME.throw,
      Sail.ConcurrencyInterfaceV1.PreSail.PreSailME.run, ExceptT.run,
      Sail.ConcurrencyInterfaceV1.PreSail.PreSailME.throw,
  ̵  ̵ ̵ ̵bind, ExceptT.bind, ExceptT.mk, liftM, ̵m̵o̵n̵a̵d̵L̵i̵f̵t̵,̵ ̵M̵o̵n̵a̵d̵L̵i̵f̵t̵.̵m̵o̵n̵a̵d̵L̵i̵f̵t̵,̵
      m̲o̲n̲a̲d̲L̲i̲f̲t̲,̲ ̲M̲o̲n̲a̲d̲L̲i̲f̲t̲.̲m̲o̲n̲a̲d̲L̲i̲f̲t̲,̲ ̲ExceptT.lift, ExceptT.bindCont, ExceptT.pure, Functor.map,
  ̲  ̲ ̲ ̲EStateM.map,
  ̵  ̵ ̵ ̵EStateM.run, EStateM.bind, pure, EStateM.pure,
  ̵  ̵ ̵ ̵is_aligned_vaddr, bits_of_virtaddr,
  ̲  ̲ ̲ ̲sys_misaligned_order_decreasing,
  ̵  ̵ ̵ ̵is_store_conditional, Functions.not,
      show (!((BitVec.toNatInt a).tmod ((8 ̲: ̲Nat) ̲: ̲Int) == 0)) = false from by
         ̲ ̲rw [show ((8 ̲: ̲Nat) ̲: ̲Int) = (8 ̲: ̲Int) from rfl, htmod]; rfl,
      Bool.not_true, Bool.false_and, Bool.and_false, if_false, i̵f̵_̵t̵r̵u̵e̵,̵
  ̵ ̵ ̵ ̵ ̵Bool.false_eq_true]

Note: This linter can be disabled with `set_option linter.unusedSimpArgs false`
warning: Vsa/Sim/MemStore.lean:1604:13: This simp argument is unused:
  bind

Hint: Omit it from the simp argument list.
  simp only [b̵i̵n̵d̵,̵ ̵Bind.bind, EStateM.bind, EStateM.pure, ExceptT.bindCont, EStateM.map]

Note: This linter can be disabled with `set_option linter.unusedSimpArgs false`
warning: Vsa/Sim/MemStore.lean:1604:19: This simp argument is unused:
  Bind.bind

Hint: Omit it from the simp argument list.
  simp only [bind, B̵i̵n̵d̵.̵b̵i̵n̵d̵,̵ ̵EStateM.bind, EStateM.pure, ExceptT.bindCont, EStateM.map]

Note: This linter can be disabled with `set_option linter.unusedSimpArgs false`
warning: Vsa/Sim/MemStore.lean:1604:44: This simp argument is unused:
  EStateM.pure

Hint: Omit it from the simp argument list.
  simp only [bind, Bind.bind, EStateM.bind, ES̵t̵a̵t̵e̵M̵.̵p̵u̵r̵e̵,̵ ̵E̵xceptT.bindCont, EStateM.map]

Note: This linter can be disabled with `set_option linter.unusedSimpArgs false`
warning: Vsa/Sim/MemStore.lean:1606:18: This simp argument is unused:
  bind

Hint: Omit it from the simp argument list.
  simp only [bne, b̵i̵n̵d̵,̵ ̵Bind.bind, EStateM.bind, EStateM.pure, ExceptT.bindCont, EStateM.map,
      show (SATPMode.Bare != SATPMode.Bare) = false from by decide, Bool.false_and, Bool.and_false,
  ̲  ̲ ̲ ̲if_false, Bool.false_eq_true]

Note: This linter can be disabled with `set_option linter.unusedSimpArgs false`
warning: Vsa/Sim/MemStore.lean:1606:24: This simp argument is unused:
  Bind.bind

Hint: Omit it from the simp argument list.
  simp only [bne, bind, B̵i̵n̵d̵.̵b̵i̵n̵d̵,̵ ̵EStateM.bind, EStateM.pure, ExceptT.bindCont, EStateM.map,
      show (SATPMode.Bare != SATPMode.Bare) = false from by decide, Bool.false_and, Bool.and_false,
  ̲  ̲ ̲ ̲if_false, Bool.false_eq_true]

Note: This linter can be disabled with `set_option linter.unusedSimpArgs false`
warning: Vsa/Sim/MemStore.lean:1607:4: This simp argument is unused:
  show (SATPMode.Bare != SATPMode.Bare) = false from by decide

Hint: Omit it from the simp argument list.
  simp only [bne, bind, Bind.bind, EStateM.bind, EStateM.pure, ExceptT.bindCont, EStateM.map,
      s̵h̵o̵w̵ ̵(̵S̵A̵T̵P̵M̵o̵d̵e̵.̵B̵a̵r̵e̵ ̵!̵=̵ ̵S̵A̵T̵P̵M̵o̵d̵e̵.̵B̵a̵r̵e̵)̵ ̵=̵ ̵f̵a̵l̵s̵e̵ ̵f̵r̵o̵m̵ ̵b̵y̵ ̵d̵e̵c̵i̵d̵e̵,̵Bool.false_and, Bool.and_false, if_false, Bool.false_eq_true]

Note: This linter can be disabled with `set_option linter.unusedSimpArgs false`
warning: Vsa/Sim/MemStore.lean:1608:4: This simp argument is unused:
  Bool.false_and

Hint: Omit it from the simp argument list.
  simp only [bne, bind, Bind.bind, EStateM.bind, EStateM.pure, ExceptT.bindCont, EStateM.map,
      show (SATPMode.Bare != SATPMode.Bare) = false from by decide,
  ̵  ̵ ̵ ̵Bool.f̵al̵s̵e̵_̵a̵nd,̵ ̵B̵o̵o̵l̵.̵a̵n̵d̵_false, if_false,
  ̲  ̲ ̲ ̲Bool.false_eq_true]

Note: This linter can be disabled with `set_option linter.unusedSimpArgs false`
warning: Vsa/Sim/MemStore.lean:1608:20: This simp argument is unused:
  Bool.and_false

Hint: Omit it from the simp argument list.
  simp only [bne, bind, Bind.bind, EStateM.bind, EStateM.pure, ExceptT.bindCont, EStateM.map,
      show (SATPMode.Bare != SATPMode.Bare) = false from by decide,
  ̵  ̵ ̵ ̵Bool.false_̵a̵n̵d̵_̲a̲n̲d̲, B̵o̵o̵l̵.̵a̵n̵d̵_̵f̵a̵l̵s̵e̵,̵ ̵if_false,
  ̲  ̲ ̲ ̲Bool.false_eq_true]

Note: This linter can be disabled with `set_option linter.unusedSimpArgs false`
warning: Vsa/Sim/MemStore.lean:1608:36: This simp argument is unused:
  if_false

Hint: Omit it from the simp argument list.
  simp only [bne, bind, Bind.bind, EStateM.bind, EStateM.pure, ExceptT.bindCont, EStateM.map,
      show (SATPMode.Bare != SATPMode.Bare) = false from by decide, Bool.false_and, Bool.and_false,
  ̲  ̲ ̲ ̲i̵f̵_̵f̵a̵l̵s̵e̵,̵ ̵Bool.false_eq_true]

Note: This linter can be disabled with `set_option linter.unusedSimpArgs false`
warning: Vsa/Sim/MemStore.lean:1608:46: This simp argument is unused:
  Bool.false_eq_true

Hint: Omit it from the simp argument list.
  simp only [bne, bind, Bind.bind, EStateM.bind, EStateM.pure, ExceptT.bindCont, EStateM.map,
      show (SATPMode.Bare != SATPMode.Bare) = false from by decide, Bool.false_and, Bool.and_false,
  ̲  ̲ ̲ ̲i̵f̵_̵f̵a̵l̵s̵e̵,̵ ̵B̵o̵o̵l̵.̵f̵a̵l̵s̵e̵_̵e̵q̵_̵t̵r̵u̵e̵]̵i̲f̲_̲f̲a̲l̲s̲e̲]̲

Note: This linter can be disabled with `set_option linter.unusedSimpArgs false`
warning: Vsa/Sim/MemStore.lean:1610:27: This simp argument is unused:
  EStateM.pure

Hint: Omit it from the simp argument list.
  simp only [EStateM.bind, ES̵t̵a̵t̵e̵M̵.̵p̵u̵r̵e̵,̵ ̵E̵xceptT.bindCont, EStateM.map, hze,
  ̵  ̵ ̵ ̵LeanRV64DExecutable.assert,
  ̲  ̲ ̲ ̲PreSail.assert,
  ̵  ̵ ̵ ̵show ((false : Bool) == false) = true from by decide, if_true,
  ̵  ̵ ̵ ̵Bool.and_false,
  ̲  ̲ ̲ ̲Bool.false_and, if_false, Bool.false_eq_true]

Note: This linter can be disabled with `set_option linter.unusedSimpArgs false`
warning: Vsa/Sim/MemStore.lean:1613:4: This simp argument is unused:
  Bool.and_false

Hint: Omit it from the simp argument list.
  simp only [EStateM.bind, EStateM.pure, ExceptT.bindCont, EStateM.map, hze,
      LeanRV64DExecutable.assert, PreSail.assert,
      show ((false : Bool) == false) = true from by decide, if_true,
  ̵  ̵ ̵ ̵Bool.a̵n̵d̵_̵false,̵ ̵B̵o̵o̵l̵.̵f̵a̵l̵s̵e̵_and, if_false,
  ̲  ̲ ̲ ̲Bool.false_eq_true]

Note: This linter can be disabled with `set_option linter.unusedSimpArgs false`
warning: Vsa/Sim/MemStore.lean:1613:20: This simp argument is unused:
  Bool.false_and

Hint: Omit it from the simp argument list.
  simp only [EStateM.bind, EStateM.pure, ExceptT.bindCont, EStateM.map, hze,
      LeanRV64DExecutable.assert, PreSail.assert,
      show ((false : Bool) == false) = true from by decide, if_true,
  ̵  ̵ ̵ ̵Bool.a̵n̵d̵_̵a̲n̲d̲_̲false, B̵o̵o̵l̵.̵f̵a̵l̵s̵e̵_̵a̵n̵d̵,̵ ̵if_false,
  ̲  ̲ ̲ ̲Bool.false_eq_true]

Note: This linter can be disabled with `set_option linter.unusedSimpArgs false`
warning: Vsa/Sim/MemStore.lean:1613:36: This simp argument is unused:
  if_false

Hint: Omit it from the simp argument list.
  simp only [EStateM.bind, EStateM.pure, ExceptT.bindCont, EStateM.map, hze,
      LeanRV64DExecutable.assert, PreSail.assert,
      show ((false : Bool) == false) = true from by decide, if_true, Bool.and_false, Bool.false_and,
  ̲  ̲ ̲ ̲i̵f̵_̵f̵a̵l̵s̵e̵,̵ ̵Bool.false_eq_true]

Note: This linter can be disabled with `set_option linter.unusedSimpArgs false`
warning: Vsa/Sim/MemStore.lean:1613:46: This simp argument is unused:
  Bool.false_eq_true

Hint: Omit it from the simp argument list.
  simp only [EStateM.bind, EStateM.pure, ExceptT.bindCont, EStateM.map, hze,
      LeanRV64DExecutable.assert, PreSail.assert,
      show ((false : Bool) == false) = true from by decide, if_true, Bool.and_false, Bool.false_and,
  ̲  ̲ ̲ ̲i̵f̵_̵f̵a̵l̵s̵e̵,̵ ̵B̵o̵o̵l̵.̵f̵a̵l̵s̵e̵_̵e̵q̵_̵t̵r̵u̵e̵]̵i̲f̲_̲f̲a̲l̲s̲e̲]̲

Note: This linter can be disabled with `set_option linter.unusedSimpArgs false`
warning: Vsa/Sim/MemStore.lean:1614:13: This simp argument is unused:
  bind

Hint: Omit it from the simp argument list.
  simp only [b̵i̵n̵d̵,̵ ̵Bind.bind, pure, Pure.pure, EStateM.bind, EStateM.pure, ExceptT.bindCont,
  ̵  ̵ ̵ ̵EStateM.map,
  ̲  ̲ ̲ ̲ite_self, show ((8 ̲: ̲Nat) ̲: ̲Int).toNat = 8 from by decide,
      show (!(SATPMode.Bare == SATPMode.Bare) && (0 : Int) ̵>b ̵0) = false from by decide]

Note: This linter can be disabled with `set_option linter.unusedSimpArgs false`
warning: Vsa/Sim/MemStore.lean:1614:19: This simp argument is unused:
  Bind.bind

Hint: Omit it from the simp argument list.
  simp only [bind, B̵i̵n̵d̵.̵b̵i̵n̵d̵,̵ ̵pure, Pure.pure, EStateM.bind, EStateM.pure, ExceptT.bindCont,
  ̵  ̵ ̵ ̵EStateM.map,
  ̲  ̲ ̲ ̲ite_self, show ((8 ̲: ̲Nat) ̲: ̲Int).toNat = 8 from by decide,
      show (!(SATPMode.Bare == SATPMode.Bare) && (0 : Int) ̵>b ̵0) = false from by decide]

Note: This linter can be disabled with `set_option linter.unusedSimpArgs false`
warning: Vsa/Sim/MemStore.lean:1618:27: This simp argument is unused:
  EStateM.pure

Hint: Omit it from the simp argument list.
  simp only [EStateM.bind, ES̵t̵a̵t̵e̵M̵.̵p̵u̵r̵e̵,̵ ̵E̵xceptT.bindCont, EStateM.map]

Note: This linter can be disabled with `set_option linter.unusedSimpArgs false`
warning: Vsa/Sim/MemStore.lean:1633:13: This simp argument is unused:
  LeanRV64DExecutable.SailME.run

Hint: Omit it from the simp argument list.
  simp only [LeanRV64DExecutable.SailME.r̵u̵n̵,̵ ̵L̵e̵a̵n̵R̵V̵6̵4̵D̵E̵x̵e̵c̵u̵ta̵b̵l̵e̵.̵S̵a̵i̵l̵M̵E̵.̵t̵hrow,
  ̵  ̵ ̵ ̵Sail.ConcurrencyInterfaceV1.PreSail.PreSailME.run,
  ̲  ̲ ̲ ̲ExceptT.run,
  ̵  ̵ ̵ ̵Sail.ConcurrencyInterfaceV1.PreSail.PreSailME.throw,
  ̵  ̵ ̵ ̵bind, ExceptT.bind,
  ̲  ̲ ̲ ̲ExceptT.mk, liftM, monadLift, MonadLift.monadLift,
  ̵  ̵ ̵ ̵ExceptT.lift, ExceptT.bindCont, ExceptT.pure,
  ̲  ̲ ̲ ̲Functor.map, EStateM.map,
  ̵  ̵ ̵ ̵EStateM.run, EStateM.bind, EStateM.pure, pure, Pure.pure,
      Bool.true_and, Bool.and_true]

Note: This linter can be disabled with `set_option linter.unusedSimpArgs false`
warning: Vsa/Sim/MemStore.lean:1633:45: This simp argument is unused:
  LeanRV64DExecutable.SailME.throw

Hint: Omit it from the simp argument list.
  simp only [LeanRV64DExecutable.SailME.run, L̵e̵a̵n̵R̵V̵6̵4̵D̵E̵x̵e̵c̵u̵t̵a̵b̵l̵e̵.̵SailM̵E̵.t̵h̵r̵o̵w̵,̵
  ̵ ̵ ̵ ̵ ̵S̵a̵i̵l̵.̵ConcurrencyInterfaceV1.PreSail.PreSailME.run,
  ̲  ̲ ̲ ̲ExceptT.run,
  ̵  ̵ ̵ ̵Sail.ConcurrencyInterfaceV1.PreSail.PreSailME.throw,
  ̵  ̵ ̵ ̵bind, ExceptT.bind,
  ̲  ̲ ̲ ̲ExceptT.mk, liftM, monadLift, MonadLift.monadLift,
  ̵  ̵ ̵ ̵ExceptT.lift, ExceptT.bindCont, ExceptT.pure,
  ̲  ̲ ̲ ̲Functor.map, EStateM.map,
  ̵  ̵ ̵ ̵EStateM.run, EStateM.bind, EStateM.pure, pure, Pure.pure,
      Bool.true_and, Bool.and_true]

Note: This linter can be disabled with `set_option linter.unusedSimpArgs false`
warning: Vsa/Sim/MemStore.lean:1634:4: This simp argument is unused:
  Sail.ConcurrencyInterfaceV1.PreSail.PreSailME.run

Hint: Omit it from the simp argument list.
  simp only [LeanRV64DExecutable.SailME.run, LeanRV64DExecutable.SailME.throw, S̵a̵i̵l̵.̵C̵o̵n̵c̵u̵r̵r̵e̵n̵c̵y̵I̵n̵t̵e̵r̵f̵a̵c̵e̵V̵1̵.̵P̵r̵e̵S̵a̵i̵l̵.̵P̵r̵e̵S̵a̵i̵l̵M̵E̵.̵r̵u̵n̵,̵ ̵ExceptT.run,
      Sail.ConcurrencyInterfaceV1.PreSail.PreSailME.throw, bind, ExceptT.bind, ExceptT.mk, liftM,
  ̲  ̲ ̲ ̲monadLift, MonadLift.monadLift, ExceptT.lift, ExceptT.bindCont, ExceptT.pure, Functor.map,
  ̲  ̲ ̲ ̲EStateM.map, EStateM.run, EStateM.bind, EStateM.pure, pure, Pure.pure, Bool.true_and,
  ̲  ̲ ̲ ̲Bool.and_true]

Note: This linter can be disabled with `set_option linter.unusedSimpArgs false`
warning: Vsa/Sim/MemStore.lean:1634:55: This simp argument is unused:
  ExceptT.run

Hint: Omit it from the simp argument list.
  simp only [LeanRV64DExecutable.SailME.run, LeanRV64DExecutable.SailME.throw,
      Sail.ConcurrencyInterfaceV1.PreSail.PreSailME.run,
  ̲  ̲ ̲ ̲E̵x̵c̵e̵p̵t̵T̵.̵r̵u̵n̵,̵Sail.ConcurrencyInterfaceV1.PreSail.PreSailME.throw, bind, ExceptT.bind, ExceptT.mk, liftM,
  ̲  ̲ ̲ ̲monadLift, MonadLift.monadLift, ExceptT.lift, ExceptT.bindCont, ExceptT.pure, Functor.map,
  ̲  ̲ ̲ ̲EStateM.map, EStateM.run, EStateM.bind, EStateM.pure, pure, Pure.pure, Bool.true_and,
      Bool.and_true]

Note: This linter can be disabled with `set_option linter.unusedSimpArgs false`
warning: Vsa/Sim/MemStore.lean:1635:4: This simp argument is unused:
  Sail.ConcurrencyInterfaceV1.PreSail.PreSailME.throw

Hint: Omit it from the simp argument list.
  simp only [LeanRV64DExecutable.SailME.run, LeanRV64DExecutable.SailME.throw,
      Sail.ConcurrencyInterfaceV1.PreSail.PreSailME.run, ExceptT.run, S̵a̵i̵l̵.̵C̵o̵n̵c̵u̵r̵r̵e̵n̵c̵y̵I̵n̵t̵e̵r̵f̵a̵c̵e̵V̵1̵.̵P̵r̵e̵S̵a̵i̵l̵.̵P̵r̵e̵S̵a̵i̵l̵M̵E̵.̵t̵h̵r̵o̵w̵,̵bind, ExceptT.bind, ExceptT.mk,
  ̲  ̲ ̲ ̲liftM, monadLift, MonadLift.monadLift, ExceptT.lift, ExceptT.bindCont, ExceptT.pure,
  ̲  ̲ ̲ ̲Functor.map, EStateM.map, EStateM.run, EStateM.bind, EStateM.pure, pure, Pure.pure,
  ̲  ̲ ̲ ̲Bool.true_and, Bool.and_true]

Note: This linter can be disabled with `set_option linter.unusedSimpArgs false`
warning: Vsa/Sim/MemStore.lean:1636:4: This simp argument is unused:
  bind

Hint: Omit it from the simp argument list.
  simp only [LeanRV64DExecutable.SailME.run, LeanRV64DExecutable.SailME.throw,
      Sail.ConcurrencyInterfaceV1.PreSail.PreSailME.run, ExceptT.run,
      Sail.ConcurrencyInterfaceV1.PreSail.PreSailME.throw,
  ̵  ̵ ̵ ̵b̵i̵n̵d̵,̵ ̵ExceptT.bind, ExceptT.mk, liftM, monadLift, ̵M̵o̵n̵a̵d̵L̵i̵f̵t̵.̵m̵o̵n̵a̵d̵L̵i̵f̵t̵,̵
      M̲o̲n̲a̲d̲L̲i̲f̲t̲.̲m̲o̲n̲a̲d̲L̲i̲f̲t̲,̲ ̲ExceptT.lift, ExceptT.bindCont, ExceptT.pure, Functor.map, EStateM.map,
      EStateM.run, EStateM.bind, EStateM.pure, pure, Pure.pure,
  ̵  ̵ ̵ ̵Bool.true_and, Bool.and_true]

Note: This linter can be disabled with `set_option linter.unusedSimpArgs false`
warning: Vsa/Sim/MemStore.lean:1636:10: This simp argument is unused:
  ExceptT.bind

Hint: Omit it from the simp argument list.
  simp only [LeanRV64DExecutable.SailME.run, LeanRV64DExecutable.SailME.throw,
      Sail.ConcurrencyInterfaceV1.PreSail.PreSailME.run, ExceptT.run,
      Sail.ConcurrencyInterfaceV1.PreSail.PreSailME.throw,
  ̵  ̵ ̵ ̵bind, ExceptT.b̵i̵n̵d̵,̵ ̵E̵x̵c̵e̵p̵t̵T̵.̵mk, liftM, monadLift, ̵M̵o̵n̵a̵d̵L̵i̵f̵t̵.̵m̵o̵n̵a̵d̵L̵i̵f̵t̵,̵
      M̲o̲n̲a̲d̲L̲i̲f̲t̲.̲m̲o̲n̲a̲d̲L̲i̲f̲t̲,̲ ̲ExceptT.lift, ExceptT.bindCont, ExceptT.pure, Functor.map, EStateM.map,
      EStateM.run, EStateM.bind, EStateM.pure, pure, Pure.pure,
  ̵  ̵ ̵ ̵Bool.true_and, Bool.and_true]

Note: This linter can be disabled with `set_option linter.unusedSimpArgs false`
warning: Vsa/Sim/MemStore.lean:1636:24: This simp argument is unused:
  ExceptT.mk

Hint: Omit it from the simp argument list.
  simp only [LeanRV64DExecutable.SailME.run, LeanRV64DExecutable.SailME.throw,
      Sail.ConcurrencyInterfaceV1.PreSail.PreSailME.run, ExceptT.run,
      Sail.ConcurrencyInterfaceV1.PreSail.PreSailME.throw,
  ̵  ̵ ̵ ̵bind, ExceptT.bind, E̵x̵c̵e̵p̵t̵T̵.̵m̵k̵,̵ ̵liftM, monadLift, ̵M̵o̵n̵a̵d̵L̵i̵f̵t̵.̵m̵o̵n̵a̵d̵L̵i̵f̵t̵,̵
      M̲o̲n̲a̲d̲L̲i̲f̲t̲.̲m̲o̲n̲a̲d̲L̲i̲f̲t̲,̲ ̲ExceptT.lift, ExceptT.bindCont, ExceptT.pure, Functor.map, EStateM.map,
      EStateM.run, EStateM.bind, EStateM.pure, pure, Pure.pure,
  ̵  ̵ ̵ ̵Bool.true_and, Bool.and_true]

Note: This linter can be disabled with `set_option linter.unusedSimpArgs false`
warning: Vsa/Sim/MemStore.lean:1636:36: This simp argument is unused:
  liftM

Hint: Omit it from the simp argument list.
  simp only [LeanRV64DExecutable.SailME.run, LeanRV64DExecutable.SailME.throw,
      Sail.ConcurrencyInterfaceV1.PreSail.PreSailME.run, ExceptT.run,
      Sail.ConcurrencyInterfaceV1.PreSail.PreSailME.throw,
  ̵  ̵ ̵ ̵bind, ExceptT.bind, ExceptT.mk, l̵i̵f̵t̵M̵,̵ ̵monadLift, ̵M̵o̵n̵a̵d̵L̵i̵f̵t̵.̵m̵o̵n̵a̵d̵L̵i̵f̵t̵,̵
      M̲o̲n̲a̲d̲L̲i̲f̲t̲.̲m̲o̲n̲a̲d̲L̲i̲f̲t̲,̲ ̲ExceptT.lift, ExceptT.bindCont, ExceptT.pure, Functor.map, EStateM.map,
      EStateM.run, EStateM.bind, EStateM.pure, pure, Pure.pure,
  ̵  ̵ ̵ ̵Bool.true_and, Bool.and_true]

Note: This linter can be disabled with `set_option linter.unusedSimpArgs false`
warning: Vsa/Sim/MemStore.lean:1636:43: This simp argument is unused:
  monadLift

Hint: Omit it from the simp argument list.
  simp only [LeanRV64DExecutable.SailME.run, LeanRV64DExecutable.SailME.throw,
      Sail.ConcurrencyInterfaceV1.PreSail.PreSailME.run, ExceptT.run,
      Sail.ConcurrencyInterfaceV1.PreSail.PreSailME.throw,
  ̵  ̵ ̵ ̵bind, ExceptT.bind, ExceptT.mk, liftM, ̵m̵o̵n̵a̵d̵L̵i̵f̵t̵,̵ ̵M̵o̵n̵a̵d̵L̵i̵f̵t̵.̵m̵o̵n̵a̵d̵L̵i̵f̵t̵,̵
      M̲o̲n̲a̲d̲L̲i̲f̲t̲.̲m̲o̲n̲a̲d̲L̲i̲f̲t̲,̲ ̲ExceptT.lift, ExceptT.bindCont, ExceptT.pure, Functor.map, EStateM.map,
      EStateM.run, EStateM.bind, EStateM.pure, pure, Pure.pure,
  ̵  ̵ ̵ ̵Bool.true_and, Bool.and_true]

Note: This linter can be disabled with `set_option linter.unusedSimpArgs false`
warning: Vsa/Sim/MemStore.lean:1636:54: This simp argument is unused:
  MonadLift.monadLift

Hint: Omit it from the simp argument list.
  simp only [LeanRV64DExecutable.SailME.run, LeanRV64DExecutable.SailME.throw,
      Sail.ConcurrencyInterfaceV1.PreSail.PreSailME.run, ExceptT.run,
      Sail.ConcurrencyInterfaceV1.PreSail.PreSailME.throw,
  ̵  ̵ ̵ ̵bind, ExceptT.bind, ExceptT.mk, liftM, ̵m̵o̵n̵a̵d̵L̵i̵f̵t̵,̵ ̵M̵o̵n̵a̵d̵L̵i̵f̵t̵.̵m̵o̵n̵a̵d̵L̵i̵f̵t̵,̵
      m̲o̲n̲a̲d̲L̲i̲f̲t̲,̲ ̲ExceptT.lift, ExceptT.bindCont, ExceptT.pure, Functor.map, EStateM.map,
  ̵  ̵ ̵ ̵EStateM.run,
  ̲  ̲ ̲ ̲EStateM.bind, EStateM.pure, pure, Pure.pure,
  ̵  ̵ ̵ ̵Bool.true_and, Bool.and_true]

Note: This linter can be disabled with `set_option linter.unusedSimpArgs false`
warning: Vsa/Sim/MemStore.lean:1637:4: This simp argument is unused:
  ExceptT.lift

Hint: Omit it from the simp argument list.
  simp only [LeanRV64DExecutable.SailME.run, LeanRV64DExecutable.SailME.throw,
      Sail.ConcurrencyInterfaceV1.PreSail.PreSailME.run, ExceptT.run,
      Sail.ConcurrencyInterfaceV1.PreSail.PreSailME.throw,
  ̵  ̵ ̵ ̵bind, ExceptT.bind, ExceptT.mk, liftM, ̵m̵o̵n̵a̵d̵L̵i̵f̵t̵,̵ ̵M̵o̵n̵a̵d̵L̵i̵f̵t̵.̵m̵o̵n̵a̵d̵L̵i̵f̵t̵,̵
      E̵x̵c̵e̵p̵m̲o̲n̲a̲d̲L̲i̲f̲tT̵,̲ ̲M̲o̲n̲a̲d̲L̲i̲f̲t̲.l̵m̲o̲n̲a̲d̲L̲ift, ExceptT.bindCont, ExceptT.pure, Functor.map, EStateM.map,
      EStateM.run, EStateM.bind, EStateM.pure, pure, Pure.pure,
  ̵  ̵ ̵ ̵Bool.true_and, Bool.and_true]

Note: This linter can be disabled with `set_option linter.unusedSimpArgs false`
warning: Vsa/Sim/MemStore.lean:1637:36: This simp argument is unused:
  ExceptT.pure

Hint: Omit it from the simp argument list.
  simp only [LeanRV64DExecutable.SailME.run, LeanRV64DExecutable.SailME.throw,
      Sail.ConcurrencyInterfaceV1.PreSail.PreSailME.run, ExceptT.run,
      Sail.ConcurrencyInterfaceV1.PreSail.PreSailME.throw, bind, ExceptT.bind, ExceptT.mk, liftM,
  ̲  ̲ ̲ ̲monadLift, MonadLift.monadLift, ExceptT.lift, ExceptT.bindCont, E̵x̵c̵e̵p̵t̵T̵.̵p̵u̵r̵e̵,̵ ̵Functor.map, EStateM.map,
      EStateM.run, EStateM.bind, EStateM.pure, pure, Pure.pure, Bool.true_and, Bool.and_true]

Note: This linter can be disabled with `set_option linter.unusedSimpArgs false`
warning: Vsa/Sim/MemStore.lean:1637:50: This simp argument is unused:
  Functor.map

Hint: Omit it from the simp argument list.
  simp only [LeanRV64DExecutable.SailME.run, LeanRV64DExecutable.SailME.throw,
      Sail.ConcurrencyInterfaceV1.PreSail.PreSailME.run, ExceptT.run,
      Sail.ConcurrencyInterfaceV1.PreSail.PreSailME.throw,
  ̵  ̵ ̵ ̵bind, ExceptT.bind, ExceptT.mk, liftM, ̵m̵o̵n̵a̵d̵L̵i̵f̵t̵,̵ ̵M̵o̵n̵a̵d̵L̵i̵f̵t̵.̵m̵o̵n̵a̵d̵L̵i̵f̵t̵,̵
      m̲o̲n̲a̲d̲L̲i̲f̲t̲,̲ ̲M̲o̲n̲a̲d̲L̲i̲f̲t̲.̲m̲o̲n̲a̲d̲L̲i̲f̲t̲,̲ ̲ExceptT.lift, ExceptT.bindCont, ExceptT.pure, F̵u̵n̵c̵t̵o̵r̵.̵m̵a̵p̵,̵ ̵EStateM.map,
      EStateM.run, EStateM.bind, EStateM.pure, pure, Pure.pure,
  ̵  ̵ ̵ ̵Bool.true_and, Bool.and_true]

Note: This linter can be disabled with `set_option linter.unusedSimpArgs false`
warning: Vsa/Sim/MemStore.lean:1637:63: This simp argument is unused:
  EStateM.map

Hint: Omit it from the simp argument list.
  simp only [LeanRV64DExecutable.SailME.run, LeanRV64DExecutable.SailME.throw,
      Sail.ConcurrencyInterfaceV1.PreSail.PreSailME.run, ExceptT.run,
      Sail.ConcurrencyInterfaceV1.PreSail.PreSailME.throw,
  ̵  ̵ ̵ ̵bind, ExceptT.bind, ExceptT.mk, liftM, ̵m̵o̵n̵a̵d̵L̵i̵f̵t̵,̵ ̵M̵o̵n̵a̵d̵L̵i̵f̵t̵.̵m̵o̵n̵a̵d̵L̵i̵f̵t̵,̵
      m̲o̲n̲a̲d̲L̲i̲f̲t̲,̲ ̲M̲o̲n̲a̲d̲L̲i̲f̲t̲.̲m̲o̲n̲a̲d̲L̲i̲f̲t̲,̲ ̲ExceptT.lift, ExceptT.bindCont, ExceptT.pure, Functor.map, ̵E̵S̵t̵a̵t̵e̵M̵.̵m̵a̵p̵,̵
      EStateM.run, EStateM.bind, EStateM.pure, pure, Pure.pure,
  ̵  ̵ ̵ ̵Bool.true_and, Bool.and_true]

Note: This linter can be disabled with `set_option linter.unusedSimpArgs false`
warning: Vsa/Sim/MemStore.lean:1638:4: This simp argument is unused:
  EStateM.run

Hint: Omit it from the simp argument list.
  simp only [LeanRV64DExecutable.SailME.run, LeanRV64DExecutable.SailME.throw,
      Sail.ConcurrencyInterfaceV1.PreSail.PreSailME.run, ExceptT.run,
      Sail.ConcurrencyInterfaceV1.PreSail.PreSailME.throw, bind, ExceptT.bind, ExceptT.mk, liftM,
  ̲  ̲ ̲ ̲monadLift, MonadLift.monadLift, ExceptT.lift, ExceptT.bindCont, ExceptT.pure, Functor.map,
  ̲  ̲ ̲ ̲EStateM.map, E̵S̵t̵a̵t̵e̵M̵.̵r̵u̵n̵,̵ ̵EStateM.bind, EStateM.pure, pure, Pure.pure, Bool.true_and, Bool.and_true]

Note: This linter can be disabled with `set_option linter.unusedSimpArgs false`
warning: Vsa/Sim/MemStore.lean:1693:4: This simp argument is unused:
  Bool.not_true

Hint: Omit it from the simp argument list.
  simp only [LeanRV64DExecutable.SailME.run, LeanRV64DExecutable.SailME.throw,
      Sail.ConcurrencyInterfaceV1.PreSail.PreSailME.run, ExceptT.run,
      Sail.ConcurrencyInterfaceV1.PreSail.PreSailME.throw,
  ̵  ̵ ̵ ̵bind, ExceptT.bind, ExceptT.mk, liftM, ̵m̵o̵n̵a̵d̵L̵i̵f̵t̵,̵ ̵M̵o̵n̵a̵d̵L̵i̵f̵t̵.̵m̵o̵n̵a̵d̵L̵i̵f̵t̵,̵
      m̲o̲n̲a̲d̲L̲i̲f̲t̲,̲ ̲M̲o̲n̲a̲d̲L̲i̲f̲t̲.̲m̲o̲n̲a̲d̲L̲i̲f̲t̲,̲ ̲ExceptT.lift, ExceptT.bindCont, ExceptT.pure, Functor.map,
  ̲  ̲ ̲ ̲EStateM.map,
  ̵  ̵ ̵ ̵EStateM.run, EStateM.bind, pure, EStateM.pure,
  ̵  ̵ ̵ ̵is_aligned_vaddr, bits_of_virtaddr,
  ̲  ̲ ̲ ̲sys_misaligned_order_decreasing,
  ̵  ̵ ̵ ̵is_store_conditional, Functions.not,
      show (!((BitVec.toNatInt a).tmod ((4 ̲: ̲Nat) ̲: ̲Int) == 0)) = false from by
         ̲ ̲rw [show ((4 ̲: ̲Nat) ̲: ̲Int) = (4 ̲: ̲Int) from rfl, htmod]; rfl,
      Bool.n̵o̵t̵_̵t̵r̵u̵e̵,̵ ̵B̵o̵o̵l̵.̵false_and, Bool.and_false, if_false, if_true,
  ̵  ̵ ̵ ̵Bool.false_eq_true]

Note: This linter can be disabled with `set_option linter.unusedSimpArgs false`
warning: Vsa/Sim/MemStore.lean:1693:35: This simp argument is unused:
  Bool.and_false

Hint: Omit it from the simp argument list.
  simp only [LeanRV64DExecutable.SailME.run, LeanRV64DExecutable.SailME.throw,
      Sail.ConcurrencyInterfaceV1.PreSail.PreSailME.run, ExceptT.run,
      Sail.ConcurrencyInterfaceV1.PreSail.PreSailME.throw,
  ̵  ̵ ̵ ̵bind, ExceptT.bind, ExceptT.mk, liftM, ̵m̵o̵n̵a̵d̵L̵i̵f̵t̵,̵ ̵M̵o̵n̵a̵d̵L̵i̵f̵t̵.̵m̵o̵n̵a̵d̵L̵i̵f̵t̵,̵
      m̲o̲n̲a̲d̲L̲i̲f̲t̲,̲ ̲M̲o̲n̲a̲d̲L̲i̲f̲t̲.̲m̲o̲n̲a̲d̲L̲i̲f̲t̲,̲ ̲ExceptT.lift, ExceptT.bindCont, ExceptT.pure, Functor.map,
  ̲  ̲ ̲ ̲EStateM.map,
  ̵  ̵ ̵ ̵EStateM.run, EStateM.bind, pure, EStateM.pure,
  ̵  ̵ ̵ ̵is_aligned_vaddr, bits_of_virtaddr,
  ̲  ̲ ̲ ̲sys_misaligned_order_decreasing,
  ̵  ̵ ̵ ̵is_store_conditional, Functions.not,
      show (!((BitVec.toNatInt a).tmod ((4 ̲: ̲Nat) ̲: ̲Int) == 0)) = false from by
         ̲ ̲rw [show ((4 ̲: ̲Nat) ̲: ̲Int) = (4 ̲: ̲Int) from rfl, htmod]; rfl,
      Bool.not_true, Bool.false_and, B̵o̵o̵l̵.̵a̵n̵d̵_̵f̵a̵l̵s̵e̵,̵ ̵if_false, if_true,
  ̵  ̵ ̵ ̵Bool.false_eq_true]

Note: This linter can be disabled with `set_option linter.unusedSimpArgs false`
warning: Vsa/Sim/MemStore.lean:1693:61: This simp argument is unused:
  if_true

Hint: Omit it from the simp argument list.
  simp only [LeanRV64DExecutable.SailME.run, LeanRV64DExecutable.SailME.throw,
      Sail.ConcurrencyInterfaceV1.PreSail.PreSailME.run, ExceptT.run,
      Sail.ConcurrencyInterfaceV1.PreSail.PreSailME.throw,
  ̵  ̵ ̵ ̵bind, ExceptT.bind, ExceptT.mk, liftM, ̵m̵o̵n̵a̵d̵L̵i̵f̵t̵,̵ ̵M̵o̵n̵a̵d̵L̵i̵f̵t̵.̵m̵o̵n̵a̵d̵L̵i̵f̵t̵,̵
      m̲o̲n̲a̲d̲L̲i̲f̲t̲,̲ ̲M̲o̲n̲a̲d̲L̲i̲f̲t̲.̲m̲o̲n̲a̲d̲L̲i̲f̲t̲,̲ ̲ExceptT.lift, ExceptT.bindCont, ExceptT.pure, Functor.map,
  ̲  ̲ ̲ ̲EStateM.map,
  ̵  ̵ ̵ ̵EStateM.run, EStateM.bind, pure, EStateM.pure,
  ̵  ̵ ̵ ̵is_aligned_vaddr, bits_of_virtaddr,
  ̲  ̲ ̲ ̲sys_misaligned_order_decreasing,
  ̵  ̵ ̵ ̵is_store_conditional, Functions.not,
      show (!((BitVec.toNatInt a).tmod ((4 ̲: ̲Nat) ̲: ̲Int) == 0)) = false from by
         ̲ ̲rw [show ((4 ̲: ̲Nat) ̲: ̲Int) = (4 ̲: ̲Int) from rfl, htmod]; rfl,
      Bool.not_true, Bool.false_and, Bool.and_false, if_false, i̵f̵_̵t̵r̵u̵e̵,̵
  ̵ ̵ ̵ ̵ ̵Bool.false_eq_true]

Note: This linter can be disabled with `set_option linter.unusedSimpArgs false`
warning: Vsa/Sim/MemStore.lean:1700:13: This simp argument is unused:
  bind

Hint: Omit it from the simp argument list.
  simp only [b̵i̵n̵d̵,̵ ̵Bind.bind, EStateM.bind, EStateM.pure, ExceptT.bindCont, EStateM.map]

Note: This linter can be disabled with `set_option linter.unusedSimpArgs false`
warning: Vsa/Sim/MemStore.lean:1700:19: This simp argument is unused:
  Bind.bind

Hint: Omit it from the simp argument list.
  simp only [bind, B̵i̵n̵d̵.̵b̵i̵n̵d̵,̵ ̵EStateM.bind, EStateM.pure, ExceptT.bindCont, EStateM.map]

Note: This linter can be disabled with `set_option linter.unusedSimpArgs false`
warning: Vsa/Sim/MemStore.lean:1700:44: This simp argument is unused:
  EStateM.pure

Hint: Omit it from the simp argument list.
  simp only [bind, Bind.bind, EStateM.bind, ES̵t̵a̵t̵e̵M̵.̵p̵u̵r̵e̵,̵ ̵E̵xceptT.bindCont, EStateM.map]

Note: This linter can be disabled with `set_option linter.unusedSimpArgs false`
warning: Vsa/Sim/MemStore.lean:1702:18: This simp argument is unused:
  bind

Hint: Omit it from the simp argument list.
  simp only [bne, b̵i̵n̵d̵,̵ ̵Bind.bind, EStateM.bind, EStateM.pure, ExceptT.bindCont, EStateM.map,
      show (SATPMode.Bare != SATPMode.Bare) = false from by decide, Bool.false_and, Bool.and_false,
  ̲  ̲ ̲ ̲if_false, Bool.false_eq_true]

Note: This linter can be disabled with `set_option linter.unusedSimpArgs false`
warning: Vsa/Sim/MemStore.lean:1702:24: This simp argument is unused:
  Bind.bind

Hint: Omit it from the simp argument list.
  simp only [bne, bind, B̵i̵n̵d̵.̵b̵i̵n̵d̵,̵ ̵EStateM.bind, EStateM.pure, ExceptT.bindCont, EStateM.map,
      show (SATPMode.Bare != SATPMode.Bare) = false from by decide, Bool.false_and, Bool.and_false,
  ̲  ̲ ̲ ̲if_false, Bool.false_eq_true]

Note: This linter can be disabled with `set_option linter.unusedSimpArgs false`
warning: Vsa/Sim/MemStore.lean:1703:4: This simp argument is unused:
  show (SATPMode.Bare != SATPMode.Bare) = false from by decide

Hint: Omit it from the simp argument list.
  simp only [bne, bind, Bind.bind, EStateM.bind, EStateM.pure, ExceptT.bindCont, EStateM.map,
      s̵h̵o̵w̵ ̵(̵S̵A̵T̵P̵M̵o̵d̵e̵.̵B̵a̵r̵e̵ ̵!̵=̵ ̵S̵A̵T̵P̵M̵o̵d̵e̵.̵B̵a̵r̵e̵)̵ ̵=̵ ̵f̵a̵l̵s̵e̵ ̵f̵r̵o̵m̵ ̵b̵y̵ ̵d̵e̵c̵i̵d̵e̵,̵Bool.false_and, Bool.and_false, if_false, Bool.false_eq_true]

Note: This linter can be disabled with `set_option linter.unusedSimpArgs false`
warning: Vsa/Sim/MemStore.lean:1704:4: This simp argument is unused:
  Bool.false_and

Hint: Omit it from the simp argument list.
  simp only [bne, bind, Bind.bind, EStateM.bind, EStateM.pure, ExceptT.bindCont, EStateM.map,
      show (SATPMode.Bare != SATPMode.Bare) = false from by decide,
  ̵  ̵ ̵ ̵Bool.f̵al̵s̵e̵_̵a̵nd,̵ ̵B̵o̵o̵l̵.̵a̵n̵d̵_false, if_false,
  ̲  ̲ ̲ ̲Bool.false_eq_true]

Note: This linter can be disabled with `set_option linter.unusedSimpArgs false`
warning: Vsa/Sim/MemStore.lean:1704:20: This simp argument is unused:
  Bool.and_false

Hint: Omit it from the simp argument list.
  simp only [bne, bind, Bind.bind, EStateM.bind, EStateM.pure, ExceptT.bindCont, EStateM.map,
      show (SATPMode.Bare != SATPMode.Bare) = false from by decide,
  ̵  ̵ ̵ ̵Bool.false_̵a̵n̵d̵_̲a̲n̲d̲, B̵o̵o̵l̵.̵a̵n̵d̵_̵f̵a̵l̵s̵e̵,̵ ̵if_false,
  ̲  ̲ ̲ ̲Bool.false_eq_true]

Note: This linter can be disabled with `set_option linter.unusedSimpArgs false`
warning: Vsa/Sim/MemStore.lean:1704:36: This simp argument is unused:
  if_false

Hint: Omit it from the simp argument list.
  simp only [bne, bind, Bind.bind, EStateM.bind, EStateM.pure, ExceptT.bindCont, EStateM.map,
      show (SATPMode.Bare != SATPMode.Bare) = false from by decide, Bool.false_and, Bool.and_false,
  ̲  ̲ ̲ ̲i̵f̵_̵f̵a̵l̵s̵e̵,̵ ̵Bool.false_eq_true]

Note: This linter can be disabled with `set_option linter.unusedSimpArgs false`
warning: Vsa/Sim/MemStore.lean:1704:46: This simp argument is unused:
  Bool.false_eq_true

Hint: Omit it from the simp argument list.
  simp only [bne, bind, Bind.bind, EStateM.bind, EStateM.pure, ExceptT.bindCont, EStateM.map,
      show (SATPMode.Bare != SATPMode.Bare) = false from by decide, Bool.false_and, Bool.and_false,
  ̲  ̲ ̲ ̲i̵f̵_̵f̵a̵l̵s̵e̵,̵ ̵B̵o̵o̵l̵.̵f̵a̵l̵s̵e̵_̵e̵q̵_̵t̵r̵u̵e̵]̵i̲f̲_̲f̲a̲l̲s̲e̲]̲

Note: This linter can be disabled with `set_option linter.unusedSimpArgs false`
warning: Vsa/Sim/MemStore.lean:1706:27: This simp argument is unused:
  EStateM.pure

Hint: Omit it from the simp argument list.
  simp only [EStateM.bind, ES̵t̵a̵t̵e̵M̵.̵p̵u̵r̵e̵,̵ ̵E̵xceptT.bindCont, EStateM.map, hze,
  ̵  ̵ ̵ ̵LeanRV64DExecutable.assert,
  ̲  ̲ ̲ ̲PreSail.assert,
  ̵  ̵ ̵ ̵show ((false : Bool) == false) = true from by decide, if_true,
  ̵  ̵ ̵ ̵Bool.and_false,
  ̲  ̲ ̲ ̲Bool.false_and, if_false, Bool.false_eq_true]

Note: This linter can be disabled with `set_option linter.unusedSimpArgs false`
warning: Vsa/Sim/MemStore.lean:1709:4: This simp argument is unused:
  Bool.and_false

Hint: Omit it from the simp argument list.
  simp only [EStateM.bind, EStateM.pure, ExceptT.bindCont, EStateM.map, hze,
      LeanRV64DExecutable.assert, PreSail.assert,
      show ((false : Bool) == false) = true from by decide, if_true,
  ̵  ̵ ̵ ̵Bool.a̵n̵d̵_̵false,̵ ̵B̵o̵o̵l̵.̵f̵a̵l̵s̵e̵_and, if_false,
  ̲  ̲ ̲ ̲Bool.false_eq_true]

Note: This linter can be disabled with `set_option linter.unusedSimpArgs false`
warning: Vsa/Sim/MemStore.lean:1709:20: This simp argument is unused:
  Bool.false_and

Hint: Omit it from the simp argument list.
  simp only [EStateM.bind, EStateM.pure, ExceptT.bindCont, EStateM.map, hze,
      LeanRV64DExecutable.assert, PreSail.assert,
      show ((false : Bool) == false) = true from by decide, if_true,
  ̵  ̵ ̵ ̵Bool.a̵n̵d̵_̵a̲n̲d̲_̲false, B̵o̵o̵l̵.̵f̵a̵l̵s̵e̵_̵a̵n̵d̵,̵ ̵if_false,
  ̲  ̲ ̲ ̲Bool.false_eq_true]

Note: This linter can be disabled with `set_option linter.unusedSimpArgs false`
warning: Vsa/Sim/MemStore.lean:1709:36: This simp argument is unused:
  if_false

Hint: Omit it from the simp argument list.
  simp only [EStateM.bind, EStateM.pure, ExceptT.bindCont, EStateM.map, hze,
      LeanRV64DExecutable.assert, PreSail.assert,
      show ((false : Bool) == false) = true from by decide, if_true, Bool.and_false, Bool.false_and,
  ̲  ̲ ̲ ̲i̵f̵_̵f̵a̵l̵s̵e̵,̵ ̵Bool.false_eq_true]

Note: This linter can be disabled with `set_option linter.unusedSimpArgs false`
warning: Vsa/Sim/MemStore.lean:1709:46: This simp argument is unused:
  Bool.false_eq_true

Hint: Omit it from the simp argument list.
  simp only [EStateM.bind, EStateM.pure, ExceptT.bindCont, EStateM.map, hze,
      LeanRV64DExecutable.assert, PreSail.assert,
      show ((false : Bool) == false) = true from by decide, if_true, Bool.and_false, Bool.false_and,
  ̲  ̲ ̲ ̲i̵f̵_̵f̵a̵l̵s̵e̵,̵ ̵B̵o̵o̵l̵.̵f̵a̵l̵s̵e̵_̵e̵q̵_̵t̵r̵u̵e̵]̵i̲f̲_̲f̲a̲l̲s̲e̲]̲

Note: This linter can be disabled with `set_option linter.unusedSimpArgs false`
warning: Vsa/Sim/MemStore.lean:1710:13: This simp argument is unused:
  bind

Hint: Omit it from the simp argument list.
  simp only [b̵i̵n̵d̵,̵ ̵Bind.bind, pure, Pure.pure, EStateM.bind, EStateM.pure, ExceptT.bindCont,
  ̵  ̵ ̵ ̵EStateM.map,
  ̲  ̲ ̲ ̲ite_self, show ((4 ̲: ̲Nat) ̲: ̲Int).toNat = 4 from by decide,
      show (!(SATPMode.Bare == SATPMode.Bare) && (0 : Int) ̵>b ̵0) = false from by decide]

Note: This linter can be disabled with `set_option linter.unusedSimpArgs false`
warning: Vsa/Sim/MemStore.lean:1710:19: This simp argument is unused:
  Bind.bind

Hint: Omit it from the simp argument list.
  simp only [bind, B̵i̵n̵d̵.̵b̵i̵n̵d̵,̵ ̵pure, Pure.pure, EStateM.bind, EStateM.pure, ExceptT.bindCont,
  ̵  ̵ ̵ ̵EStateM.map,
  ̲  ̲ ̲ ̲ite_self, show ((4 ̲: ̲Nat) ̲: ̲Int).toNat = 4 from by decide,
      show (!(SATPMode.Bare == SATPMode.Bare) && (0 : Int) ̵>b ̵0) = false from by decide]

Note: This linter can be disabled with `set_option linter.unusedSimpArgs false`
warning: Vsa/Sim/MemStore.lean:1714:27: This simp argument is unused:
  EStateM.pure

Hint: Omit it from the simp argument list.
  simp only [EStateM.bind, ES̵t̵a̵t̵e̵M̵.̵p̵u̵r̵e̵,̵ ̵E̵xceptT.bindCont, EStateM.map]

Note: This linter can be disabled with `set_option linter.unusedSimpArgs false`
warning: Vsa/Sim/MemStore.lean:1728:13: This simp argument is unused:
  LeanRV64DExecutable.SailME.run

Hint: Omit it from the simp argument list.
  simp only [LeanRV64DExecutable.SailME.r̵u̵n̵,̵ ̵L̵e̵a̵n̵R̵V̵6̵4̵D̵E̵x̵e̵c̵u̵ta̵b̵l̵e̵.̵S̵a̵i̵l̵M̵E̵.̵t̵hrow,
  ̵  ̵ ̵ ̵Sail.ConcurrencyInterfaceV1.PreSail.PreSailME.run,
  ̲  ̲ ̲ ̲ExceptT.run,
  ̵  ̵ ̵ ̵Sail.ConcurrencyInterfaceV1.PreSail.PreSailME.throw,
  ̵  ̵ ̵ ̵bind, ExceptT.bind,
  ̲  ̲ ̲ ̲ExceptT.mk, liftM, monadLift, MonadLift.monadLift,
  ̵  ̵ ̵ ̵ExceptT.lift, ExceptT.bindCont, ExceptT.pure,
  ̲  ̲ ̲ ̲Functor.map, EStateM.map,
  ̵  ̵ ̵ ̵EStateM.run, EStateM.bind, EStateM.pure, pure, Pure.pure,
      Bool.true_and, Bool.and_true]

Note: This linter can be disabled with `set_option linter.unusedSimpArgs false`
warning: Vsa/Sim/MemStore.lean:1728:45: This simp argument is unused:
  LeanRV64DExecutable.SailME.throw

Hint: Omit it from the simp argument list.
  simp only [LeanRV64DExecutable.SailME.run, L̵e̵a̵n̵R̵V̵6̵4̵D̵E̵x̵e̵c̵u̵t̵a̵b̵l̵e̵.̵SailM̵E̵.t̵h̵r̵o̵w̵,̵
  ̵ ̵ ̵ ̵ ̵S̵a̵i̵l̵.̵ConcurrencyInterfaceV1.PreSail.PreSailME.run,
  ̲  ̲ ̲ ̲ExceptT.run,
  ̵  ̵ ̵ ̵Sail.ConcurrencyInterfaceV1.PreSail.PreSailME.throw,
  ̵  ̵ ̵ ̵bind, ExceptT.bind,
  ̲  ̲ ̲ ̲ExceptT.mk, liftM, monadLift, MonadLift.monadLift,
  ̵  ̵ ̵ ̵ExceptT.lift, ExceptT.bindCont, ExceptT.pure,
  ̲  ̲ ̲ ̲Functor.map, EStateM.map,
  ̵  ̵ ̵ ̵EStateM.run, EStateM.bind, EStateM.pure, pure, Pure.pure,
      Bool.true_and, Bool.and_true]

Note: This linter can be disabled with `set_option linter.unusedSimpArgs false`
warning: Vsa/Sim/MemStore.lean:1729:4: This simp argument is unused:
  Sail.ConcurrencyInterfaceV1.PreSail.PreSailME.run

Hint: Omit it from the simp argument list.
  simp only [LeanRV64DExecutable.SailME.run, LeanRV64DExecutable.SailME.throw, S̵a̵i̵l̵.̵C̵o̵n̵c̵u̵r̵r̵e̵n̵c̵y̵I̵n̵t̵e̵r̵f̵a̵c̵e̵V̵1̵.̵P̵r̵e̵S̵a̵i̵l̵.̵P̵r̵e̵S̵a̵i̵l̵M̵E̵.̵r̵u̵n̵,̵ ̵ExceptT.run,
      Sail.ConcurrencyInterfaceV1.PreSail.PreSailME.throw, bind, ExceptT.bind, ExceptT.mk, liftM,
  ̲  ̲ ̲ ̲monadLift, MonadLift.monadLift, ExceptT.lift, ExceptT.bindCont, ExceptT.pure, Functor.map,
  ̲  ̲ ̲ ̲EStateM.map, EStateM.run, EStateM.bind, EStateM.pure, pure, Pure.pure, Bool.true_and,
  ̲  ̲ ̲ ̲Bool.and_true]

Note: This linter can be disabled with `set_option linter.unusedSimpArgs false`
warning: Vsa/Sim/MemStore.lean:1729:55: This simp argument is unused:
  ExceptT.run

Hint: Omit it from the simp argument list.
  simp only [LeanRV64DExecutable.SailME.run, LeanRV64DExecutable.SailME.throw,
      Sail.ConcurrencyInterfaceV1.PreSail.PreSailME.run,
  ̲  ̲ ̲ ̲E̵x̵c̵e̵p̵t̵T̵.̵r̵u̵n̵,̵Sail.ConcurrencyInterfaceV1.PreSail.PreSailME.throw, bind, ExceptT.bind, ExceptT.mk, liftM,
  ̲  ̲ ̲ ̲monadLift, MonadLift.monadLift, ExceptT.lift, ExceptT.bindCont, ExceptT.pure, Functor.map,
  ̲  ̲ ̲ ̲EStateM.map, EStateM.run, EStateM.bind, EStateM.pure, pure, Pure.pure, Bool.true_and,
      Bool.and_true]

Note: This linter can be disabled with `set_option linter.unusedSimpArgs false`
warning: Vsa/Sim/MemStore.lean:1730:4: This simp argument is unused:
  Sail.ConcurrencyInterfaceV1.PreSail.PreSailME.throw

Hint: Omit it from the simp argument list.
  simp only [LeanRV64DExecutable.SailME.run, LeanRV64DExecutable.SailME.throw,
      Sail.ConcurrencyInterfaceV1.PreSail.PreSailME.run, ExceptT.run, S̵a̵i̵l̵.̵C̵o̵n̵c̵u̵r̵r̵e̵n̵c̵y̵I̵n̵t̵e̵r̵f̵a̵c̵e̵V̵1̵.̵P̵r̵e̵S̵a̵i̵l̵.̵P̵r̵e̵S̵a̵i̵l̵M̵E̵.̵t̵h̵r̵o̵w̵,̵bind, ExceptT.bind, ExceptT.mk,
  ̲  ̲ ̲ ̲liftM, monadLift, MonadLift.monadLift, ExceptT.lift, ExceptT.bindCont, ExceptT.pure,
  ̲  ̲ ̲ ̲Functor.map, EStateM.map, EStateM.run, EStateM.bind, EStateM.pure, pure, Pure.pure,
  ̲  ̲ ̲ ̲Bool.true_and, Bool.and_true]

Note: This linter can be disabled with `set_option linter.unusedSimpArgs false`
warning: Vsa/Sim/MemStore.lean:1731:4: This simp argument is unused:
  bind

Hint: Omit it from the simp argument list.
  simp only [LeanRV64DExecutable.SailME.run, LeanRV64DExecutable.SailME.throw,
      Sail.ConcurrencyInterfaceV1.PreSail.PreSailME.run, ExceptT.run,
      Sail.ConcurrencyInterfaceV1.PreSail.PreSailME.throw,
  ̵  ̵ ̵ ̵b̵i̵n̵d̵,̵ ̵ExceptT.bind, ExceptT.mk, liftM, monadLift, ̵M̵o̵n̵a̵d̵L̵i̵f̵t̵.̵m̵o̵n̵a̵d̵L̵i̵f̵t̵,̵
      M̲o̲n̲a̲d̲L̲i̲f̲t̲.̲m̲o̲n̲a̲d̲L̲i̲f̲t̲,̲ ̲ExceptT.lift, ExceptT.bindCont, ExceptT.pure, Functor.map, EStateM.map,
      EStateM.run, EStateM.bind, EStateM.pure, pure, Pure.pure,
  ̵  ̵ ̵ ̵Bool.true_and, Bool.and_true]

Note: This linter can be disabled with `set_option linter.unusedSimpArgs false`
warning: Vsa/Sim/MemStore.lean:1731:10: This simp argument is unused:
  ExceptT.bind

Hint: Omit it from the simp argument list.
  simp only [LeanRV64DExecutable.SailME.run, LeanRV64DExecutable.SailME.throw,
      Sail.ConcurrencyInterfaceV1.PreSail.PreSailME.run, ExceptT.run,
      Sail.ConcurrencyInterfaceV1.PreSail.PreSailME.throw,
  ̵  ̵ ̵ ̵bind, ExceptT.b̵i̵n̵d̵,̵ ̵E̵x̵c̵e̵p̵t̵T̵.̵mk, liftM, monadLift, ̵M̵o̵n̵a̵d̵L̵i̵f̵t̵.̵m̵o̵n̵a̵d̵L̵i̵f̵t̵,̵
      M̲o̲n̲a̲d̲L̲i̲f̲t̲.̲m̲o̲n̲a̲d̲L̲i̲f̲t̲,̲ ̲ExceptT.lift, ExceptT.bindCont, ExceptT.pure, Functor.map, EStateM.map,
      EStateM.run, EStateM.bind, EStateM.pure, pure, Pure.pure,
  ̵  ̵ ̵ ̵Bool.true_and, Bool.and_true]

Note: This linter can be disabled with `set_option linter.unusedSimpArgs false`
warning: Vsa/Sim/MemStore.lean:1731:24: This simp argument is unused:
  ExceptT.mk

Hint: Omit it from the simp argument list.
  simp only [LeanRV64DExecutable.SailME.run, LeanRV64DExecutable.SailME.throw,
      Sail.ConcurrencyInterfaceV1.PreSail.PreSailME.run, ExceptT.run,
      Sail.ConcurrencyInterfaceV1.PreSail.PreSailME.throw,
  ̵  ̵ ̵ ̵bind, ExceptT.bind, E̵x̵c̵e̵p̵t̵T̵.̵m̵k̵,̵ ̵liftM, monadLift, ̵M̵o̵n̵a̵d̵L̵i̵f̵t̵.̵m̵o̵n̵a̵d̵L̵i̵f̵t̵,̵
      M̲o̲n̲a̲d̲L̲i̲f̲t̲.̲m̲o̲n̲a̲d̲L̲i̲f̲t̲,̲ ̲ExceptT.lift, ExceptT.bindCont, ExceptT.pure, Functor.map, EStateM.map,
      EStateM.run, EStateM.bind, EStateM.pure, pure, Pure.pure,
  ̵  ̵ ̵ ̵Bool.true_and, Bool.and_true]

Note: This linter can be disabled with `set_option linter.unusedSimpArgs false`
warning: Vsa/Sim/MemStore.lean:1731:36: This simp argument is unused:
  liftM

Hint: Omit it from the simp argument list.
  simp only [LeanRV64DExecutable.SailME.run, LeanRV64DExecutable.SailME.throw,
      Sail.ConcurrencyInterfaceV1.PreSail.PreSailME.run, ExceptT.run,
      Sail.ConcurrencyInterfaceV1.PreSail.PreSailME.throw,
  ̵  ̵ ̵ ̵bind, ExceptT.bind, ExceptT.mk, l̵i̵f̵t̵M̵,̵ ̵monadLift, ̵M̵o̵n̵a̵d̵L̵i̵f̵t̵.̵m̵o̵n̵a̵d̵L̵i̵f̵t̵,̵
      M̲o̲n̲a̲d̲L̲i̲f̲t̲.̲m̲o̲n̲a̲d̲L̲i̲f̲t̲,̲ ̲ExceptT.lift, ExceptT.bindCont, ExceptT.pure, Functor.map, EStateM.map,
      EStateM.run, EStateM.bind, EStateM.pure, pure, Pure.pure,
  ̵  ̵ ̵ ̵Bool.true_and, Bool.and_true]

Note: This linter can be disabled with `set_option linter.unusedSimpArgs false`
warning: Vsa/Sim/MemStore.lean:1731:43: This simp argument is unused:
  monadLift

Hint: Omit it from the simp argument list.
  simp only [LeanRV64DExecutable.SailME.run, LeanRV64DExecutable.SailME.throw,
      Sail.ConcurrencyInterfaceV1.PreSail.PreSailME.run, ExceptT.run,
      Sail.ConcurrencyInterfaceV1.PreSail.PreSailME.throw,
  ̵  ̵ ̵ ̵bind, ExceptT.bind, ExceptT.mk, liftM, ̵m̵o̵n̵a̵d̵L̵i̵f̵t̵,̵ ̵M̵o̵n̵a̵d̵L̵i̵f̵t̵.̵m̵o̵n̵a̵d̵L̵i̵f̵t̵,̵
      M̲o̲n̲a̲d̲L̲i̲f̲t̲.̲m̲o̲n̲a̲d̲L̲i̲f̲t̲,̲ ̲ExceptT.lift, ExceptT.bindCont, ExceptT.pure, Functor.map, EStateM.map,
      EStateM.run, EStateM.bind, EStateM.pure, pure, Pure.pure,
  ̵  ̵ ̵ ̵Bool.true_and, Bool.and_true]

Note: This linter can be disabled with `set_option linter.unusedSimpArgs false`
warning: Vsa/Sim/MemStore.lean:1731:54: This simp argument is unused:
  MonadLift.monadLift

Hint: Omit it from the simp argument list.
  simp only [LeanRV64DExecutable.SailME.run, LeanRV64DExecutable.SailME.throw,
      Sail.ConcurrencyInterfaceV1.PreSail.PreSailME.run, ExceptT.run,
      Sail.ConcurrencyInterfaceV1.PreSail.PreSailME.throw,
  ̵  ̵ ̵ ̵bind, ExceptT.bind, ExceptT.mk, liftM, ̵m̵o̵n̵a̵d̵L̵i̵f̵t̵,̵ ̵M̵o̵n̵a̵d̵L̵i̵f̵t̵.̵m̵o̵n̵a̵d̵L̵i̵f̵t̵,̵
      m̲o̲n̲a̲d̲L̲i̲f̲t̲,̲ ̲ExceptT.lift, ExceptT.bindCont, ExceptT.pure, Functor.map, EStateM.map,
  ̵  ̵ ̵ ̵EStateM.run,
  ̲  ̲ ̲ ̲EStateM.bind, EStateM.pure, pure, Pure.pure,
  ̵  ̵ ̵ ̵Bool.true_and, Bool.and_true]

Note: This linter can be disabled with `set_option linter.unusedSimpArgs false`
warning: Vsa/Sim/MemStore.lean:1732:4: This simp argument is unused:
  ExceptT.lift

Hint: Omit it from the simp argument list.
  simp only [LeanRV64DExecutable.SailME.run, LeanRV64DExecutable.SailME.throw,
      Sail.ConcurrencyInterfaceV1.PreSail.PreSailME.run, ExceptT.run,
      Sail.ConcurrencyInterfaceV1.PreSail.PreSailME.throw,
  ̵  ̵ ̵ ̵bind, ExceptT.bind, ExceptT.mk, liftM, ̵m̵o̵n̵a̵d̵L̵i̵f̵t̵,̵ ̵M̵o̵n̵a̵d̵L̵i̵f̵t̵.̵m̵o̵n̵a̵d̵L̵i̵f̵t̵,̵
      E̵x̵c̵e̵p̵m̲o̲n̲a̲d̲L̲i̲f̲tT̵,̲ ̲M̲o̲n̲a̲d̲L̲i̲f̲t̲.l̵m̲o̲n̲a̲d̲L̲ift, ExceptT.bindCont, ExceptT.pure, Functor.map, EStateM.map,
      EStateM.run, EStateM.bind, EStateM.pure, pure, Pure.pure,
  ̵  ̵ ̵ ̵Bool.true_and, Bool.and_true]

Note: This linter can be disabled with `set_option linter.unusedSimpArgs false`
warning: Vsa/Sim/MemStore.lean:1732:36: This simp argument is unused:
  ExceptT.pure

Hint: Omit it from the simp argument list.
  simp only [LeanRV64DExecutable.SailME.run, LeanRV64DExecutable.SailME.throw,
      Sail.ConcurrencyInterfaceV1.PreSail.PreSailME.run, ExceptT.run,
      Sail.ConcurrencyInterfaceV1.PreSail.PreSailME.throw, bind, ExceptT.bind, ExceptT.mk, liftM,
  ̲  ̲ ̲ ̲monadLift, MonadLift.monadLift, ExceptT.lift, ExceptT.bindCont, E̵x̵c̵e̵p̵t̵T̵.̵p̵u̵r̵e̵,̵ ̵Functor.map, EStateM.map,
      EStateM.run, EStateM.bind, EStateM.pure, pure, Pure.pure, Bool.true_and, Bool.and_true]

Note: This linter can be disabled with `set_option linter.unusedSimpArgs false`
warning: Vsa/Sim/MemStore.lean:1732:50: This simp argument is unused:
  Functor.map

Hint: Omit it from the simp argument list.
  simp only [LeanRV64DExecutable.SailME.run, LeanRV64DExecutable.SailME.throw,
      Sail.ConcurrencyInterfaceV1.PreSail.PreSailME.run, ExceptT.run,
      Sail.ConcurrencyInterfaceV1.PreSail.PreSailME.throw,
  ̵  ̵ ̵ ̵bind, ExceptT.bind, ExceptT.mk, liftM, ̵m̵o̵n̵a̵d̵L̵i̵f̵t̵,̵ ̵M̵o̵n̵a̵d̵L̵i̵f̵t̵.̵m̵o̵n̵a̵d̵L̵i̵f̵t̵,̵
      m̲o̲n̲a̲d̲L̲i̲f̲t̲,̲ ̲M̲o̲n̲a̲d̲L̲i̲f̲t̲.̲m̲o̲n̲a̲d̲L̲i̲f̲t̲,̲ ̲ExceptT.lift, ExceptT.bindCont, ExceptT.pure, F̵u̵n̵c̵t̵o̵r̵.̵m̵a̵p̵,̵ ̵EStateM.map,
      EStateM.run, EStateM.bind, EStateM.pure, pure, Pure.pure,
  ̵  ̵ ̵ ̵Bool.true_and, Bool.and_true]

Note: This linter can be disabled with `set_option linter.unusedSimpArgs false`
warning: Vsa/Sim/MemStore.lean:1732:63: This simp argument is unused:
  EStateM.map

Hint: Omit it from the simp argument list.
  simp only [LeanRV64DExecutable.SailME.run, LeanRV64DExecutable.SailME.throw,
      Sail.ConcurrencyInterfaceV1.PreSail.PreSailME.run, ExceptT.run,
      Sail.ConcurrencyInterfaceV1.PreSail.PreSailME.throw,
  ̵  ̵ ̵ ̵bind, ExceptT.bind, ExceptT.mk, liftM, ̵m̵o̵n̵a̵d̵L̵i̵f̵t̵,̵ ̵M̵o̵n̵a̵d̵L̵i̵f̵t̵.̵m̵o̵n̵a̵d̵L̵i̵f̵t̵,̵
      m̲o̲n̲a̲d̲L̲i̲f̲t̲,̲ ̲M̲o̲n̲a̲d̲L̲i̲f̲t̲.̲m̲o̲n̲a̲d̲L̲i̲f̲t̲,̲ ̲ExceptT.lift, ExceptT.bindCont, ExceptT.pure, Functor.map, ̵E̵S̵t̵a̵t̵e̵M̵.̵m̵a̵p̵,̵
      EStateM.run, EStateM.bind, EStateM.pure, pure, Pure.pure,
  ̵  ̵ ̵ ̵Bool.true_and, Bool.and_true]

Note: This linter can be disabled with `set_option linter.unusedSimpArgs false`
warning: Vsa/Sim/MemStore.lean:1733:4: This simp argument is unused:
  EStateM.run

Hint: Omit it from the simp argument list.
  simp only [LeanRV64DExecutable.SailME.run, LeanRV64DExecutable.SailME.throw,
      Sail.ConcurrencyInterfaceV1.PreSail.PreSailME.run, ExceptT.run,
      Sail.ConcurrencyInterfaceV1.PreSail.PreSailME.throw, bind, ExceptT.bind, ExceptT.mk, liftM,
  ̲  ̲ ̲ ̲monadLift, MonadLift.monadLift, ExceptT.lift, ExceptT.bindCont, ExceptT.pure, Functor.map,
  ̲  ̲ ̲ ̲EStateM.map, E̵S̵t̵a̵t̵e̵M̵.̵r̵u̵n̵,̵ ̵EStateM.bind, EStateM.pure, pure, Pure.pure, Bool.true_and, Bool.and_true]

Note: This linter can be disabled with `set_option linter.unusedSimpArgs false`
warning: Vsa/Sim/MemStore.lean:1788:4: This simp argument is unused:
  Bool.not_true

Hint: Omit it from the simp argument list.
  simp only [LeanRV64DExecutable.SailME.run, LeanRV64DExecutable.SailME.throw,
      Sail.ConcurrencyInterfaceV1.PreSail.PreSailME.run, ExceptT.run,
      Sail.ConcurrencyInterfaceV1.PreSail.PreSailME.throw,
  ̵  ̵ ̵ ̵bind, ExceptT.bind, ExceptT.mk, liftM, ̵m̵o̵n̵a̵d̵L̵i̵f̵t̵,̵ ̵M̵o̵n̵a̵d̵L̵i̵f̵t̵.̵m̵o̵n̵a̵d̵L̵i̵f̵t̵,̵
      m̲o̲n̲a̲d̲L̲i̲f̲t̲,̲ ̲M̲o̲n̲a̲d̲L̲i̲f̲t̲.̲m̲o̲n̲a̲d̲L̲i̲f̲t̲,̲ ̲ExceptT.lift, ExceptT.bindCont, ExceptT.pure, Functor.map,
  ̲  ̲ ̲ ̲EStateM.map,
  ̵  ̵ ̵ ̵EStateM.run, EStateM.bind, pure, EStateM.pure,
  ̵  ̵ ̵ ̵is_aligned_vaddr, bits_of_virtaddr,
  ̲  ̲ ̲ ̲sys_misaligned_order_decreasing,
  ̵  ̵ ̵ ̵is_store_conditional, Functions.not,
      show (!((BitVec.toNatInt a).tmod ((2 ̲: ̲Nat) ̲: ̲Int) == 0)) = false from by
         ̲ ̲rw [show ((2 ̲: ̲Nat) ̲: ̲Int) = (2 ̲: ̲Int) from rfl, htmod]; rfl,
      Bool.n̵o̵t̵_̵t̵r̵u̵e̵,̵ ̵B̵o̵o̵l̵.̵false_and, Bool.and_false, if_false, if_true,
  ̵  ̵ ̵ ̵Bool.false_eq_true]

Note: This linter can be disabled with `set_option linter.unusedSimpArgs false`
warning: Vsa/Sim/MemStore.lean:1788:35: This simp argument is unused:
  Bool.and_false

Hint: Omit it from the simp argument list.
  simp only [LeanRV64DExecutable.SailME.run, LeanRV64DExecutable.SailME.throw,
      Sail.ConcurrencyInterfaceV1.PreSail.PreSailME.run, ExceptT.run,
      Sail.ConcurrencyInterfaceV1.PreSail.PreSailME.throw,
  ̵  ̵ ̵ ̵bind, ExceptT.bind, ExceptT.mk, liftM, ̵m̵o̵n̵a̵d̵L̵i̵f̵t̵,̵ ̵M̵o̵n̵a̵d̵L̵i̵f̵t̵.̵m̵o̵n̵a̵d̵L̵i̵f̵t̵,̵
      m̲o̲n̲a̲d̲L̲i̲f̲t̲,̲ ̲M̲o̲n̲a̲d̲L̲i̲f̲t̲.̲m̲o̲n̲a̲d̲L̲i̲f̲t̲,̲ ̲ExceptT.lift, ExceptT.bindCont, ExceptT.pure, Functor.map,
  ̲  ̲ ̲ ̲EStateM.map,
  ̵  ̵ ̵ ̵EStateM.run, EStateM.bind, pure, EStateM.pure,
  ̵  ̵ ̵ ̵is_aligned_vaddr, bits_of_virtaddr,
  ̲  ̲ ̲ ̲sys_misaligned_order_decreasing,
  ̵  ̵ ̵ ̵is_store_conditional, Functions.not,
      show (!((BitVec.toNatInt a).tmod ((2 ̲: ̲Nat) ̲: ̲Int) == 0)) = false from by
         ̲ ̲rw [show ((2 ̲: ̲Nat) ̲: ̲Int) = (2 ̲: ̲Int) from rfl, htmod]; rfl,
      Bool.not_true, Bool.false_and, B̵o̵o̵l̵.̵a̵n̵d̵_̵f̵a̵l̵s̵e̵,̵ ̵if_false, if_true,
  ̵  ̵ ̵ ̵Bool.false_eq_true]

Note: This linter can be disabled with `set_option linter.unusedSimpArgs false`
warning: Vsa/Sim/MemStore.lean:1788:61: This simp argument is unused:
  if_true

Hint: Omit it from the simp argument list.
  simp only [LeanRV64DExecutable.SailME.run, LeanRV64DExecutable.SailME.throw,
      Sail.ConcurrencyInterfaceV1.PreSail.PreSailME.run, ExceptT.run,
      Sail.ConcurrencyInterfaceV1.PreSail.PreSailME.throw,
  ̵  ̵ ̵ ̵bind, ExceptT.bind, ExceptT.mk, liftM, ̵m̵o̵n̵a̵d̵L̵i̵f̵t̵,̵ ̵M̵o̵n̵a̵d̵L̵i̵f̵t̵.̵m̵o̵n̵a̵d̵L̵i̵f̵t̵,̵
      m̲o̲n̲a̲d̲L̲i̲f̲t̲,̲ ̲M̲o̲n̲a̲d̲L̲i̲f̲t̲.̲m̲o̲n̲a̲d̲L̲i̲f̲t̲,̲ ̲ExceptT.lift, ExceptT.bindCont, ExceptT.pure, Functor.map,
  ̲  ̲ ̲ ̲EStateM.map,
  ̵  ̵ ̵ ̵EStateM.run, EStateM.bind, pure, EStateM.pure,
  ̵  ̵ ̵ ̵is_aligned_vaddr, bits_of_virtaddr,
  ̲  ̲ ̲ ̲sys_misaligned_order_decreasing,
  ̵  ̵ ̵ ̵is_store_conditional, Functions.not,
      show (!((BitVec.toNatInt a).tmod ((2 ̲: ̲Nat) ̲: ̲Int) == 0)) = false from by
         ̲ ̲rw [show ((2 ̲: ̲Nat) ̲: ̲Int) = (2 ̲: ̲Int) from rfl, htmod]; rfl,
      Bool.not_true, Bool.false_and, Bool.and_false, if_false, i̵f̵_̵t̵r̵u̵e̵,̵
  ̵ ̵ ̵ ̵ ̵Bool.false_eq_true]

Note: This linter can be disabled with `set_option linter.unusedSimpArgs false`
warning: Vsa/Sim/MemStore.lean:1795:13: This simp argument is unused:
  bind

Hint: Omit it from the simp argument list.
  simp only [b̵i̵n̵d̵,̵ ̵Bind.bind, EStateM.bind, EStateM.pure, ExceptT.bindCont, EStateM.map]

Note: This linter can be disabled with `set_option linter.unusedSimpArgs false`
warning: Vsa/Sim/MemStore.lean:1795:19: This simp argument is unused:
  Bind.bind

Hint: Omit it from the simp argument list.
  simp only [bind, B̵i̵n̵d̵.̵b̵i̵n̵d̵,̵ ̵EStateM.bind, EStateM.pure, ExceptT.bindCont, EStateM.map]

Note: This linter can be disabled with `set_option linter.unusedSimpArgs false`
warning: Vsa/Sim/MemStore.lean:1795:44: This simp argument is unused:
  EStateM.pure

Hint: Omit it from the simp argument list.
  simp only [bind, Bind.bind, EStateM.bind, ES̵t̵a̵t̵e̵M̵.̵p̵u̵r̵e̵,̵ ̵E̵xceptT.bindCont, EStateM.map]

Note: This linter can be disabled with `set_option linter.unusedSimpArgs false`
warning: Vsa/Sim/MemStore.lean:1797:18: This simp argument is unused:
  bind

Hint: Omit it from the simp argument list.
  simp only [bne, b̵i̵n̵d̵,̵ ̵Bind.bind, EStateM.bind, EStateM.pure, ExceptT.bindCont, EStateM.map,
      show (SATPMode.Bare != SATPMode.Bare) = false from by decide, Bool.false_and, Bool.and_false,
  ̲  ̲ ̲ ̲if_false, Bool.false_eq_true]

Note: This linter can be disabled with `set_option linter.unusedSimpArgs false`
warning: Vsa/Sim/MemStore.lean:1797:24: This simp argument is unused:
  Bind.bind

Hint: Omit it from the simp argument list.
  simp only [bne, bind, B̵i̵n̵d̵.̵b̵i̵n̵d̵,̵ ̵EStateM.bind, EStateM.pure, ExceptT.bindCont, EStateM.map,
      show (SATPMode.Bare != SATPMode.Bare) = false from by decide, Bool.false_and, Bool.and_false,
  ̲  ̲ ̲ ̲if_false, Bool.false_eq_true]

Note: This linter can be disabled with `set_option linter.unusedSimpArgs false`
warning: Vsa/Sim/MemStore.lean:1798:4: This simp argument is unused:
  show (SATPMode.Bare != SATPMode.Bare) = false from by decide

Hint: Omit it from the simp argument list.
  simp only [bne, bind, Bind.bind, EStateM.bind, EStateM.pure, ExceptT.bindCont, EStateM.map,
      s̵h̵o̵w̵ ̵(̵S̵A̵T̵P̵M̵o̵d̵e̵.̵B̵a̵r̵e̵ ̵!̵=̵ ̵S̵A̵T̵P̵M̵o̵d̵e̵.̵B̵a̵r̵e̵)̵ ̵=̵ ̵f̵a̵l̵s̵e̵ ̵f̵r̵o̵m̵ ̵b̵y̵ ̵d̵e̵c̵i̵d̵e̵,̵Bool.false_and, Bool.and_false, if_false, Bool.false_eq_true]

Note: This linter can be disabled with `set_option linter.unusedSimpArgs false`
warning: Vsa/Sim/MemStore.lean:1799:4: This simp argument is unused:
  Bool.false_and

Hint: Omit it from the simp argument list.
  simp only [bne, bind, Bind.bind, EStateM.bind, EStateM.pure, ExceptT.bindCont, EStateM.map,
      show (SATPMode.Bare != SATPMode.Bare) = false from by decide,
  ̵  ̵ ̵ ̵Bool.f̵al̵s̵e̵_̵a̵nd,̵ ̵B̵o̵o̵l̵.̵a̵n̵d̵_false, if_false,
  ̲  ̲ ̲ ̲Bool.false_eq_true]

Note: This linter can be disabled with `set_option linter.unusedSimpArgs false`
warning: Vsa/Sim/MemStore.lean:1799:20: This simp argument is unused:
  Bool.and_false

Hint: Omit it from the simp argument list.
  simp only [bne, bind, Bind.bind, EStateM.bind, EStateM.pure, ExceptT.bindCont, EStateM.map,
      show (SATPMode.Bare != SATPMode.Bare) = false from by decide,
  ̵  ̵ ̵ ̵Bool.false_̵a̵n̵d̵_̲a̲n̲d̲, B̵o̵o̵l̵.̵a̵n̵d̵_̵f̵a̵l̵s̵e̵,̵ ̵if_false,
  ̲  ̲ ̲ ̲Bool.false_eq_true]

Note: This linter can be disabled with `set_option linter.unusedSimpArgs false`
warning: Vsa/Sim/MemStore.lean:1799:36: This simp argument is unused:
  if_false

Hint: Omit it from the simp argument list.
  simp only [bne, bind, Bind.bind, EStateM.bind, EStateM.pure, ExceptT.bindCont, EStateM.map,
      show (SATPMode.Bare != SATPMode.Bare) = false from by decide, Bool.false_and, Bool.and_false,
  ̲  ̲ ̲ ̲i̵f̵_̵f̵a̵l̵s̵e̵,̵ ̵Bool.false_eq_true]

Note: This linter can be disabled with `set_option linter.unusedSimpArgs false`
warning: Vsa/Sim/MemStore.lean:1799:46: This simp argument is unused:
  Bool.false_eq_true

Hint: Omit it from the simp argument list.
  simp only [bne, bind, Bind.bind, EStateM.bind, EStateM.pure, ExceptT.bindCont, EStateM.map,
      show (SATPMode.Bare != SATPMode.Bare) = false from by decide, Bool.false_and, Bool.and_false,
  ̲  ̲ ̲ ̲i̵f̵_̵f̵a̵l̵s̵e̵,̵ ̵B̵o̵o̵l̵.̵f̵a̵l̵s̵e̵_̵e̵q̵_̵t̵r̵u̵e̵]̵i̲f̲_̲f̲a̲l̲s̲e̲]̲

Note: This linter can be disabled with `set_option linter.unusedSimpArgs false`
warning: Vsa/Sim/MemStore.lean:1801:27: This simp argument is unused:
  EStateM.pure

Hint: Omit it from the simp argument list.
  simp only [EStateM.bind, ES̵t̵a̵t̵e̵M̵.̵p̵u̵r̵e̵,̵ ̵E̵xceptT.bindCont, EStateM.map, hze,
  ̵  ̵ ̵ ̵LeanRV64DExecutable.assert,
  ̲  ̲ ̲ ̲PreSail.assert,
  ̵  ̵ ̵ ̵show ((false : Bool) == false) = true from by decide, if_true,
  ̵  ̵ ̵ ̵Bool.and_false,
  ̲  ̲ ̲ ̲Bool.false_and, if_false, Bool.false_eq_true]

Note: This linter can be disabled with `set_option linter.unusedSimpArgs false`
warning: Vsa/Sim/MemStore.lean:1804:4: This simp argument is unused:
  Bool.and_false

Hint: Omit it from the simp argument list.
  simp only [EStateM.bind, EStateM.pure, ExceptT.bindCont, EStateM.map, hze,
      LeanRV64DExecutable.assert, PreSail.assert,
      show ((false : Bool) == false) = true from by decide, if_true,
  ̵  ̵ ̵ ̵Bool.a̵n̵d̵_̵false,̵ ̵B̵o̵o̵l̵.̵f̵a̵l̵s̵e̵_and, if_false,
  ̲  ̲ ̲ ̲Bool.false_eq_true]

Note: This linter can be disabled with `set_option linter.unusedSimpArgs false`
warning: Vsa/Sim/MemStore.lean:1804:20: This simp argument is unused:
  Bool.false_and

Hint: Omit it from the simp argument list.
  simp only [EStateM.bind, EStateM.pure, ExceptT.bindCont, EStateM.map, hze,
      LeanRV64DExecutable.assert, PreSail.assert,
      show ((false : Bool) == false) = true from by decide, if_true,
  ̵  ̵ ̵ ̵Bool.a̵n̵d̵_̵a̲n̲d̲_̲false, B̵o̵o̵l̵.̵f̵a̵l̵s̵e̵_̵a̵n̵d̵,̵ ̵if_false,
  ̲  ̲ ̲ ̲Bool.false_eq_true]

Note: This linter can be disabled with `set_option linter.unusedSimpArgs false`
warning: Vsa/Sim/MemStore.lean:1804:36: This simp argument is unused:
  if_false

Hint: Omit it from the simp argument list.
  simp only [EStateM.bind, EStateM.pure, ExceptT.bindCont, EStateM.map, hze,
      LeanRV64DExecutable.assert, PreSail.assert,
      show ((false : Bool) == false) = true from by decide, if_true, Bool.and_false, Bool.false_and,
  ̲  ̲ ̲ ̲i̵f̵_̵f̵a̵l̵s̵e̵,̵ ̵Bool.false_eq_true]

Note: This linter can be disabled with `set_option linter.unusedSimpArgs false`
warning: Vsa/Sim/MemStore.lean:1804:46: This simp argument is unused:
  Bool.false_eq_true

Hint: Omit it from the simp argument list.
  simp only [EStateM.bind, EStateM.pure, ExceptT.bindCont, EStateM.map, hze,
      LeanRV64DExecutable.assert, PreSail.assert,
      show ((false : Bool) == false) = true from by decide, if_true, Bool.and_false, Bool.false_and,
  ̲  ̲ ̲ ̲i̵f̵_̵f̵a̵l̵s̵e̵,̵ ̵B̵o̵o̵l̵.̵f̵a̵l̵s̵e̵_̵e̵q̵_̵t̵r̵u̵e̵]̵i̲f̲_̲f̲a̲l̲s̲e̲]̲

Note: This linter can be disabled with `set_option linter.unusedSimpArgs false`
warning: Vsa/Sim/MemStore.lean:1805:13: This simp argument is unused:
  bind

Hint: Omit it from the simp argument list.
  simp only [b̵i̵n̵d̵,̵ ̵Bind.bind, pure, Pure.pure, EStateM.bind, EStateM.pure, ExceptT.bindCont,
  ̵  ̵ ̵ ̵EStateM.map,
  ̲  ̲ ̲ ̲ite_self, show ((2 ̲: ̲Nat) ̲: ̲Int).toNat = 2 from by decide,
      show (!(SATPMode.Bare == SATPMode.Bare) && (0 : Int) ̵>b ̵0) = false from by decide]

Note: This linter can be disabled with `set_option linter.unusedSimpArgs false`
warning: Vsa/Sim/MemStore.lean:1805:19: This simp argument is unused:
  Bind.bind

Hint: Omit it from the simp argument list.
  simp only [bind, B̵i̵n̵d̵.̵b̵i̵n̵d̵,̵ ̵pure, Pure.pure, EStateM.bind, EStateM.pure, ExceptT.bindCont,
  ̵  ̵ ̵ ̵EStateM.map,
  ̲  ̲ ̲ ̲ite_self, show ((2 ̲: ̲Nat) ̲: ̲Int).toNat = 2 from by decide,
      show (!(SATPMode.Bare == SATPMode.Bare) && (0 : Int) ̵>b ̵0) = false from by decide]

Note: This linter can be disabled with `set_option linter.unusedSimpArgs false`
warning: Vsa/Sim/MemStore.lean:1809:27: This simp argument is unused:
  EStateM.pure

Hint: Omit it from the simp argument list.
  simp only [EStateM.bind, ES̵t̵a̵t̵e̵M̵.̵p̵u̵r̵e̵,̵ ̵E̵xceptT.bindCont, EStateM.map]

Note: This linter can be disabled with `set_option linter.unusedSimpArgs false`
warning: Vsa/Sim/MemStore.lean:1823:13: This simp argument is unused:
  LeanRV64DExecutable.SailME.run

Hint: Omit it from the simp argument list.
  simp only [LeanRV64DExecutable.SailME.r̵u̵n̵,̵ ̵L̵e̵a̵n̵R̵V̵6̵4̵D̵E̵x̵e̵c̵u̵ta̵b̵l̵e̵.̵S̵a̵i̵l̵M̵E̵.̵t̵hrow,
  ̵  ̵ ̵ ̵Sail.ConcurrencyInterfaceV1.PreSail.PreSailME.run,
  ̲  ̲ ̲ ̲ExceptT.run,
  ̵  ̵ ̵ ̵Sail.ConcurrencyInterfaceV1.PreSail.PreSailME.throw,
  ̵  ̵ ̵ ̵bind, ExceptT.bind,
  ̲  ̲ ̲ ̲ExceptT.mk, liftM, monadLift, MonadLift.monadLift,
  ̵  ̵ ̵ ̵ExceptT.lift, ExceptT.bindCont, ExceptT.pure,
  ̲  ̲ ̲ ̲Functor.map, EStateM.map,
  ̵  ̵ ̵ ̵EStateM.run, EStateM.bind, EStateM.pure, pure, Pure.pure,
      Bool.true_and, Bool.and_true]

Note: This linter can be disabled with `set_option linter.unusedSimpArgs false`
warning: Vsa/Sim/MemStore.lean:1823:45: This simp argument is unused:
  LeanRV64DExecutable.SailME.throw

Hint: Omit it from the simp argument list.
  simp only [LeanRV64DExecutable.SailME.run, L̵e̵a̵n̵R̵V̵6̵4̵D̵E̵x̵e̵c̵u̵t̵a̵b̵l̵e̵.̵SailM̵E̵.t̵h̵r̵o̵w̵,̵
  ̵ ̵ ̵ ̵ ̵S̵a̵i̵l̵.̵ConcurrencyInterfaceV1.PreSail.PreSailME.run,
  ̲  ̲ ̲ ̲ExceptT.run,
  ̵  ̵ ̵ ̵Sail.ConcurrencyInterfaceV1.PreSail.PreSailME.throw,
  ̵  ̵ ̵ ̵bind, ExceptT.bind,
  ̲  ̲ ̲ ̲ExceptT.mk, liftM, monadLift, MonadLift.monadLift,
  ̵  ̵ ̵ ̵ExceptT.lift, ExceptT.bindCont, ExceptT.pure,
  ̲  ̲ ̲ ̲Functor.map, EStateM.map,
  ̵  ̵ ̵ ̵EStateM.run, EStateM.bind, EStateM.pure, pure, Pure.pure,
      Bool.true_and, Bool.and_true]

Note: This linter can be disabled with `set_option linter.unusedSimpArgs false`
warning: Vsa/Sim/MemStore.lean:1824:4: This simp argument is unused:
  Sail.ConcurrencyInterfaceV1.PreSail.PreSailME.run

Hint: Omit it from the simp argument list.
  simp only [LeanRV64DExecutable.SailME.run, LeanRV64DExecutable.SailME.throw, S̵a̵i̵l̵.̵C̵o̵n̵c̵u̵r̵r̵e̵n̵c̵y̵I̵n̵t̵e̵r̵f̵a̵c̵e̵V̵1̵.̵P̵r̵e̵S̵a̵i̵l̵.̵P̵r̵e̵S̵a̵i̵l̵M̵E̵.̵r̵u̵n̵,̵ ̵ExceptT.run,
      Sail.ConcurrencyInterfaceV1.PreSail.PreSailME.throw, bind, ExceptT.bind, ExceptT.mk, liftM,
  ̲  ̲ ̲ ̲monadLift, MonadLift.monadLift, ExceptT.lift, ExceptT.bindCont, ExceptT.pure, Functor.map,
  ̲  ̲ ̲ ̲EStateM.map, EStateM.run, EStateM.bind, EStateM.pure, pure, Pure.pure, Bool.true_and,
  ̲  ̲ ̲ ̲Bool.and_true]

Note: This linter can be disabled with `set_option linter.unusedSimpArgs false`
warning: Vsa/Sim/MemStore.lean:1824:55: This simp argument is unused:
  ExceptT.run

Hint: Omit it from the simp argument list.
  simp only [LeanRV64DExecutable.SailME.run, LeanRV64DExecutable.SailME.throw,
      Sail.ConcurrencyInterfaceV1.PreSail.PreSailME.run,
  ̲  ̲ ̲ ̲E̵x̵c̵e̵p̵t̵T̵.̵r̵u̵n̵,̵Sail.ConcurrencyInterfaceV1.PreSail.PreSailME.throw, bind, ExceptT.bind, ExceptT.mk, liftM,
  ̲  ̲ ̲ ̲monadLift, MonadLift.monadLift, ExceptT.lift, ExceptT.bindCont, ExceptT.pure, Functor.map,
  ̲  ̲ ̲ ̲EStateM.map, EStateM.run, EStateM.bind, EStateM.pure, pure, Pure.pure, Bool.true_and,
      Bool.and_true]

Note: This linter can be disabled with `set_option linter.unusedSimpArgs false`
warning: Vsa/Sim/MemStore.lean:1825:4: This simp argument is unused:
  Sail.ConcurrencyInterfaceV1.PreSail.PreSailME.throw

Hint: Omit it from the simp argument list.
  simp only [LeanRV64DExecutable.SailME.run, LeanRV64DExecutable.SailME.throw,
      Sail.ConcurrencyInterfaceV1.PreSail.PreSailME.run, ExceptT.run, S̵a̵i̵l̵.̵C̵o̵n̵c̵u̵r̵r̵e̵n̵c̵y̵I̵n̵t̵e̵r̵f̵a̵c̵e̵V̵1̵.̵P̵r̵e̵S̵a̵i̵l̵.̵P̵r̵e̵S̵a̵i̵l̵M̵E̵.̵t̵h̵r̵o̵w̵,̵bind, ExceptT.bind, ExceptT.mk,
  ̲  ̲ ̲ ̲liftM, monadLift, MonadLift.monadLift, ExceptT.lift, ExceptT.bindCont, ExceptT.pure,
  ̲  ̲ ̲ ̲Functor.map, EStateM.map, EStateM.run, EStateM.bind, EStateM.pure, pure, Pure.pure,
  ̲  ̲ ̲ ̲Bool.true_and, Bool.and_true]

Note: This linter can be disabled with `set_option linter.unusedSimpArgs false`
warning: Vsa/Sim/MemStore.lean:1826:4: This simp argument is unused:
  bind

Hint: Omit it from the simp argument list.
  simp only [LeanRV64DExecutable.SailME.run, LeanRV64DExecutable.SailME.throw,
      Sail.ConcurrencyInterfaceV1.PreSail.PreSailME.run, ExceptT.run,
      Sail.ConcurrencyInterfaceV1.PreSail.PreSailME.throw,
  ̵  ̵ ̵ ̵b̵i̵n̵d̵,̵ ̵ExceptT.bind, ExceptT.mk, liftM, monadLift, ̵M̵o̵n̵a̵d̵L̵i̵f̵t̵.̵m̵o̵n̵a̵d̵L̵i̵f̵t̵,̵
      M̲o̲n̲a̲d̲L̲i̲f̲t̲.̲m̲o̲n̲a̲d̲L̲i̲f̲t̲,̲ ̲ExceptT.lift, ExceptT.bindCont, ExceptT.pure, Functor.map, EStateM.map,
      EStateM.run, EStateM.bind, EStateM.pure, pure, Pure.pure,
  ̵  ̵ ̵ ̵Bool.true_and, Bool.and_true]

Note: This linter can be disabled with `set_option linter.unusedSimpArgs false`
warning: Vsa/Sim/MemStore.lean:1826:10: This simp argument is unused:
  ExceptT.bind

Hint: Omit it from the simp argument list.
  simp only [LeanRV64DExecutable.SailME.run, LeanRV64DExecutable.SailME.throw,
      Sail.ConcurrencyInterfaceV1.PreSail.PreSailME.run, ExceptT.run,
      Sail.ConcurrencyInterfaceV1.PreSail.PreSailME.throw,
  ̵  ̵ ̵ ̵bind, ExceptT.b̵i̵n̵d̵,̵ ̵E̵x̵c̵e̵p̵t̵T̵.̵mk, liftM, monadLift, ̵M̵o̵n̵a̵d̵L̵i̵f̵t̵.̵m̵o̵n̵a̵d̵L̵i̵f̵t̵,̵
      M̲o̲n̲a̲d̲L̲i̲f̲t̲.̲m̲o̲n̲a̲d̲L̲i̲f̲t̲,̲ ̲ExceptT.lift, ExceptT.bindCont, ExceptT.pure, Functor.map, EStateM.map,
      EStateM.run, EStateM.bind, EStateM.pure, pure, Pure.pure,
  ̵  ̵ ̵ ̵Bool.true_and, Bool.and_true]

Note: This linter can be disabled with `set_option linter.unusedSimpArgs false`
warning: Vsa/Sim/MemStore.lean:1826:24: This simp argument is unused:
  ExceptT.mk

Hint: Omit it from the simp argument list.
  simp only [LeanRV64DExecutable.SailME.run, LeanRV64DExecutable.SailME.throw,
      Sail.ConcurrencyInterfaceV1.PreSail.PreSailME.run, ExceptT.run,
      Sail.ConcurrencyInterfaceV1.PreSail.PreSailME.throw,
  ̵  ̵ ̵ ̵bind, ExceptT.bind, E̵x̵c̵e̵p̵t̵T̵.̵m̵k̵,̵ ̵liftM, monadLift, ̵M̵o̵n̵a̵d̵L̵i̵f̵t̵.̵m̵o̵n̵a̵d̵L̵i̵f̵t̵,̵
      M̲o̲n̲a̲d̲L̲i̲f̲t̲.̲m̲o̲n̲a̲d̲L̲i̲f̲t̲,̲ ̲ExceptT.lift, ExceptT.bindCont, ExceptT.pure, Functor.map, EStateM.map,
      EStateM.run, EStateM.bind, EStateM.pure, pure, Pure.pure,
  ̵  ̵ ̵ ̵Bool.true_and, Bool.and_true]

Note: This linter can be disabled with `set_option linter.unusedSimpArgs false`
warning: Vsa/Sim/MemStore.lean:1826:36: This simp argument is unused:
  liftM

Hint: Omit it from the simp argument list.
  simp only [LeanRV64DExecutable.SailME.run, LeanRV64DExecutable.SailME.throw,
      Sail.ConcurrencyInterfaceV1.PreSail.PreSailME.run, ExceptT.run,
      Sail.ConcurrencyInterfaceV1.PreSail.PreSailME.throw,
  ̵  ̵ ̵ ̵bind, ExceptT.bind, ExceptT.mk, l̵i̵f̵t̵M̵,̵ ̵monadLift, ̵M̵o̵n̵a̵d̵L̵i̵f̵t̵.̵m̵o̵n̵a̵d̵L̵i̵f̵t̵,̵
      M̲o̲n̲a̲d̲L̲i̲f̲t̲.̲m̲o̲n̲a̲d̲L̲i̲f̲t̲,̲ ̲ExceptT.lift, ExceptT.bindCont, ExceptT.pure, Functor.map, EStateM.map,
      EStateM.run, EStateM.bind, EStateM.pure, pure, Pure.pure,
  ̵  ̵ ̵ ̵Bool.true_and, Bool.and_true]

Note: This linter can be disabled with `set_option linter.unusedSimpArgs false`
warning: Vsa/Sim/MemStore.lean:1826:43: This simp argument is unused:
  monadLift

Hint: Omit it from the simp argument list.
  simp only [LeanRV64DExecutable.SailME.run, LeanRV64DExecutable.SailME.throw,
      Sail.ConcurrencyInterfaceV1.PreSail.PreSailME.run, ExceptT.run,
      Sail.ConcurrencyInterfaceV1.PreSail.PreSailME.throw,
  ̵  ̵ ̵ ̵bind, ExceptT.bind, ExceptT.mk, liftM, ̵m̵o̵n̵a̵d̵L̵i̵f̵t̵,̵ ̵M̵o̵n̵a̵d̵L̵i̵f̵t̵.̵m̵o̵n̵a̵d̵L̵i̵f̵t̵,̵
      M̲o̲n̲a̲d̲L̲i̲f̲t̲.̲m̲o̲n̲a̲d̲L̲i̲f̲t̲,̲ ̲ExceptT.lift, ExceptT.bindCont, ExceptT.pure, Functor.map, EStateM.map,
      EStateM.run, EStateM.bind, EStateM.pure, pure, Pure.pure,
  ̵  ̵ ̵ ̵Bool.true_and, Bool.and_true]

Note: This linter can be disabled with `set_option linter.unusedSimpArgs false`
warning: Vsa/Sim/MemStore.lean:1826:54: This simp argument is unused:
  MonadLift.monadLift

Hint: Omit it from the simp argument list.
  simp only [LeanRV64DExecutable.SailME.run, LeanRV64DExecutable.SailME.throw,
      Sail.ConcurrencyInterfaceV1.PreSail.PreSailME.run, ExceptT.run,
      Sail.ConcurrencyInterfaceV1.PreSail.PreSailME.throw,
  ̵  ̵ ̵ ̵bind, ExceptT.bind, ExceptT.mk, liftM, ̵m̵o̵n̵a̵d̵L̵i̵f̵t̵,̵ ̵M̵o̵n̵a̵d̵L̵i̵f̵t̵.̵m̵o̵n̵a̵d̵L̵i̵f̵t̵,̵
      m̲o̲n̲a̲d̲L̲i̲f̲t̲,̲ ̲ExceptT.lift, ExceptT.bindCont, ExceptT.pure, Functor.map, EStateM.map,
  ̵  ̵ ̵ ̵EStateM.run,
  ̲  ̲ ̲ ̲EStateM.bind, EStateM.pure, pure, Pure.pure,
  ̵  ̵ ̵ ̵Bool.true_and, Bool.and_true]

Note: This linter can be disabled with `set_option linter.unusedSimpArgs false`
warning: Vsa/Sim/MemStore.lean:1827:4: This simp argument is unused:
  ExceptT.lift

Hint: Omit it from the simp argument list.
  simp only [LeanRV64DExecutable.SailME.run, LeanRV64DExecutable.SailME.throw,
      Sail.ConcurrencyInterfaceV1.PreSail.PreSailME.run, ExceptT.run,
      Sail.ConcurrencyInterfaceV1.PreSail.PreSailME.throw,
  ̵  ̵ ̵ ̵bind, ExceptT.bind, ExceptT.mk, liftM, ̵m̵o̵n̵a̵d̵L̵i̵f̵t̵,̵ ̵M̵o̵n̵a̵d̵L̵i̵f̵t̵.̵m̵o̵n̵a̵d̵L̵i̵f̵t̵,̵
      E̵x̵c̵e̵p̵m̲o̲n̲a̲d̲L̲i̲f̲tT̵,̲ ̲M̲o̲n̲a̲d̲L̲i̲f̲t̲.l̵m̲o̲n̲a̲d̲L̲ift, ExceptT.bindCont, ExceptT.pure, Functor.map, EStateM.map,
      EStateM.run, EStateM.bind, EStateM.pure, pure, Pure.pure,
  ̵  ̵ ̵ ̵Bool.true_and, Bool.and_true]

Note: This linter can be disabled with `set_option linter.unusedSimpArgs false`
warning: Vsa/Sim/MemStore.lean:1827:36: This simp argument is unused:
  ExceptT.pure

Hint: Omit it from the simp argument list.
  simp only [LeanRV64DExecutable.SailME.run, LeanRV64DExecutable.SailME.throw,
      Sail.ConcurrencyInterfaceV1.PreSail.PreSailME.run, ExceptT.run,
      Sail.ConcurrencyInterfaceV1.PreSail.PreSailME.throw, bind, ExceptT.bind, ExceptT.mk, liftM,
  ̲  ̲ ̲ ̲monadLift, MonadLift.monadLift, ExceptT.lift, ExceptT.bindCont, E̵x̵c̵e̵p̵t̵T̵.̵p̵u̵r̵e̵,̵ ̵Functor.map, EStateM.map,
      EStateM.run, EStateM.bind, EStateM.pure, pure, Pure.pure, Bool.true_and, Bool.and_true]

Note: This linter can be disabled with `set_option linter.unusedSimpArgs false`
warning: Vsa/Sim/MemStore.lean:1827:50: This simp argument is unused:
  Functor.map

Hint: Omit it from the simp argument list.
  simp only [LeanRV64DExecutable.SailME.run, LeanRV64DExecutable.SailME.throw,
      Sail.ConcurrencyInterfaceV1.PreSail.PreSailME.run, ExceptT.run,
      Sail.ConcurrencyInterfaceV1.PreSail.PreSailME.throw,
  ̵  ̵ ̵ ̵bind, ExceptT.bind, ExceptT.mk, liftM, ̵m̵o̵n̵a̵d̵L̵i̵f̵t̵,̵ ̵M̵o̵n̵a̵d̵L̵i̵f̵t̵.̵m̵o̵n̵a̵d̵L̵i̵f̵t̵,̵
      m̲o̲n̲a̲d̲L̲i̲f̲t̲,̲ ̲M̲o̲n̲a̲d̲L̲i̲f̲t̲.̲m̲o̲n̲a̲d̲L̲i̲f̲t̲,̲ ̲ExceptT.lift, ExceptT.bindCont, ExceptT.pure, F̵u̵n̵c̵t̵o̵r̵.̵m̵a̵p̵,̵ ̵EStateM.map,
      EStateM.run, EStateM.bind, EStateM.pure, pure, Pure.pure,
  ̵  ̵ ̵ ̵Bool.true_and, Bool.and_true]

Note: This linter can be disabled with `set_option linter.unusedSimpArgs false`
warning: Vsa/Sim/MemStore.lean:1827:63: This simp argument is unused:
  EStateM.map

Hint: Omit it from the simp argument list.
  simp only [LeanRV64DExecutable.SailME.run, LeanRV64DExecutable.SailME.throw,
      Sail.ConcurrencyInterfaceV1.PreSail.PreSailME.run, ExceptT.run,
      Sail.ConcurrencyInterfaceV1.PreSail.PreSailME.throw,
  ̵  ̵ ̵ ̵bind, ExceptT.bind, ExceptT.mk, liftM, ̵m̵o̵n̵a̵d̵L̵i̵f̵t̵,̵ ̵M̵o̵n̵a̵d̵L̵i̵f̵t̵.̵m̵o̵n̵a̵d̵L̵i̵f̵t̵,̵
      m̲o̲n̲a̲d̲L̲i̲f̲t̲,̲ ̲M̲o̲n̲a̲d̲L̲i̲f̲t̲.̲m̲o̲n̲a̲d̲L̲i̲f̲t̲,̲ ̲ExceptT.lift, ExceptT.bindCont, ExceptT.pure, Functor.map, ̵E̵S̵t̵a̵t̵e̵M̵.̵m̵a̵p̵,̵
      EStateM.run, EStateM.bind, EStateM.pure, pure, Pure.pure,
  ̵  ̵ ̵ ̵Bool.true_and, Bool.and_true]

Note: This linter can be disabled with `set_option linter.unusedSimpArgs false`
warning: Vsa/Sim/MemStore.lean:1828:4: This simp argument is unused:
  EStateM.run

Hint: Omit it from the simp argument list.
  simp only [LeanRV64DExecutable.SailME.run, LeanRV64DExecutable.SailME.throw,
      Sail.ConcurrencyInterfaceV1.PreSail.PreSailME.run, ExceptT.run,
      Sail.ConcurrencyInterfaceV1.PreSail.PreSailME.throw, bind, ExceptT.bind, ExceptT.mk, liftM,
  ̲  ̲ ̲ ̲monadLift, MonadLift.monadLift, ExceptT.lift, ExceptT.bindCont, ExceptT.pure, Functor.map,
  ̲  ̲ ̲ ̲EStateM.map, E̵S̵t̵a̵t̵e̵M̵.̵r̵u̵n̵,̵ ̵EStateM.bind, EStateM.pure, pure, Pure.pure, Bool.true_and, Bool.and_true]

Note: This linter can be disabled with `set_option linter.unusedSimpArgs false`
warning: Vsa/Sim/MemStore.lean:1877:36: This simp argument is unused:
  EStateM.bind

Hint: Omit it from the simp argument list.
  simp only [hintra, if_true, bind, EStateM.b̵i̵n̵d̵,̵ ̵E̵S̵t̵a̵t̵e̵M̵.̵run, pure, EStateM.pure]

Note: This linter can be disabled with `set_option linter.unusedSimpArgs false`
warning: Vsa/Sim/MemStore.lean:1944:4: This simp argument is unused:
  Bool.not_true

Hint: Omit it from the simp argument list.
  simp only [LeanRV64DExecutable.SailME.run, LeanRV64DExecutable.SailME.throw,
      Sail.ConcurrencyInterfaceV1.PreSail.PreSailME.run, ExceptT.run,
      Sail.ConcurrencyInterfaceV1.PreSail.PreSailME.throw,
  ̵  ̵ ̵ ̵bind, ExceptT.bind, ExceptT.mk, liftM, ̵m̵o̵n̵a̵d̵L̵i̵f̵t̵,̵ ̵M̵o̵n̵a̵d̵L̵i̵f̵t̵.̵m̵o̵n̵a̵d̵L̵i̵f̵t̵,̵
      m̲o̲n̲a̲d̲L̲i̲f̲t̲,̲ ̲M̲o̲n̲a̲d̲L̲i̲f̲t̲.̲m̲o̲n̲a̲d̲L̲i̲f̲t̲,̲ ̲ExceptT.lift, ExceptT.bindCont, ExceptT.pure, Functor.map,
  ̲  ̲ ̲ ̲EStateM.map,
  ̵  ̵ ̵ ̵EStateM.run, EStateM.bind, pure, EStateM.pure,
  ̵  ̵ ̵ ̵is_aligned_vaddr, bits_of_virtaddr,
  ̲  ̲ ̲ ̲sys_misaligned_order_decreasing,
  ̵  ̵ ̵ ̵is_store_conditional, Functions.not,
      show (!((BitVec.toNatInt a).tmod ((w ̲: ̲Nat) ̲: ̲Int) == 0)) = false from by
         ̲ ̲rw [show ((w ̲: ̲Nat) ̲: ̲Int) = (w ̲: ̲Int) from rfl, htmod]; rfl,
      Bool.n̵o̵t̵_̵t̵r̵u̵e̵,̵ ̵B̵o̵o̵l̵.̵false_and, Bool.and_false, if_false, if_true,
  ̵  ̵ ̵ ̵Bool.false_eq_true]

Note: This linter can be disabled with `set_option linter.unusedSimpArgs false`
warning: Vsa/Sim/MemStore.lean:1944:35: This simp argument is unused:
  Bool.and_false

Hint: Omit it from the simp argument list.
  simp only [LeanRV64DExecutable.SailME.run, LeanRV64DExecutable.SailME.throw,
      Sail.ConcurrencyInterfaceV1.PreSail.PreSailME.run, ExceptT.run,
      Sail.ConcurrencyInterfaceV1.PreSail.PreSailME.throw,
  ̵  ̵ ̵ ̵bind, ExceptT.bind, ExceptT.mk, liftM, ̵m̵o̵n̵a̵d̵L̵i̵f̵t̵,̵ ̵M̵o̵n̵a̵d̵L̵i̵f̵t̵.̵m̵o̵n̵a̵d̵L̵i̵f̵t̵,̵
      m̲o̲n̲a̲d̲L̲i̲f̲t̲,̲ ̲M̲o̲n̲a̲d̲L̲i̲f̲t̲.̲m̲o̲n̲a̲d̲L̲i̲f̲t̲,̲ ̲ExceptT.lift, ExceptT.bindCont, ExceptT.pure, Functor.map,
  ̲  ̲ ̲ ̲EStateM.map,
  ̵  ̵ ̵ ̵EStateM.run, EStateM.bind, pure, EStateM.pure,
  ̵  ̵ ̵ ̵is_aligned_vaddr, bits_of_virtaddr,
  ̲  ̲ ̲ ̲sys_misaligned_order_decreasing,
  ̵  ̵ ̵ ̵is_store_conditional, Functions.not,
      show (!((BitVec.toNatInt a).tmod ((w ̲: ̲Nat) ̲: ̲Int) == 0)) = false from by
         ̲ ̲rw [show ((w ̲: ̲Nat) ̲: ̲Int) = (w ̲: ̲Int) from rfl, htmod]; rfl,
      Bool.not_true, Bool.false_and, B̵o̵o̵l̵.̵a̵n̵d̵_̵f̵a̵l̵s̵e̵,̵ ̵if_false, if_true,
  ̵  ̵ ̵ ̵Bool.false_eq_true]

Note: This linter can be disabled with `set_option linter.unusedSimpArgs false`
warning: Vsa/Sim/MemStore.lean:1944:61: This simp argument is unused:
  if_true

Hint: Omit it from the simp argument list.
  simp only [LeanRV64DExecutable.SailME.run, LeanRV64DExecutable.SailME.throw,
      Sail.ConcurrencyInterfaceV1.PreSail.PreSailME.run, ExceptT.run,
      Sail.ConcurrencyInterfaceV1.PreSail.PreSailME.throw,
  ̵  ̵ ̵ ̵bind, ExceptT.bind, ExceptT.mk, liftM, ̵m̵o̵n̵a̵d̵L̵i̵f̵t̵,̵ ̵M̵o̵n̵a̵d̵L̵i̵f̵t̵.̵m̵o̵n̵a̵d̵L̵i̵f̵t̵,̵
      m̲o̲n̲a̲d̲L̲i̲f̲t̲,̲ ̲M̲o̲n̲a̲d̲L̲i̲f̲t̲.̲m̲o̲n̲a̲d̲L̲i̲f̲t̲,̲ ̲ExceptT.lift, ExceptT.bindCont, ExceptT.pure, Functor.map,
  ̲  ̲ ̲ ̲EStateM.map,
  ̵  ̵ ̵ ̵EStateM.run, EStateM.bind, pure, EStateM.pure,
  ̵  ̵ ̵ ̵is_aligned_vaddr, bits_of_virtaddr,
  ̲  ̲ ̲ ̲sys_misaligned_order_decreasing,
  ̵  ̵ ̵ ̵is_store_conditional, Functions.not,
      show (!((BitVec.toNatInt a).tmod ((w ̲: ̲Nat) ̲: ̲Int) == 0)) = false from by
         ̲ ̲rw [show ((w ̲: ̲Nat) ̲: ̲Int) = (w ̲: ̲Int) from rfl, htmod]; rfl,
      Bool.not_true, Bool.false_and, Bool.and_false, if_false, i̵f̵_̵t̵r̵u̵e̵,̵
  ̵ ̵ ̵ ̵ ̵Bool.false_eq_true]

Note: This linter can be disabled with `set_option linter.unusedSimpArgs false`
warning: Vsa/Sim/MemStore.lean:1951:13: This simp argument is unused:
  bind

Hint: Omit it from the simp argument list.
  simp only [b̵i̵n̵d̵,̵ ̵Bind.bind, EStateM.bind, EStateM.pure, ExceptT.bindCont, EStateM.map]

Note: This linter can be disabled with `set_option linter.unusedSimpArgs false`
warning: Vsa/Sim/MemStore.lean:1951:19: This simp argument is unused:
  Bind.bind

Hint: Omit it from the simp argument list.
  simp only [bind, B̵i̵n̵d̵.̵b̵i̵n̵d̵,̵ ̵EStateM.bind, EStateM.pure, ExceptT.bindCont, EStateM.map]

Note: This linter can be disabled with `set_option linter.unusedSimpArgs false`
warning: Vsa/Sim/MemStore.lean:1951:44: This simp argument is unused:
  EStateM.pure

Hint: Omit it from the simp argument list.
  simp only [bind, Bind.bind, EStateM.bind, ES̵t̵a̵t̵e̵M̵.̵p̵u̵r̵e̵,̵ ̵E̵xceptT.bindCont, EStateM.map]

Note: This linter can be disabled with `set_option linter.unusedSimpArgs false`
warning: Vsa/Sim/MemStore.lean:1953:18: This simp argument is unused:
  bind

Hint: Omit it from the simp argument list.
  simp only [bne, b̵i̵n̵d̵,̵ ̵Bind.bind, EStateM.bind, EStateM.pure, ExceptT.bindCont, EStateM.map,
      show (SATPMode.Bare != SATPMode.Bare) = false from by decide, Bool.false_and, Bool.and_false,
  ̲  ̲ ̲ ̲if_false, Bool.false_eq_true]

Note: This linter can be disabled with `set_option linter.unusedSimpArgs false`
warning: Vsa/Sim/MemStore.lean:1953:24: This simp argument is unused:
  Bind.bind

Hint: Omit it from the simp argument list.
  simp only [bne, bind, B̵i̵n̵d̵.̵b̵i̵n̵d̵,̵ ̵EStateM.bind, EStateM.pure, ExceptT.bindCont, EStateM.map,
      show (SATPMode.Bare != SATPMode.Bare) = false from by decide, Bool.false_and, Bool.and_false,
  ̲  ̲ ̲ ̲if_false, Bool.false_eq_true]

Note: This linter can be disabled with `set_option linter.unusedSimpArgs false`
warning: Vsa/Sim/MemStore.lean:1954:4: This simp argument is unused:
  show (SATPMode.Bare != SATPMode.Bare) = false from by decide

Hint: Omit it from the simp argument list.
  simp only [bne, bind, Bind.bind, EStateM.bind, EStateM.pure, ExceptT.bindCont, EStateM.map,
      s̵h̵o̵w̵ ̵(̵S̵A̵T̵P̵M̵o̵d̵e̵.̵B̵a̵r̵e̵ ̵!̵=̵ ̵S̵A̵T̵P̵M̵o̵d̵e̵.̵B̵a̵r̵e̵)̵ ̵=̵ ̵f̵a̵l̵s̵e̵ ̵f̵r̵o̵m̵ ̵b̵y̵ ̵d̵e̵c̵i̵d̵e̵,̵Bool.false_and, Bool.and_false, if_false, Bool.false_eq_true]

Note: This linter can be disabled with `set_option linter.unusedSimpArgs false`
warning: Vsa/Sim/MemStore.lean:1955:4: This simp argument is unused:
  Bool.false_and

Hint: Omit it from the simp argument list.
  simp only [bne, bind, Bind.bind, EStateM.bind, EStateM.pure, ExceptT.bindCont, EStateM.map,
      show (SATPMode.Bare != SATPMode.Bare) = false from by decide,
  ̵  ̵ ̵ ̵Bool.f̵al̵s̵e̵_̵a̵nd,̵ ̵B̵o̵o̵l̵.̵a̵n̵d̵_false, if_false,
  ̲  ̲ ̲ ̲Bool.false_eq_true]

Note: This linter can be disabled with `set_option linter.unusedSimpArgs false`
warning: Vsa/Sim/MemStore.lean:1955:20: This simp argument is unused:
  Bool.and_false

Hint: Omit it from the simp argument list.
  simp only [bne, bind, Bind.bind, EStateM.bind, EStateM.pure, ExceptT.bindCont, EStateM.map,
      show (SATPMode.Bare != SATPMode.Bare) = false from by decide,
  ̵  ̵ ̵ ̵Bool.false_̵a̵n̵d̵_̲a̲n̲d̲, B̵o̵o̵l̵.̵a̵n̵d̵_̵f̵a̵l̵s̵e̵,̵ ̵if_false,
  ̲  ̲ ̲ ̲Bool.false_eq_true]

Note: This linter can be disabled with `set_option linter.unusedSimpArgs false`
warning: Vsa/Sim/MemStore.lean:1955:36: This simp argument is unused:
  if_false

Hint: Omit it from the simp argument list.
  simp only [bne, bind, Bind.bind, EStateM.bind, EStateM.pure, ExceptT.bindCont, EStateM.map,
      show (SATPMode.Bare != SATPMode.Bare) = false from by decide, Bool.false_and, Bool.and_false,
  ̲  ̲ ̲ ̲i̵f̵_̵f̵a̵l̵s̵e̵,̵ ̵Bool.false_eq_true]

Note: This linter can be disabled with `set_option linter.unusedSimpArgs false`
warning: Vsa/Sim/MemStore.lean:1955:46: This simp argument is unused:
  Bool.false_eq_true

Hint: Omit it from the simp argument list.
  simp only [bne, bind, Bind.bind, EStateM.bind, EStateM.pure, ExceptT.bindCont, EStateM.map,
      show (SATPMode.Bare != SATPMode.Bare) = false from by decide, Bool.false_and, Bool.and_false,
  ̲  ̲ ̲ ̲i̵f̵_̵f̵a̵l̵s̵e̵,̵ ̵B̵o̵o̵l̵.̵f̵a̵l̵s̵e̵_̵e̵q̵_̵t̵r̵u̵e̵]̵i̲f̲_̲f̲a̲l̲s̲e̲]̲

Note: This linter can be disabled with `set_option linter.unusedSimpArgs false`
warning: Vsa/Sim/MemStore.lean:1957:27: This simp argument is unused:
  EStateM.pure

Hint: Omit it from the simp argument list.
  simp only [EStateM.bind, ES̵t̵a̵t̵e̵M̵.̵p̵u̵r̵e̵,̵ ̵E̵xceptT.bindCont, EStateM.map, hze,
  ̵  ̵ ̵ ̵LeanRV64DExecutable.assert,
  ̲  ̲ ̲ ̲PreSail.assert,
  ̵  ̵ ̵ ̵show ((false : Bool) == false) = true from by decide, if_true,
  ̵  ̵ ̵ ̵Bool.and_false,
  ̲  ̲ ̲ ̲Bool.false_and, if_false, Bool.false_eq_true]

Note: This linter can be disabled with `set_option linter.unusedSimpArgs false`
warning: Vsa/Sim/MemStore.lean:1960:4: This simp argument is unused:
  Bool.and_false

Hint: Omit it from the simp argument list.
  simp only [EStateM.bind, EStateM.pure, ExceptT.bindCont, EStateM.map, hze,
      LeanRV64DExecutable.assert, PreSail.assert,
      show ((false : Bool) == false) = true from by decide, if_true,
  ̵  ̵ ̵ ̵Bool.a̵n̵d̵_̵false,̵ ̵B̵o̵o̵l̵.̵f̵a̵l̵s̵e̵_and, if_false,
  ̲  ̲ ̲ ̲Bool.false_eq_true]

Note: This linter can be disabled with `set_option linter.unusedSimpArgs false`
warning: Vsa/Sim/MemStore.lean:1960:20: This simp argument is unused:
  Bool.false_and

Hint: Omit it from the simp argument list.
  simp only [EStateM.bind, EStateM.pure, ExceptT.bindCont, EStateM.map, hze,
      LeanRV64DExecutable.assert, PreSail.assert,
      show ((false : Bool) == false) = true from by decide, if_true,
  ̵  ̵ ̵ ̵Bool.a̵n̵d̵_̵a̲n̲d̲_̲false, B̵o̵o̵l̵.̵f̵a̵l̵s̵e̵_̵a̵n̵d̵,̵ ̵if_false,
  ̲  ̲ ̲ ̲Bool.false_eq_true]

Note: This linter can be disabled with `set_option linter.unusedSimpArgs false`
warning: Vsa/Sim/MemStore.lean:1960:36: This simp argument is unused:
  if_false

Hint: Omit it from the simp argument list.
  simp only [EStateM.bind, EStateM.pure, ExceptT.bindCont, EStateM.map, hze,
      LeanRV64DExecutable.assert, PreSail.assert,
      show ((false : Bool) == false) = true from by decide, if_true, Bool.and_false, Bool.false_and,
  ̲  ̲ ̲ ̲i̵f̵_̵f̵a̵l̵s̵e̵,̵ ̵Bool.false_eq_true]

Note: This linter can be disabled with `set_option linter.unusedSimpArgs false`
warning: Vsa/Sim/MemStore.lean:1960:46: This simp argument is unused:
  Bool.false_eq_true

Hint: Omit it from the simp argument list.
  simp only [EStateM.bind, EStateM.pure, ExceptT.bindCont, EStateM.map, hze,
      LeanRV64DExecutable.assert, PreSail.assert,
      show ((false : Bool) == false) = true from by decide, if_true, Bool.and_false, Bool.false_and,
  ̲  ̲ ̲ ̲i̵f̵_̵f̵a̵l̵s̵e̵,̵ ̵B̵o̵o̵l̵.̵f̵a̵l̵s̵e̵_̵e̵q̵_̵t̵r̵u̵e̵]̵i̲f̲_̲f̲a̲l̲s̲e̲]̲

Note: This linter can be disabled with `set_option linter.unusedSimpArgs false`
warning: Vsa/Sim/MemStore.lean:1961:13: This simp argument is unused:
  bind

Hint: Omit it from the simp argument list.
  simp only [b̵i̵n̵d̵,̵ ̵Bind.bind, pure, Pure.pure, EStateM.bind, EStateM.pure, ExceptT.bindCont,
  ̵  ̵ ̵ ̵EStateM.map,
  ̲  ̲ ̲ ̲ite_self, Int.toNat_natCast,
      show (!(SATPMode.Bare == SATPMode.Bare) && (0 : Int) ̵>b ̵0) = false from by decide]

Note: This linter can be disabled with `set_option linter.unusedSimpArgs false`
warning: Vsa/Sim/MemStore.lean:1961:19: This simp argument is unused:
  Bind.bind

Hint: Omit it from the simp argument list.
  simp only [bind, B̵i̵n̵d̵.̵b̵i̵n̵d̵,̵ ̵pure, Pure.pure, EStateM.bind, EStateM.pure, ExceptT.bindCont,
  ̵  ̵ ̵ ̵EStateM.map,
  ̲  ̲ ̲ ̲ite_self, Int.toNat_natCast,
      show (!(SATPMode.Bare == SATPMode.Bare) && (0 : Int) ̵>b ̵0) = false from by decide]

Note: This linter can be disabled with `set_option linter.unusedSimpArgs false`
warning: Vsa/Sim/MemStore.lean:1965:27: This simp argument is unused:
  EStateM.pure

Hint: Omit it from the simp argument list.
  simp only [EStateM.bind, ES̵t̵a̵t̵e̵M̵.̵p̵u̵r̵e̵,̵ ̵E̵xceptT.bindCont, EStateM.map]

Note: This linter can be disabled with `set_option linter.unusedSimpArgs false`
warning: Vsa/Sim/MemStore.lean:1970:13: This simp argument is unused:
  LeanRV64DExecutable.SailME.run

Hint: Omit it from the simp argument list.
  simp only [LeanRV64DExecutable.SailME.r̵u̵n̵,̵ ̵L̵e̵a̵n̵R̵V̵6̵4̵D̵E̵x̵e̵c̵u̵ta̵b̵l̵e̵.̵S̵a̵i̵l̵M̵E̵.̵t̵hrow,
  ̵  ̵ ̵ ̵Sail.ConcurrencyInterfaceV1.PreSail.PreSailME.run,
  ̲  ̲ ̲ ̲ExceptT.run,
  ̵  ̵ ̵ ̵Sail.ConcurrencyInterfaceV1.PreSail.PreSailME.throw,
  ̵  ̵ ̵ ̵bind, ExceptT.bind,
  ̲  ̲ ̲ ̲ExceptT.mk, liftM, monadLift, MonadLift.monadLift,
  ̵  ̵ ̵ ̵ExceptT.lift, ExceptT.bindCont, ExceptT.pure,
  ̲  ̲ ̲ ̲Functor.map, EStateM.map,
  ̵  ̵ ̵ ̵EStateM.run, EStateM.bind, EStateM.pure, pure, Pure.pure,
      Bool.true_and, Bool.and_true]

Note: This linter can be disabled with `set_option linter.unusedSimpArgs false`
warning: Vsa/Sim/MemStore.lean:1970:45: This simp argument is unused:
  LeanRV64DExecutable.SailME.throw

Hint: Omit it from the simp argument list.
  simp only [LeanRV64DExecutable.SailME.run, L̵e̵a̵n̵R̵V̵6̵4̵D̵E̵x̵e̵c̵u̵t̵a̵b̵l̵e̵.̵SailM̵E̵.t̵h̵r̵o̵w̵,̵
  ̵ ̵ ̵ ̵ ̵S̵a̵i̵l̵.̵ConcurrencyInterfaceV1.PreSail.PreSailME.run,
  ̲  ̲ ̲ ̲ExceptT.run,
  ̵  ̵ ̵ ̵Sail.ConcurrencyInterfaceV1.PreSail.PreSailME.throw,
  ̵  ̵ ̵ ̵bind, ExceptT.bind,
  ̲  ̲ ̲ ̲ExceptT.mk, liftM, monadLift, MonadLift.monadLift,
  ̵  ̵ ̵ ̵ExceptT.lift, ExceptT.bindCont, ExceptT.pure,
  ̲  ̲ ̲ ̲Functor.map, EStateM.map,
  ̵  ̵ ̵ ̵EStateM.run, EStateM.bind, EStateM.pure, pure, Pure.pure,
      Bool.true_and, Bool.and_true]

Note: This linter can be disabled with `set_option linter.unusedSimpArgs false`
warning: Vsa/Sim/MemStore.lean:1971:4: This simp argument is unused:
  Sail.ConcurrencyInterfaceV1.PreSail.PreSailME.run

Hint: Omit it from the simp argument list.
  simp only [LeanRV64DExecutable.SailME.run, LeanRV64DExecutable.SailME.throw, S̵a̵i̵l̵.̵C̵o̵n̵c̵u̵r̵r̵e̵n̵c̵y̵I̵n̵t̵e̵r̵f̵a̵c̵e̵V̵1̵.̵P̵r̵e̵S̵a̵i̵l̵.̵P̵r̵e̵S̵a̵i̵l̵M̵E̵.̵r̵u̵n̵,̵ ̵ExceptT.run,
      Sail.ConcurrencyInterfaceV1.PreSail.PreSailME.throw, bind, ExceptT.bind, ExceptT.mk, liftM,
  ̲  ̲ ̲ ̲monadLift, MonadLift.monadLift, ExceptT.lift, ExceptT.bindCont, ExceptT.pure, Functor.map,
  ̲  ̲ ̲ ̲EStateM.map, EStateM.run, EStateM.bind, EStateM.pure, pure, Pure.pure, Bool.true_and,
  ̲  ̲ ̲ ̲Bool.and_true]

Note: This linter can be disabled with `set_option linter.unusedSimpArgs false`
warning: Vsa/Sim/MemStore.lean:1971:55: This simp argument is unused:
  ExceptT.run

Hint: Omit it from the simp argument list.
  simp only [LeanRV64DExecutable.SailME.run, LeanRV64DExecutable.SailME.throw,
      Sail.ConcurrencyInterfaceV1.PreSail.PreSailME.run,
  ̲  ̲ ̲ ̲E̵x̵c̵e̵p̵t̵T̵.̵r̵u̵n̵,̵Sail.ConcurrencyInterfaceV1.PreSail.PreSailME.throw, bind, ExceptT.bind, ExceptT.mk, liftM,
  ̲  ̲ ̲ ̲monadLift, MonadLift.monadLift, ExceptT.lift, ExceptT.bindCont, ExceptT.pure, Functor.map,
  ̲  ̲ ̲ ̲EStateM.map, EStateM.run, EStateM.bind, EStateM.pure, pure, Pure.pure, Bool.true_and,
      Bool.and_true]

Note: This linter can be disabled with `set_option linter.unusedSimpArgs false`
warning: Vsa/Sim/MemStore.lean:1972:4: This simp argument is unused:
  Sail.ConcurrencyInterfaceV1.PreSail.PreSailME.throw

Hint: Omit it from the simp argument list.
  simp only [LeanRV64DExecutable.SailME.run, LeanRV64DExecutable.SailME.throw,
      Sail.ConcurrencyInterfaceV1.PreSail.PreSailME.run, ExceptT.run, S̵a̵i̵l̵.̵C̵o̵n̵c̵u̵r̵r̵e̵n̵c̵y̵I̵n̵t̵e̵r̵f̵a̵c̵e̵V̵1̵.̵P̵r̵e̵S̵a̵i̵l̵.̵P̵r̵e̵S̵a̵i̵l̵M̵E̵.̵t̵h̵r̵o̵w̵,̵bind, ExceptT.bind, ExceptT.mk,
  ̲  ̲ ̲ ̲liftM, monadLift, MonadLift.monadLift, ExceptT.lift, ExceptT.bindCont, ExceptT.pure,
  ̲  ̲ ̲ ̲Functor.map, EStateM.map, EStateM.run, EStateM.bind, EStateM.pure, pure, Pure.pure,
  ̲  ̲ ̲ ̲Bool.true_and, Bool.and_true]

Note: This linter can be disabled with `set_option linter.unusedSimpArgs false`
warning: Vsa/Sim/MemStore.lean:1973:4: This simp argument is unused:
  bind

Hint: Omit it from the simp argument list.
  simp only [LeanRV64DExecutable.SailME.run, LeanRV64DExecutable.SailME.throw,
      Sail.ConcurrencyInterfaceV1.PreSail.PreSailME.run, ExceptT.run,
      Sail.ConcurrencyInterfaceV1.PreSail.PreSailME.throw,
  ̵  ̵ ̵ ̵b̵i̵n̵d̵,̵ ̵ExceptT.bind, ExceptT.mk, liftM, monadLift, ̵M̵o̵n̵a̵d̵L̵i̵f̵t̵.̵m̵o̵n̵a̵d̵L̵i̵f̵t̵,̵
      M̲o̲n̲a̲d̲L̲i̲f̲t̲.̲m̲o̲n̲a̲d̲L̲i̲f̲t̲,̲ ̲ExceptT.lift, ExceptT.bindCont, ExceptT.pure, Functor.map, EStateM.map,
      EStateM.run, EStateM.bind, EStateM.pure, pure, Pure.pure,
  ̵  ̵ ̵ ̵Bool.true_and, Bool.and_true]

Note: This linter can be disabled with `set_option linter.unusedSimpArgs false`
warning: Vsa/Sim/MemStore.lean:1973:10: This simp argument is unused:
  ExceptT.bind

Hint: Omit it from the simp argument list.
  simp only [LeanRV64DExecutable.SailME.run, LeanRV64DExecutable.SailME.throw,
      Sail.ConcurrencyInterfaceV1.PreSail.PreSailME.run, ExceptT.run,
      Sail.ConcurrencyInterfaceV1.PreSail.PreSailME.throw,
  ̵  ̵ ̵ ̵bind, ExceptT.b̵i̵n̵d̵,̵ ̵E̵x̵c̵e̵p̵t̵T̵.̵mk, liftM, monadLift, ̵M̵o̵n̵a̵d̵L̵i̵f̵t̵.̵m̵o̵n̵a̵d̵L̵i̵f̵t̵,̵
      M̲o̲n̲a̲d̲L̲i̲f̲t̲.̲m̲o̲n̲a̲d̲L̲i̲f̲t̲,̲ ̲ExceptT.lift, ExceptT.bindCont, ExceptT.pure, Functor.map, EStateM.map,
      EStateM.run, EStateM.bind, EStateM.pure, pure, Pure.pure,
  ̵  ̵ ̵ ̵Bool.true_and, Bool.and_true]

Note: This linter can be disabled with `set_option linter.unusedSimpArgs false`
warning: Vsa/Sim/MemStore.lean:1973:24: This simp argument is unused:
  ExceptT.mk

Hint: Omit it from the simp argument list.
  simp only [LeanRV64DExecutable.SailME.run, LeanRV64DExecutable.SailME.throw,
      Sail.ConcurrencyInterfaceV1.PreSail.PreSailME.run, ExceptT.run,
      Sail.ConcurrencyInterfaceV1.PreSail.PreSailME.throw,
  ̵  ̵ ̵ ̵bind, ExceptT.bind, E̵x̵c̵e̵p̵t̵T̵.̵m̵k̵,̵ ̵liftM, monadLift, ̵M̵o̵n̵a̵d̵L̵i̵f̵t̵.̵m̵o̵n̵a̵d̵L̵i̵f̵t̵,̵
      M̲o̲n̲a̲d̲L̲i̲f̲t̲.̲m̲o̲n̲a̲d̲L̲i̲f̲t̲,̲ ̲ExceptT.lift, ExceptT.bindCont, ExceptT.pure, Functor.map, EStateM.map,
      EStateM.run, EStateM.bind, EStateM.pure, pure, Pure.pure,
  ̵  ̵ ̵ ̵Bool.true_and, Bool.and_true]

Note: This linter can be disabled with `set_option linter.unusedSimpArgs false`
warning: Vsa/Sim/MemStore.lean:1973:36: This simp argument is unused:
  liftM

Hint: Omit it from the simp argument list.
  simp only [LeanRV64DExecutable.SailME.run, LeanRV64DExecutable.SailME.throw,
      Sail.ConcurrencyInterfaceV1.PreSail.PreSailME.run, ExceptT.run,
      Sail.ConcurrencyInterfaceV1.PreSail.PreSailME.throw,
  ̵  ̵ ̵ ̵bind, ExceptT.bind, ExceptT.mk, l̵i̵f̵t̵M̵,̵ ̵monadLift, ̵M̵o̵n̵a̵d̵L̵i̵f̵t̵.̵m̵o̵n̵a̵d̵L̵i̵f̵t̵,̵
      M̲o̲n̲a̲d̲L̲i̲f̲t̲.̲m̲o̲n̲a̲d̲L̲i̲f̲t̲,̲ ̲ExceptT.lift, ExceptT.bindCont, ExceptT.pure, Functor.map, EStateM.map,
      EStateM.run, EStateM.bind, EStateM.pure, pure, Pure.pure,
  ̵  ̵ ̵ ̵Bool.true_and, Bool.and_true]

Note: This linter can be disabled with `set_option linter.unusedSimpArgs false`
warning: Vsa/Sim/MemStore.lean:1973:43: This simp argument is unused:
  monadLift

Hint: Omit it from the simp argument list.
  simp only [LeanRV64DExecutable.SailME.run, LeanRV64DExecutable.SailME.throw,
      Sail.ConcurrencyInterfaceV1.PreSail.PreSailME.run, ExceptT.run,
      Sail.ConcurrencyInterfaceV1.PreSail.PreSailME.throw,
  ̵  ̵ ̵ ̵bind, ExceptT.bind, ExceptT.mk, liftM, ̵m̵o̵n̵a̵d̵L̵i̵f̵t̵,̵ ̵M̵o̵n̵a̵d̵L̵i̵f̵t̵.̵m̵o̵n̵a̵d̵L̵i̵f̵t̵,̵
      M̲o̲n̲a̲d̲L̲i̲f̲t̲.̲m̲o̲n̲a̲d̲L̲i̲f̲t̲,̲ ̲ExceptT.lift, ExceptT.bindCont, ExceptT.pure, Functor.map, EStateM.map,
      EStateM.run, EStateM.bind, EStateM.pure, pure, Pure.pure,
  ̵  ̵ ̵ ̵Bool.true_and, Bool.and_true]

Note: This linter can be disabled with `set_option linter.unusedSimpArgs false`
warning: Vsa/Sim/MemStore.lean:1973:54: This simp argument is unused:
  MonadLift.monadLift

Hint: Omit it from the simp argument list.
  simp only [LeanRV64DExecutable.SailME.run, LeanRV64DExecutable.SailME.throw,
      Sail.ConcurrencyInterfaceV1.PreSail.PreSailME.run, ExceptT.run,
      Sail.ConcurrencyInterfaceV1.PreSail.PreSailME.throw,
  ̵  ̵ ̵ ̵bind, ExceptT.bind, ExceptT.mk, liftM, ̵m̵o̵n̵a̵d̵L̵i̵f̵t̵,̵ ̵M̵o̵n̵a̵d̵L̵i̵f̵t̵.̵m̵o̵n̵a̵d̵L̵i̵f̵t̵,̵
      m̲o̲n̲a̲d̲L̲i̲f̲t̲,̲ ̲ExceptT.lift, ExceptT.bindCont, ExceptT.pure, Functor.map, EStateM.map,
  ̵  ̵ ̵ ̵EStateM.run,
  ̲  ̲ ̲ ̲EStateM.bind, EStateM.pure, pure, Pure.pure,
  ̵  ̵ ̵ ̵Bool.true_and, Bool.and_true]

Note: This linter can be disabled with `set_option linter.unusedSimpArgs false`
warning: Vsa/Sim/MemStore.lean:1974:4: This simp argument is unused:
  ExceptT.lift

Hint: Omit it from the simp argument list.
  simp only [LeanRV64DExecutable.SailME.run, LeanRV64DExecutable.SailME.throw,
      Sail.ConcurrencyInterfaceV1.PreSail.PreSailME.run, ExceptT.run,
      Sail.ConcurrencyInterfaceV1.PreSail.PreSailME.throw,
  ̵  ̵ ̵ ̵bind, ExceptT.bind, ExceptT.mk, liftM, ̵m̵o̵n̵a̵d̵L̵i̵f̵t̵,̵ ̵M̵o̵n̵a̵d̵L̵i̵f̵t̵.̵m̵o̵n̵a̵d̵L̵i̵f̵t̵,̵
      E̵x̵c̵e̵p̵m̲o̲n̲a̲d̲L̲i̲f̲tT̵,̲ ̲M̲o̲n̲a̲d̲L̲i̲f̲t̲.l̵m̲o̲n̲a̲d̲L̲ift, ExceptT.bindCont, ExceptT.pure, Functor.map, EStateM.map,
      EStateM.run, EStateM.bind, EStateM.pure, pure, Pure.pure,
  ̵  ̵ ̵ ̵Bool.true_and, Bool.and_true]

Note: This linter can be disabled with `set_option linter.unusedSimpArgs false`
warning: Vsa/Sim/MemStore.lean:1974:36: This simp argument is unused:
  ExceptT.pure

Hint: Omit it from the simp argument list.
  simp only [LeanRV64DExecutable.SailME.run, LeanRV64DExecutable.SailME.throw,
      Sail.ConcurrencyInterfaceV1.PreSail.PreSailME.run, ExceptT.run,
      Sail.ConcurrencyInterfaceV1.PreSail.PreSailME.throw, bind, ExceptT.bind, ExceptT.mk, liftM,
  ̲  ̲ ̲ ̲monadLift, MonadLift.monadLift, ExceptT.lift, ExceptT.bindCont, E̵x̵c̵e̵p̵t̵T̵.̵p̵u̵r̵e̵,̵ ̵Functor.map, EStateM.map,
      EStateM.run, EStateM.bind, EStateM.pure, pure, Pure.pure, Bool.true_and, Bool.and_true]

Note: This linter can be disabled with `set_option linter.unusedSimpArgs false`
warning: Vsa/Sim/MemStore.lean:1974:50: This simp argument is unused:
  Functor.map

Hint: Omit it from the simp argument list.
  simp only [LeanRV64DExecutable.SailME.run, LeanRV64DExecutable.SailME.throw,
      Sail.ConcurrencyInterfaceV1.PreSail.PreSailME.run, ExceptT.run,
      Sail.ConcurrencyInterfaceV1.PreSail.PreSailME.throw,
  ̵  ̵ ̵ ̵bind, ExceptT.bind, ExceptT.mk, liftM, ̵m̵o̵n̵a̵d̵L̵i̵f̵t̵,̵ ̵M̵o̵n̵a̵d̵L̵i̵f̵t̵.̵m̵o̵n̵a̵d̵L̵i̵f̵t̵,̵
      m̲o̲n̲a̲d̲L̲i̲f̲t̲,̲ ̲M̲o̲n̲a̲d̲L̲i̲f̲t̲.̲m̲o̲n̲a̲d̲L̲i̲f̲t̲,̲ ̲ExceptT.lift, ExceptT.bindCont, ExceptT.pure, F̵u̵n̵c̵t̵o̵r̵.̵m̵a̵p̵,̵ ̵EStateM.map,
      EStateM.run, EStateM.bind, EStateM.pure, pure, Pure.pure,
  ̵  ̵ ̵ ̵Bool.true_and, Bool.and_true]

Note: This linter can be disabled with `set_option linter.unusedSimpArgs false`
warning: Vsa/Sim/MemStore.lean:1974:63: This simp argument is unused:
  EStateM.map

Hint: Omit it from the simp argument list.
  simp only [LeanRV64DExecutable.SailME.run, LeanRV64DExecutable.SailME.throw,
      Sail.ConcurrencyInterfaceV1.PreSail.PreSailME.run, ExceptT.run,
      Sail.ConcurrencyInterfaceV1.PreSail.PreSailME.throw,
  ̵  ̵ ̵ ̵bind, ExceptT.bind, ExceptT.mk, liftM, ̵m̵o̵n̵a̵d̵L̵i̵f̵t̵,̵ ̵M̵o̵n̵a̵d̵L̵i̵f̵t̵.̵m̵o̵n̵a̵d̵L̵i̵f̵t̵,̵
      m̲o̲n̲a̲d̲L̲i̲f̲t̲,̲ ̲M̲o̲n̲a̲d̲L̲i̲f̲t̲.̲m̲o̲n̲a̲d̲L̲i̲f̲t̲,̲ ̲ExceptT.lift, ExceptT.bindCont, ExceptT.pure, Functor.map, ̵E̵S̵t̵a̵t̵e̵M̵.̵m̵a̵p̵,̵
      EStateM.run, EStateM.bind, EStateM.pure, pure, Pure.pure,
  ̵  ̵ ̵ ̵Bool.true_and, Bool.and_true]

Note: This linter can be disabled with `set_option linter.unusedSimpArgs false`
warning: Vsa/Sim/MemStore.lean:1975:4: This simp argument is unused:
  EStateM.run

Hint: Omit it from the simp argument list.
  simp only [LeanRV64DExecutable.SailME.run, LeanRV64DExecutable.SailME.throw,
      Sail.ConcurrencyInterfaceV1.PreSail.PreSailME.run, ExceptT.run,
      Sail.ConcurrencyInterfaceV1.PreSail.PreSailME.throw, bind, ExceptT.bind, ExceptT.mk, liftM,
  ̲  ̲ ̲ ̲monadLift, MonadLift.monadLift, ExceptT.lift, ExceptT.bindCont, ExceptT.pure, Functor.map,
  ̲  ̲ ̲ ̲EStateM.map, E̵S̵t̵a̵t̵e̵M̵.̵r̵u̵n̵,̵ ̵EStateM.bind, EStateM.pure, pure, Pure.pure, Bool.true_and, Bool.and_true]

Note: This linter can be disabled with `set_option linter.unusedSimpArgs false`
⚠ [696/1119] Replayed Vsa.Sim.ExecuteLoad
warning: Vsa/Sim/ExecuteLoad.lean:72:20: This simp argument is unused:
  Bool.true_and

Hint: Omit it from the simp argument list.
  simp only [get_pmlen, is_pmm_applicable, get_pmm, bne, h1, h2, h3,
  ̵  ̵ ̵ ̵Bool.not_false, Bool.t̵r̵u̵e̵_̵and_̲t̲r̲u̲e̲,
  ̲ B̵o̵o̵l̵.̵a̵n̵d̵_̵t̵r̵u̵e̵,̵  ̲ ̲hcond, hxl,
  ̵  ̵ ̵ ̵bind, EStateM.bind, EStateM.run, pure, EStateM.pure,
  ̵  ̵ ̵ ̵LeanRV64DExecutable.readReg,
  ̲  ̲ ̲ ̲Sail.ConcurrencyInterfaceV1.PreSail.readReg,
  ̵  ̵ ̵ ̵get, getThe, MonadStateOf.get, EStateM.get,
  ̲  ̲ ̲ ̲hmstatus, hmseccfg, hpmm, if_true]

Note: This linter can be disabled with `set_option linter.unusedSimpArgs false`
warning: Vsa/Sim/ExecuteLoad.lean:103:13: This simp argument is unused:
  EStateM.bind

Hint: Omit it from the simp argument list.
  simp only ̵[̵E̵S̵t̵a̵t̵e̵M̵.̵b̵i̵n̵d̵]̵

Note: This linter can be disabled with `set_option linter.unusedSimpArgs false`
warning: Vsa/Sim/ExecuteLoad.lean:105:36: This simp argument is unused:
  EStateM.bind

Hint: Omit it from the simp argument list.
  simp only [translationMode, bind, EStateM.b̵i̵n̵d̵,̵ ̵E̵S̵t̵a̵t̵e̵M̵.̵pure, pure]

Note: This linter can be disabled with `set_option linter.unusedSimpArgs false`
warning: Vsa/Sim/ExecuteLoad.lean:105:50: This simp argument is unused:
  EStateM.pure

Hint: Omit it from the simp argument list.
  simp only [translationMode, bind, EStateM.bind, E̵S̵t̵a̵t̵e̵M̵.̵p̵u̵r̵e̵,̵ ̵pure]

Note: This linter can be disabled with `set_option linter.unusedSimpArgs false`
warning: Vsa/Sim/ExecuteLoad.lean:168:81: This simp argument is unused:
  Bool.and_true

Hint: Omit it from the simp argument list.
  simp only [hi, decide_true, Bool.not_true, Bool.false_and, Bool.and_false, B̵o̵o̵l̵.̵a̵n̵d̵_̵t̵r̵u̵e̵,̵Bool.and_self,
        implies_true]

Note: This linter can be disabled with `set_option linter.unusedSimpArgs false`
warning: Vsa/Sim/ExecuteLoad.lean:169:8: This simp argument is unused:
  Bool.and_self

Hint: Omit it from the simp argument list.
  simp only [hi, decide_true, Bool.not_true, Bool.false_and, Bool.and_false, Bool.and_true,
         ̵ ̵B̵o̵o̵l̵.̵a̵n̵d̵_̵s̵e̵l̵f̵,̵ ̵implies_true]

Note: This linter can be disabled with `set_option linter.unusedSimpArgs false`
warning: Vsa/Sim/ExecuteLoad.lean:176:53: This simp argument is unused:
  Bool.true_and

Hint: Omit it from the simp argument list.
  simp only [hi, decide_false, Bool.not_false, B̵o̵o̵l̵.̵t̵r̵u̵e̵_̵a̵n̵d̵,̵ ̵hlt, Bool.false_and, Bool.and_false, hge,
  ̲  ̲ ̲ ̲ ̲ ̲ ̲ ̲ ̲ ̲Bool.and_self, implies_true]

Note: This linter can be disabled with `set_option linter.unusedSimpArgs false`
warning: Vsa/Sim/ExecuteLoad.lean:177:26: This simp argument is unused:
  Bool.and_false

Hint: Omit it from the simp argument list.
  simp only [hi, decide_false, Bool.not_false, Bool.true_and, hlt, Bool.false_and, B̵o̵o̵l̵.̵a̵n̵d̵_̵f̵a̵l̵s̵e̵,̵ ̵hge,
  ̲  ̲ ̲ ̲ ̲ ̲ ̲ ̲ ̲ ̲Bool.and_self, implies_true]

Note: This linter can be disabled with `set_option linter.unusedSimpArgs false`
warning: Vsa/Sim/ExecuteLoad.lean:217:36: This simp argument is unused:
  EStateM.bind

Hint: Omit it from the simp argument list.
  simp only [hintra, if_true, bind, EStateM.b̵i̵n̵d̵,̵ ̵E̵S̵t̵a̵t̵e̵M̵.̵run, pure, EStateM.pure]

Note: This linter can be disabled with `set_option linter.unusedSimpArgs false`
warning: Vsa/Sim/ExecuteLoad.lean:304:50: This simp argument is unused:
  Bool.and_false

Hint: Omit it from the simp argument list.
  simp only [halignv, LeanRV64DExecutable.SailME.run, LeanRV64DExecutable.SailME.throw,
      Sail.ConcurrencyInterfaceV1.PreSail.PreSailME.run, ExceptT.run,
      Sail.ConcurrencyInterfaceV1.PreSail.PreSailME.throw, bind, ExceptT.bind, ExceptT.mk, liftM,
  ̲  ̲ ̲ ̲monadLift, MonadLift.monadLift, ExceptT.lift, ExceptT.bindCont, ExceptT.pure, Functor.map,
  ̲  ̲ ̲ ̲EStateM.map, EStateM.run, EStateM.bind, pure, EStateM.pure, bits_of_virtaddr,
  ̲  ̲ ̲ ̲sys_misaligned_order_decreasing, Functions.not, Bool.not_true, Bool.false_and, B̵o̵o̵l̵.̵a̵n̵d̵_̵f̵a̵l̵s̵e̵,̵ ̵if_false,
  ̲  ̲ ̲ ̲if_true, Bool.false_eq_true]

Note: This linter can be disabled with `set_option linter.unusedSimpArgs false`
warning: Vsa/Sim/ExecuteLoad.lean:304:76: This simp argument is unused:
  if_true

Hint: Omit it from the simp argument list.
  simp only [halignv, LeanRV64DExecutable.SailME.run, LeanRV64DExecutable.SailME.throw,
      Sail.ConcurrencyInterfaceV1.PreSail.PreSailME.run, ExceptT.run,
      Sail.ConcurrencyInterfaceV1.PreSail.PreSailME.throw,
  ̵  ̵ ̵ ̵bind, ExceptT.bind, ExceptT.mk, liftM, ̵m̵o̵n̵a̵d̵L̵i̵f̵t̵,̵ ̵M̵o̵n̵a̵d̵L̵i̵f̵t̵.̵m̵o̵n̵a̵d̵L̵i̵f̵t̵,̵
      m̲o̲n̲a̲d̲L̲i̲f̲t̲,̲ ̲M̲o̲n̲a̲d̲L̲i̲f̲t̲.̲m̲o̲n̲a̲d̲L̲i̲f̲t̲,̲ ̲ExceptT.lift, ExceptT.bindCont, ExceptT.pure, Functor.map,
  ̲  ̲ ̲ ̲EStateM.map,
  ̵  ̵ ̵ ̵EStateM.run, EStateM.bind, pure, EStateM.pure,
  ̵  ̵ ̵ ̵bits_of_virtaddr,
  ̲  ̲ ̲ ̲sys_misaligned_order_decreasing,
  ̵  ̵ ̵ ̵Functions.not, Bool.not_true, Bool.false_and, Bool.and_false,
  ̲  ̲ ̲ ̲if_false, i̵f̵_̵t̵r̵u̵e̵,̵
  ̵ ̵ ̵ ̵ ̵Bool.false_eq_true]

Note: This linter can be disabled with `set_option linter.unusedSimpArgs false`
warning: Vsa/Sim/ExecuteLoad.lean:308:10: This simp argument is unused:
  ExceptT.bind

Hint: Omit it from the simp argument list.
  simp only [EStateM.bind, EStateM.pure, ExceptT.bindCont, EStateM.map, ̲b̲i̲n̲d̲,̲ ̲E̲x̲c̲e̲p̲t̲T̲.̲m̲k̲,̲
      b̵i̵n̵d̵,̵ ̵ExceptT.b̵i̵n̵d̵,̵ ̵E̵x̵c̵e̵p̵t̵T̵.̵m̵k̵,̵ ̵E̵x̵c̵e̵p̵t̵T̵.̵lift, ExceptT.pure, liftM, monadLift,
  ̵  ̵ ̵ ̵MonadLift.monadLift, Functor.map, pure,
      LeanRV64DExecutable.readReg, Sail.ConcurrencyInterfaceV1.PreSail.readReg,
  ̵  ̵ ̵ ̵get, getThe,
  ̲  ̲ ̲ ̲MonadStateOf.get, EStateM.get, hmstatus, hpriv]

Note: This linter can be disabled with `set_option linter.unusedSimpArgs false`
warning: Vsa/Sim/ExecuteLoad.lean:308:24: This simp argument is unused:
  ExceptT.mk

Hint: Omit it from the simp argument list.
  simp only [EStateM.bind, EStateM.pure, ExceptT.bindCont, EStateM.map, ̲b̲i̲n̲d̲,̲ ̲E̲x̲c̲e̲p̲t̲T̲.̲b̲i̲n̲d̲,̲
      b̵i̵n̵d̵,̵ ̵ExceptT.b̵i̵n̵d̵,̵ ̵E̵x̵c̵e̵p̵t̵T̵.̵m̵k̵,̵ ̵E̵x̵c̵e̵p̵t̵T̵.̵lift, ExceptT.pure, liftM, monadLift,
  ̵  ̵ ̵ ̵MonadLift.monadLift, Functor.map, pure,
      LeanRV64DExecutable.readReg, Sail.ConcurrencyInterfaceV1.PreSail.readReg,
  ̵  ̵ ̵ ̵get, getThe,
  ̲  ̲ ̲ ̲MonadStateOf.get, EStateM.get, hmstatus, hpriv]

Note: This linter can be disabled with `set_option linter.unusedSimpArgs false`
warning: Vsa/Sim/ExecuteLoad.lean:308:36: This simp argument is unused:
  ExceptT.lift

Hint: Omit it from the simp argument list.
  simp only [EStateM.bind, EStateM.pure, ExceptT.bindCont, EStateM.map, bind, ExceptT.bind,
  ̲  ̲ ̲ ̲ExceptT.mk, E̵x̵c̵e̵p̵t̵T̵.̵l̵i̵f̵t̵,̵ ̵ExceptT.pure, liftM, monadLift, MonadLift.monadLift, Functor.map, pure,
      LeanRV64DExecutable.readReg, Sail.ConcurrencyInterfaceV1.PreSail.readReg, get, getThe,
  ̲  ̲ ̲ ̲MonadStateOf.get, EStateM.get, hmstatus, hpriv]

Note: This linter can be disabled with `set_option linter.unusedSimpArgs false`
warning: Vsa/Sim/ExecuteLoad.lean:308:50: This simp argument is unused:
  ExceptT.pure

Hint: Omit it from the simp argument list.
  simp only [EStateM.bind, EStateM.pure, ExceptT.bindCont, EStateM.map,
  ̵  ̵ ̵ ̵bind, ExceptT.bind,
  ̲  ̲ ̲ ̲ExceptT.mk, ExceptT.lift, E̵x̵c̵e̵p̵t̵T̵.̵p̵u̵r̵e̵,̵ ̵liftM, monadLift,
  ̵  ̵ ̵ ̵MonadLift.monadLift, Functor.map, pure,
      LeanRV64DExecutable.readReg, Sail.ConcurrencyInterfaceV1.PreSail.readReg,
  ̵  ̵ ̵ ̵get, getThe,
  ̲  ̲ ̲ ̲MonadStateOf.get, EStateM.get, hmstatus, hpriv]

Note: This linter can be disabled with `set_option linter.unusedSimpArgs false`
warning: Vsa/Sim/ExecuteLoad.lean:308:64: This simp argument is unused:
  liftM

Hint: Omit it from the simp argument list.
  simp only [EStateM.bind, EStateM.pure, ExceptT.bindCont, EStateM.map, ̲b̲i̲n̲d̲,̲ ̲E̲x̲c̲e̲p̲t̲T̲.̲b̲i̲n̲d̲,̲
      b̵i̵n̵d̵,̵ ̵ExceptT.b̵i̵n̵d̵,̵ ̵E̵x̵c̵e̵p̵t̵T̵.̵mk, ExceptT.lift, ExceptT.pure, l̵i̵f̵t̵M̵,̵ ̵monadLift,
  ̵  ̵ ̵ ̵MonadLift.monadLift, Functor.map, pure,
      LeanRV64DExecutable.readReg, Sail.ConcurrencyInterfaceV1.PreSail.readReg,
  ̵  ̵ ̵ ̵get, getThe,
  ̲  ̲ ̲ ̲MonadStateOf.get, EStateM.get, hmstatus, hpriv]

Note: This linter can be disabled with `set_option linter.unusedSimpArgs false`
warning: Vsa/Sim/ExecuteLoad.lean:308:71: This simp argument is unused:
  monadLift

Hint: Omit it from the simp argument list.
  simp only [EStateM.bind, EStateM.pure, ExceptT.bindCont, EStateM.map,
  ̵  ̵ ̵ ̵bind, ExceptT.bind,
  ̲  ̲ ̲ ̲ExceptT.mk, ExceptT.lift, ExceptT.pure, liftM, m̵o̵n̵a̵d̵L̵i̵f̵t̵,̵
  ̵ ̵ ̵ ̵ ̵MonadLift.monadLift, Functor.map, pure,
      LeanRV64DExecutable.readReg, Sail.ConcurrencyInterfaceV1.PreSail.readReg,
  ̵  ̵ ̵ ̵get, getThe,
  ̲  ̲ ̲ ̲MonadStateOf.get, EStateM.get, hmstatus, hpriv]

Note: This linter can be disabled with `set_option linter.unusedSimpArgs false`
warning: Vsa/Sim/ExecuteLoad.lean:309:4: This simp argument is unused:
  MonadLift.monadLift

Hint: Omit it from the simp argument list.
  simp only [EStateM.bind, EStateM.pure, ExceptT.bindCont, EStateM.map,
  ̵  ̵ ̵ ̵bind, ExceptT.bind,
  ̲  ̲ ̲ ̲ExceptT.mk, ExceptT.lift, ExceptT.pure, liftM, monadLift,
  ̵  ̵ ̵ ̵M̵o̵n̵a̵d̵L̵i̵f̵t̵.̵m̵o̵n̵a̵d̵L̵i̵f̵t̵,̵ ̵Functor.map, pure,
      LeanRV64DExecutable.readReg, Sail.ConcurrencyInterfaceV1.PreSail.readReg,
  ̵  ̵ ̵ ̵get, getThe,
  ̲  ̲ ̲ ̲MonadStateOf.get, EStateM.get, hmstatus, hpriv]

Note: This linter can be disabled with `set_option linter.unusedSimpArgs false`
warning: Vsa/Sim/ExecuteLoad.lean:309:25: This simp argument is unused:
  Functor.map

Hint: Omit it from the simp argument list.
  simp only [EStateM.bind, EStateM.pure, ExceptT.bindCont, EStateM.map,
  ̵  ̵ ̵ ̵bind, ExceptT.bind,
  ̲  ̲ ̲ ̲ExceptT.mk, ExceptT.lift, ExceptT.pure, liftM, monadLift,
  ̵  ̵ ̵ ̵MonadLift.monadLift, F̵u̵n̵c̵t̵o̵r̵.̵m̵a̵p,̵ ̵p̵ure,
      LeanRV64DExecutable.readReg, Sail.ConcurrencyInterfaceV1.PreSail.readReg,
  ̵  ̵ ̵ ̵get, getThe,
  ̲  ̲ ̲ ̲MonadStateOf.get, EStateM.get, hmstatus, hpriv]

Note: This linter can be disabled with `set_option linter.unusedSimpArgs false`
warning: Vsa/Sim/ExecuteLoad.lean:316:15: This simp argument is unused:
  sys_misaligned_order_decreasing

Hint: Omit it from the simp argument list.
  simp only [bne, EStateM.bind, EStateM.pure, ExceptT.bindCont, EStateM.map, htm,
      show (SATPMode.Bare == SATPMode.Bare) = true from by decide,
  ̵  ̵ ̵ ̵Bool.not_true, Bool.false_and,
  ̲  ̲ ̲ ̲Bool.and_false, Bool.false_eq_true, if_false,
  ̵  ̵ ̵ ̵gt_iff_lt,̵ ̵s̵y̵s̵_̵m̵i̵s̵a̵l̵i̵g̵n̵e̵d̵_̵o̵r̵d̵e̵r̵_̵d̵e̵c̵r̵e̵a̵s̵i̵n̵g̵]

Note: This linter can be disabled with `set_option linter.unusedSimpArgs false`
warning: Vsa/Sim/ExecuteLoad.lean:320:59: This simp argument is unused:
  EStateM.map

Hint: Omit it from the simp argument list.
  simp only [EStateM.pure, EStateM.bind, ExceptT.bindCont, E̵S̵t̵a̵t̵e̵M̵.̵m̵a̵p̵,̵
  ̵ ̵ ̵ ̵ ̵Bool.false_eq_true, if_false]

Note: This linter can be disabled with `set_option linter.unusedSimpArgs false`
warning: Vsa/Sim/ExecuteLoad.lean:321:4: This simp argument is unused:
  Bool.false_eq_true

Hint: Omit it from the simp argument list.
  simp only [EStateM.pure, EStateM.bind, ExceptT.bindCont, EStateM.map, B̵o̵o̵l̵.̵f̵a̵l̵s̵e̵_̵e̵q̵_̵t̵r̵u̵e̵,̵ ̵if_false]

Note: This linter can be disabled with `set_option linter.unusedSimpArgs false`
warning: Vsa/Sim/ExecuteLoad.lean:321:24: This simp argument is unused:
  if_false

Hint: Omit it from the simp argument list.
  simp only [EStateM.pure, EStateM.bind, ExceptT.bindCont, EStateM.map,
  ̵  ̵ ̵ ̵Bool.false_eq_true,̵ ̵i̵f̵_̵f̵a̵l̵s̵e̵]

Note: This linter can be disabled with `set_option linter.unusedSimpArgs false`
warning: Vsa/Sim/ExecuteLoad.lean:363:50: This simp argument is unused:
  Bool.and_false

Hint: Omit it from the simp argument list.
  simp only [halignv, LeanRV64DExecutable.SailME.run, LeanRV64DExecutable.SailME.throw,
      Sail.ConcurrencyInterfaceV1.PreSail.PreSailME.run, ExceptT.run,
      Sail.ConcurrencyInterfaceV1.PreSail.PreSailME.throw, bind, ExceptT.bind, ExceptT.mk, liftM,
  ̲  ̲ ̲ ̲monadLift, MonadLift.monadLift, ExceptT.lift, ExceptT.bindCont, ExceptT.pure, Functor.map,
  ̲  ̲ ̲ ̲EStateM.map, EStateM.run, EStateM.bind, pure, EStateM.pure, bits_of_virtaddr,
  ̲  ̲ ̲ ̲sys_misaligned_order_decreasing, Functions.not, Bool.not_true, Bool.false_and, B̵o̵o̵l̵.̵a̵n̵d̵_̵f̵a̵l̵s̵e̵,̵ ̵if_false,
  ̲  ̲ ̲ ̲if_true, Bool.false_eq_true]

Note: This linter can be disabled with `set_option linter.unusedSimpArgs false`
warning: Vsa/Sim/ExecuteLoad.lean:363:76: This simp argument is unused:
  if_true

Hint: Omit it from the simp argument list.
  simp only [halignv, LeanRV64DExecutable.SailME.run, LeanRV64DExecutable.SailME.throw,
      Sail.ConcurrencyInterfaceV1.PreSail.PreSailME.run, ExceptT.run,
      Sail.ConcurrencyInterfaceV1.PreSail.PreSailME.throw,
  ̵  ̵ ̵ ̵bind, ExceptT.bind, ExceptT.mk, liftM, ̵m̵o̵n̵a̵d̵L̵i̵f̵t̵,̵ ̵M̵o̵n̵a̵d̵L̵i̵f̵t̵.̵m̵o̵n̵a̵d̵L̵i̵f̵t̵,̵
      m̲o̲n̲a̲d̲L̲i̲f̲t̲,̲ ̲M̲o̲n̲a̲d̲L̲i̲f̲t̲.̲m̲o̲n̲a̲d̲L̲i̲f̲t̲,̲ ̲ExceptT.lift, ExceptT.bindCont, ExceptT.pure, Functor.map,
  ̲  ̲ ̲ ̲EStateM.map,
  ̵  ̵ ̵ ̵EStateM.run, EStateM.bind, pure, EStateM.pure,
  ̵  ̵ ̵ ̵bits_of_virtaddr,
  ̲  ̲ ̲ ̲sys_misaligned_order_decreasing,
  ̵  ̵ ̵ ̵Functions.not, Bool.not_true, Bool.false_and, Bool.and_false,
  ̲  ̲ ̲ ̲if_false, i̵f̵_̵t̵r̵u̵e̵,̵
  ̵ ̵ ̵ ̵ ̵Bool.false_eq_true]

Note: This linter can be disabled with `set_option linter.unusedSimpArgs false`
warning: Vsa/Sim/ExecuteLoad.lean:367:10: This simp argument is unused:
  ExceptT.bind

Hint: Omit it from the simp argument list.
  simp only [EStateM.bind, EStateM.pure, ExceptT.bindCont, EStateM.map, ̲b̲i̲n̲d̲,̲ ̲E̲x̲c̲e̲p̲t̲T̲.̲m̲k̲,̲
      b̵i̵n̵d̵,̵ ̵ExceptT.b̵i̵n̵d̵,̵ ̵E̵x̵c̵e̵p̵t̵T̵.̵m̵k̵,̵ ̵E̵x̵c̵e̵p̵t̵T̵.̵lift, ExceptT.pure, liftM, monadLift,
  ̵  ̵ ̵ ̵MonadLift.monadLift, Functor.map, pure,
      LeanRV64DExecutable.readReg, Sail.ConcurrencyInterfaceV1.PreSail.readReg,
  ̵  ̵ ̵ ̵get, getThe,
  ̲  ̲ ̲ ̲MonadStateOf.get, EStateM.get, hmstatus, hpriv]

Note: This linter can be disabled with `set_option linter.unusedSimpArgs false`
warning: Vsa/Sim/ExecuteLoad.lean:367:24: This simp argument is unused:
  ExceptT.mk

Hint: Omit it from the simp argument list.
  simp only [EStateM.bind, EStateM.pure, ExceptT.bindCont, EStateM.map, ̲b̲i̲n̲d̲,̲ ̲E̲x̲c̲e̲p̲t̲T̲.̲b̲i̲n̲d̲,̲
      b̵i̵n̵d̵,̵ ̵ExceptT.b̵i̵n̵d̵,̵ ̵E̵x̵c̵e̵p̵t̵T̵.̵m̵k̵,̵ ̵E̵x̵c̵e̵p̵t̵T̵.̵lift, ExceptT.pure, liftM, monadLift,
  ̵  ̵ ̵ ̵MonadLift.monadLift, Functor.map, pure,
      LeanRV64DExecutable.readReg, Sail.ConcurrencyInterfaceV1.PreSail.readReg,
  ̵  ̵ ̵ ̵get, getThe,
  ̲  ̲ ̲ ̲MonadStateOf.get, EStateM.get, hmstatus, hpriv]

Note: This linter can be disabled with `set_option linter.unusedSimpArgs false`
warning: Vsa/Sim/ExecuteLoad.lean:367:36: This simp argument is unused:
  ExceptT.lift

Hint: Omit it from the simp argument list.
  simp only [EStateM.bind, EStateM.pure, ExceptT.bindCont, EStateM.map, bind, ExceptT.bind,
  ̲  ̲ ̲ ̲ExceptT.mk, E̵x̵c̵e̵p̵t̵T̵.̵l̵i̵f̵t̵,̵ ̵ExceptT.pure, liftM, monadLift, MonadLift.monadLift, Functor.map, pure,
      LeanRV64DExecutable.readReg, Sail.ConcurrencyInterfaceV1.PreSail.readReg, get, getThe,
  ̲  ̲ ̲ ̲MonadStateOf.get, EStateM.get, hmstatus, hpriv]

Note: This linter can be disabled with `set_option linter.unusedSimpArgs false`
warning: Vsa/Sim/ExecuteLoad.lean:367:50: This simp argument is unused:
  ExceptT.pure

Hint: Omit it from the simp argument list.
  simp only [EStateM.bind, EStateM.pure, ExceptT.bindCont, EStateM.map,
  ̵  ̵ ̵ ̵bind, ExceptT.bind,
  ̲  ̲ ̲ ̲ExceptT.mk, ExceptT.lift, E̵x̵c̵e̵p̵t̵T̵.̵p̵u̵r̵e̵,̵ ̵liftM, monadLift,
  ̵  ̵ ̵ ̵MonadLift.monadLift, Functor.map, pure,
      LeanRV64DExecutable.readReg, Sail.ConcurrencyInterfaceV1.PreSail.readReg,
  ̵  ̵ ̵ ̵get, getThe,
  ̲  ̲ ̲ ̲MonadStateOf.get, EStateM.get, hmstatus, hpriv]

Note: This linter can be disabled with `set_option linter.unusedSimpArgs false`
warning: Vsa/Sim/ExecuteLoad.lean:367:64: This simp argument is unused:
  liftM

Hint: Omit it from the simp argument list.
  simp only [EStateM.bind, EStateM.pure, ExceptT.bindCont, EStateM.map, ̲b̲i̲n̲d̲,̲ ̲E̲x̲c̲e̲p̲t̲T̲.̲b̲i̲n̲d̲,̲
      b̵i̵n̵d̵,̵ ̵ExceptT.b̵i̵n̵d̵,̵ ̵E̵x̵c̵e̵p̵t̵T̵.̵mk, ExceptT.lift, ExceptT.pure, l̵i̵f̵t̵M̵,̵ ̵monadLift,
  ̵  ̵ ̵ ̵MonadLift.monadLift, Functor.map, pure,
      LeanRV64DExecutable.readReg, Sail.ConcurrencyInterfaceV1.PreSail.readReg,
  ̵  ̵ ̵ ̵get, getThe,
  ̲  ̲ ̲ ̲MonadStateOf.get, EStateM.get, hmstatus, hpriv]

Note: This linter can be disabled with `set_option linter.unusedSimpArgs false`
warning: Vsa/Sim/ExecuteLoad.lean:367:71: This simp argument is unused:
  monadLift

Hint: Omit it from the simp argument list.
  simp only [EStateM.bind, EStateM.pure, ExceptT.bindCont, EStateM.map,
  ̵  ̵ ̵ ̵bind, ExceptT.bind,
  ̲  ̲ ̲ ̲ExceptT.mk, ExceptT.lift, ExceptT.pure, liftM, m̵o̵n̵a̵d̵L̵i̵f̵t̵,̵
  ̵ ̵ ̵ ̵ ̵MonadLift.monadLift, Functor.map, pure,
      LeanRV64DExecutable.readReg, Sail.ConcurrencyInterfaceV1.PreSail.readReg,
  ̵  ̵ ̵ ̵get, getThe,
  ̲  ̲ ̲ ̲MonadStateOf.get, EStateM.get, hmstatus, hpriv]

Note: This linter can be disabled with `set_option linter.unusedSimpArgs false`
warning: Vsa/Sim/ExecuteLoad.lean:368:4: This simp argument is unused:
  MonadLift.monadLift

Hint: Omit it from the simp argument list.
  simp only [EStateM.bind, EStateM.pure, ExceptT.bindCont, EStateM.map,
  ̵  ̵ ̵ ̵bind, ExceptT.bind,
  ̲  ̲ ̲ ̲ExceptT.mk, ExceptT.lift, ExceptT.pure, liftM, monadLift,
  ̵  ̵ ̵ ̵M̵o̵n̵a̵d̵L̵i̵f̵t̵.̵m̵o̵n̵a̵d̵L̵i̵f̵t̵,̵ ̵Functor.map, pure,
      LeanRV64DExecutable.readReg, Sail.ConcurrencyInterfaceV1.PreSail.readReg,
  ̵  ̵ ̵ ̵get, getThe,
  ̲  ̲ ̲ ̲MonadStateOf.get, EStateM.get, hmstatus, hpriv]

Note: This linter can be disabled with `set_option linter.unusedSimpArgs false`
warning: Vsa/Sim/ExecuteLoad.lean:368:25: This simp argument is unused:
  Functor.map

Hint: Omit it from the simp argument list.
  simp only [EStateM.bind, EStateM.pure, ExceptT.bindCont, EStateM.map,
  ̵  ̵ ̵ ̵bind, ExceptT.bind,
  ̲  ̲ ̲ ̲ExceptT.mk, ExceptT.lift, ExceptT.pure, liftM, monadLift,
  ̵  ̵ ̵ ̵MonadLift.monadLift, F̵u̵n̵c̵t̵o̵r̵.̵m̵a̵p,̵ ̵p̵ure,
      LeanRV64DExecutable.readReg, Sail.ConcurrencyInterfaceV1.PreSail.readReg,
  ̵  ̵ ̵ ̵get, getThe,
  ̲  ̲ ̲ ̲MonadStateOf.get, EStateM.get, hmstatus, hpriv]

Note: This linter can be disabled with `set_option linter.unusedSimpArgs false`
warning: Vsa/Sim/ExecuteLoad.lean:375:15: This simp argument is unused:
  sys_misaligned_order_decreasing

Hint: Omit it from the simp argument list.
  simp only [bne, EStateM.bind, EStateM.pure, ExceptT.bindCont, EStateM.map, htm,
      show (SATPMode.Bare == SATPMode.Bare) = true from by decide,
  ̵  ̵ ̵ ̵Bool.not_true, Bool.false_and,
  ̲  ̲ ̲ ̲Bool.and_false, Bool.false_eq_true, if_false,
  ̵  ̵ ̵ ̵gt_iff_lt,̵ ̵s̵y̵s̵_̵m̵i̵s̵a̵l̵i̵g̵n̵e̵d̵_̵o̵r̵d̵e̵r̵_̵d̵e̵c̵r̵e̵a̵s̵i̵n̵g̵]

Note: This linter can be disabled with `set_option linter.unusedSimpArgs false`
warning: Vsa/Sim/ExecuteLoad.lean:379:59: This simp argument is unused:
  EStateM.map

Hint: Omit it from the simp argument list.
  simp only [EStateM.pure, EStateM.bind, ExceptT.bindCont, E̵S̵t̵a̵t̵e̵M̵.̵m̵a̵p̵,̵
  ̵ ̵ ̵ ̵ ̵Bool.false_eq_true, if_false]

Note: This linter can be disabled with `set_option linter.unusedSimpArgs false`
warning: Vsa/Sim/ExecuteLoad.lean:380:4: This simp argument is unused:
  Bool.false_eq_true

Hint: Omit it from the simp argument list.
  simp only [EStateM.pure, EStateM.bind, ExceptT.bindCont, EStateM.map, B̵o̵o̵l̵.̵f̵a̵l̵s̵e̵_̵e̵q̵_̵t̵r̵u̵e̵,̵ ̵if_false]

Note: This linter can be disabled with `set_option linter.unusedSimpArgs false`
warning: Vsa/Sim/ExecuteLoad.lean:380:24: This simp argument is unused:
  if_false

Hint: Omit it from the simp argument list.
  simp only [EStateM.pure, EStateM.bind, ExceptT.bindCont, EStateM.map,
  ̵  ̵ ̵ ̵Bool.false_eq_true,̵ ̵i̵f̵_̵f̵a̵l̵s̵e̵]

Note: This linter can be disabled with `set_option linter.unusedSimpArgs false`
warning: Vsa/Sim/ExecuteLoad.lean:532:37: This simp argument is unused:
  EStateM.pure

Hint: Omit it from the simp argument list.
  simp only [LeanRV64DExecutable.SailME.run,
  ̵  ̵ ̵ ̵Sail.ConcurrencyInterfaceV1.PreSail.PreSailME.run,
  ̲  ̲ ̲ ̲ExceptT.run,
  ̵  ̵ ̵ ̵bind, ExceptT.bind, ExceptT.mk, liftM, monadLift, MonadLift.monadLift,
      ExceptT.lift, ExceptT.bindCont, ExceptT.pure, Functor.map, EStateM.map,
  ̵  ̵ ̵ ̵EStateM.run,
  ̲  ̲ ̲ ̲EStateM.bind, pure,̵ ̵E̵S̵t̵a̵t̵e̵M̵.̵p̵u̵r̵e̵]

Note: This linter can be disabled with `set_option linter.unusedSimpArgs false`
warning: Vsa/Sim/ExecuteLoad.lean:534:13: This simp argument is unused:
  EStateM.bind

Hint: Omit it from the simp argument list.
  simp only [EStateM.b̵i̵n̵d̵,̵ ̵E̵S̵t̵a̵t̵e̵M̵.̵pure, ExceptT.bindCont, EStateM.map, Functor.map]

Note: This linter can be disabled with `set_option linter.unusedSimpArgs false`
warning: Vsa/Sim/ExecuteLoad.lean:534:41: This simp argument is unused:
  ExceptT.bindCont

Hint: Omit it from the simp argument list.
  simp only [EStateM.bind, EStateM.pure, Ex̵c̵e̵p̵t̵T̵.̵b̵i̵n̵d̵C̵o̵n̵t̵,̵ ̵E̵StateM.map, Functor.map]

Note: This linter can be disabled with `set_option linter.unusedSimpArgs false`
warning: Vsa/Sim/ExecuteLoad.lean:534:72: This simp argument is unused:
  Functor.map

Hint: Omit it from the simp argument list.
  simp only [EStateM.bind, EStateM.pure, ExceptT.bindCont, EStateM.map,̵ ̵F̵u̵n̵c̵t̵o̵r̵.̵m̵a̵p̵]

Note: This linter can be disabled with `set_option linter.unusedSimpArgs false`
⚠ [699/1119] Replayed Vsa.Sim.ExecuteStore
warning: Vsa/Sim/ExecuteStore.lean:112:4: This simp argument is unused:
  EStateM.run

Hint: Omit it from the simp argument list.
  simp only [LeanRV64DExecutable.SailME.run, LeanRV64DExecutable.SailME.throw,
      Sail.ConcurrencyInterfaceV1.PreSail.PreSailME.run, ExceptT.run,
      Sail.ConcurrencyInterfaceV1.PreSail.PreSailME.throw, bind, ExceptT.bind, ExceptT.mk, liftM,
  ̲  ̲ ̲ ̲monadLift, MonadLift.monadLift, ExceptT.lift, ExceptT.bindCont, ExceptT.pure, Functor.map,
  ̲  ̲ ̲ ̲EStateM.map, E̵S̵t̵a̵t̵e̵M̵.̵r̵u̵n̵,̵ ̵EStateM.bind, pure, EStateM.pure]

Note: This linter can be disabled with `set_option linter.unusedSimpArgs false`
warning: Vsa/Sim/ExecuteStore.lean:112:37: This simp argument is unused:
  EStateM.pure

Hint: Omit it from the simp argument list.
  simp only [LeanRV64DExecutable.SailME.run, LeanRV64DExecutable.SailME.throw,
      Sail.ConcurrencyInterfaceV1.PreSail.PreSailME.run, ExceptT.run,
      Sail.ConcurrencyInterfaceV1.PreSail.PreSailME.throw, bind, ExceptT.bind, ExceptT.mk, liftM,
  ̲  ̲ ̲ ̲monadLift, MonadLift.monadLift, ExceptT.lift, ExceptT.bindCont, ExceptT.pure, Functor.map,
  ̲  ̲ ̲ ̲EStateM.map, EStateM.run, EStateM.bind, p̵u̵r̵e̵,̵ ̵E̵S̵t̵a̵t̵e̵M̵.̵p̵u̵r̵e̵]̵p̲u̲r̲e̲]̲

Note: This linter can be disabled with `set_option linter.unusedSimpArgs false`
warning: Vsa/Sim/ExecuteStore.lean:114:13: This simp argument is unused:
  EStateM.bind

Hint: Omit it from the simp argument list.
  simp only [EStateM.b̵i̵n̵d̵,̵ ̵E̵S̵t̵a̵t̵e̵M̵.̵pure, ExceptT.bindCont, EStateM.map, hze]

Note: This linter can be disabled with `set_option linter.unusedSimpArgs false`
warning: Vsa/Sim/ExecuteStore.lean:114:41: This simp argument is unused:
  ExceptT.bindCont

Hint: Omit it from the simp argument list.
  simp only [EStateM.bind, EStateM.pure, Ex̵c̵e̵p̵t̵T̵.̵b̵i̵n̵d̵C̵o̵n̵t̵,̵ ̵E̵StateM.map, hze]

Note: This linter can be disabled with `set_option linter.unusedSimpArgs false`
warning: Vsa/Sim/ExecuteStore.lean:158:13: This simp argument is unused:
  EStateM.bind

Hint: Omit it from the simp argument list.
  simp only [EStateM.b̵i̵n̵d̵,̵ ̵E̵S̵t̵a̵t̵e̵M̵.̵pure]

Note: This linter can be disabled with `set_option linter.unusedSimpArgs false`
warning: Vsa/Sim/ExecuteStore.lean:158:27: This simp argument is unused:
  EStateM.pure

Hint: Omit it from the simp argument list.
  simp only [EStateM.bind,̵ ̵E̵S̵t̵a̵t̵e̵M̵.̵p̵u̵r̵e̵]

Note: This linter can be disabled with `set_option linter.unusedSimpArgs false`
⚠ [723/1119] Replayed Vsa.Sim.Muldi3Spec
warning: Vsa/Sim/Muldi3Spec.lean:413:5: unused variable `x`

Note: This linter can be disabled with `set_option linter.unusedVariables false`
warning: Vsa/Sim/Muldi3Spec.lean:436:5: unused variable `x`

Note: This linter can be disabled with `set_option linter.unusedVariables false`
warning: Vsa/Sim/Muldi3Spec.lean:457:5: unused variable `x`

Note: This linter can be disabled with `set_option linter.unusedVariables false`
warning: Vsa/Sim/Muldi3Spec.lean:457:7: unused variable `y`

Note: This linter can be disabled with `set_option linter.unusedVariables false`
warning: Vsa/Sim/Muldi3Spec.lean:480:5: unused variable `x`

Note: This linter can be disabled with `set_option linter.unusedVariables false`
warning: Vsa/Sim/Muldi3Spec.lean:480:7: unused variable `y`

Note: This linter can be disabled with `set_option linter.unusedVariables false`
warning: Vsa/Sim/Muldi3Spec.lean:553:5: unused variable `x`

Note: This linter can be disabled with `set_option linter.unusedVariables false`
warning: Vsa/Sim/Muldi3Spec.lean:578:5: unused variable `x`

Note: This linter can be disabled with `set_option linter.unusedVariables false`
warning: Vsa/Sim/Muldi3Spec.lean:601:5: unused variable `x`

Note: This linter can be disabled with `set_option linter.unusedVariables false`
warning: Vsa/Sim/Muldi3Spec.lean:601:7: unused variable `y`

Note: This linter can be disabled with `set_option linter.unusedVariables false`
warning: Vsa/Sim/Muldi3Spec.lean:626:5: unused variable `x`

Note: This linter can be disabled with `set_option linter.unusedVariables false`
warning: Vsa/Sim/Muldi3Spec.lean:626:7: unused variable `y`

Note: This linter can be disabled with `set_option linter.unusedVariables false`
warning: Vsa/Sim/Muldi3Spec.lean:713:5: unused variable `x`

Note: This linter can be disabled with `set_option linter.unusedVariables false`
warning: Vsa/Sim/Muldi3Spec.lean:713:7: unused variable `y`

Note: This linter can be disabled with `set_option linter.unusedVariables false`
⚠ [732/1119] Replayed Vsa.Sim.StrlenSpec
warning: Vsa/Sim/StrlenSpec.lean:1066:28: unused variable `len`

Note: This linter can be disabled with `set_option linter.unusedVariables false`
warning: Vsa/Sim/StrlenSpec.lean:1630:20: unused variable `p`

Note: This linter can be disabled with `set_option linter.unusedVariables false`
⚠ [733/1119] Replayed Vsa.Sim.StrlenSpecU
warning: Vsa/Sim/StrlenSpecU.lean:957:29: unused variable `len`

Note: This linter can be disabled with `set_option linter.unusedVariables false`
ℹ [743/1119] Replayed Vsa.Sim.StepFrameOut
info: Vsa/Sim/StepFrameOut.lean:284:0: 'Vsa.Sim.StepFrameOut.trans' depends on axioms: [propext, Classical.choice, Quot.sound]
info: Vsa/Sim/StepFrameOut.lean:285:0: 'Vsa.Sim.StepFrameOut.of_alu' depends on axioms: [propext, Classical.choice, Quot.sound]
info: Vsa/Sim/StepFrameOut.lean:286:0: 'Vsa.Sim.StepFrameOut.of_jr' depends on axioms: [propext, Classical.choice, Quot.sound]
info: Vsa/Sim/StepFrameOut.lean:287:0: 'Vsa.Sim.StepFrameOut.get' depends on axioms: [propext, Classical.choice, Quot.sound]
ℹ [744/1119] Replayed Vsa.Sim.ChainFrameOut
info: Vsa/Sim/ChainFrameOut.lean:272:0: 'Vsa.Sim.chainFrameOut_demo' depends on axioms: [propext, Classical.choice, Quot.sound]
info: Vsa/Sim/ChainFrameOut.lean:273:0: 'Vsa.Sim.chainFrameOut_get_demo' depends on axioms: [propext, Classical.choice, Quot.sound]
info: Vsa/Sim/ChainFrameOut.lean:274:0: 'Vsa.Sim.chainOut_demo' depends on axioms: [propext, Classical.choice, Quot.sound]
⚠ [748/1119] Replayed Vsa.Sim.StrcmpSpecW3
warning: Vsa/Sim/StrcmpSpecW3.lean:154:5: unused variable `hhx`

Note: This linter can be disabled with `set_option linter.unusedVariables false`
warning: Vsa/Sim/StrcmpSpecW3.lean:154:33: unused variable `hhy`

Note: This linter can be disabled with `set_option linter.unusedVariables false`
warning: Vsa/Sim/StrcmpSpecW3.lean:408:61: unused variable `n`

Note: This linter can be disabled with `set_option linter.unusedVariables false`
warning: Vsa/Sim/StrcmpSpecW3.lean:588:61: unused variable `n`

Note: This linter can be disabled with `set_option linter.unusedVariables false`
⚠ [755/1119] Replayed Vsa.Sim.DivSpec3
warning: Vsa/Sim/DivSpec3.lean:165:43: unused variable `hb`

Note: This linter can be disabled with `set_option linter.unusedVariables false`
warning: Vsa/Sim/DivSpec3.lean:257:9: unused variable `r`

Note: This linter can be disabled with `set_option linter.unusedVariables false`
ℹ [762/1119] Replayed Vsa.Sim.MemcpySpecFramed
info: Vsa/Sim/MemcpySpecFramed.lean:347:0: 'Vsa.Sim.to_bd4_framed' depends on axioms: [propext, Classical.choice, Quot.sound]
info: Vsa/Sim/MemcpySpecFramed.lean:348:0: 'Vsa.Sim.dispatch_misaligned_to_byte_framed' depends on axioms: [propext, Classical.choice, Quot.sound]
info: Vsa/Sim/MemcpySpecFramed.lean:349:0: 'Vsa.Sim.dispatch_small_to_byte_framed' depends on axioms: [propext, Classical.choice, Quot.sound]
info: Vsa/Sim/MemcpySpecFramed.lean:350:0: 'Vsa.Sim.bytepath_abi' depends on axioms: [propext, Classical.choice, Quot.sound]
info: Vsa/Sim/MemcpySpecFramed.lean:351:0: 'Vsa.Sim.memcpy_spec_framed_byte' depends on axioms: [propext, Classical.choice, Quot.sound]
info: Vsa/Sim/MemcpySpecFramed.lean:352:0: 'Vsa.Sim.memcpy_framed_ainv_stable' depends on axioms: [propext, Classical.choice, Quot.sound]
⚠ [766/1119] Replayed Vsa.Sim.ValueEqualSpec
warning: Vsa/Sim/ValueEqualSpec.lean:607:40: unused variable `hi`

Note: This linter can be disabled with `set_option linter.unusedVariables false`
warning: Vsa/Sim/ValueEqualSpec.lean:608:5: unused variable `hG`

Note: This linter can be disabled with `set_option linter.unusedVariables false`
warning: Vsa/Sim/ValueEqualSpec.lean:608:24: unused variable `hmem`

Note: This linter can be disabled with `set_option linter.unusedVariables false`
warning: Vsa/Sim/ValueEqualSpec.lean:609:5: unused variable `hpc`

Note: This linter can be disabled with `set_option linter.unusedVariables false`
warning: Vsa/Sim/ValueEqualSpec.lean:611:23: unused variable `hmi`

Note: This linter can be disabled with `set_option linter.unusedVariables false`
warning: Vsa/Sim/ValueEqualSpec.lean:612:5: unused variable `hrettgt`

Note: This linter can be disabled with `set_option linter.unusedVariables false`
ℹ [772/1119] Replayed Vsa.Sim.Regions
info: Vsa/Sim/Regions.lean:541:0: 'Vsa.Sim.read64_writeMap8_rg' depends on axioms: [propext, Classical.choice, Quot.sound]
info: Vsa/Sim/Regions.lean:542:0: 'Vsa.Sim.read64_writeMap8_disjoint_rg' depends on axioms: [propext, Classical.choice, Quot.sound]
info: Vsa/Sim/Regions.lean:543:0: 'Vsa.Sim.AgreeOn.trans' depends on axioms: [propext, Classical.choice, Quot.sound]
info: Vsa/Sim/Regions.lean:544:0: 'Vsa.Sim.spill_transfer_rg' depends on axioms: [propext, Classical.choice, Quot.sound]
info: Vsa/Sim/Regions.lean:545:0: 'Vsa.Sim.FixedMap.tohost_disjoint' does not depend on any axioms
⚠ [776/1119] Replayed Vsa.Sim.ValueEqualSpec4
warning: Vsa/Sim/ValueEqualSpec4.lean:91:5: unused variable `hra`

Note: This linter can be disabled with `set_option linter.unusedVariables false`
warning: Vsa/Sim/ValueEqualSpec4.lean:99:29: unused variable `hwin_lo`

Note: This linter can be disabled with `set_option linter.unusedVariables false`
ℹ [778/1119] Replayed Vsa.While.StackNeed
info: Vsa/While/StackNeed.lean:266:0: 'Vsa.While.Expr.stackNeed_ge' does not depend on any axioms
info: Vsa/While/StackNeed.lean:267:0: 'Vsa.While.Stmt.stackNeed_ge' does not depend on any axioms
info: Vsa/While/StackNeed.lean:268:0: 'Vsa.Alloc.StackOK.mono' does not depend on any axioms
info: Vsa/While/StackNeed.lean:269:0: 'Vsa.Alloc.StackOK.child' depends on axioms: [propext, Quot.sound]
ℹ [784/1119] Replayed Vsa.Sim.EvalIntSim
info: Vsa/Sim/EvalIntSim.lean:79:0: EvalIntSimGoal : Prop
⚠ [785/1119] Replayed Vsa.Sim.EvalSimCommon
warning: Vsa/Sim/EvalSimCommon.lean:834:5: unused variable `hjtgt`

Note: This linter can be disabled with `set_option linter.unusedVariables false`
⚠ [788/1119] Replayed Vsa.Sim.OmegaHelpers2
warning: Vsa/Sim/OmegaHelpers2.lean:51:5: unused variable `hb`

Note: This linter can be disabled with `set_option linter.unusedVariables false`
warning: Vsa/Sim/OmegaHelpers2.lean:51:19: unused variable `hk`

Note: This linter can be disabled with `set_option linter.unusedVariables false`
⚠ [802/1119] Replayed Vsa.Sim.EnvDefSpec3
warning: Vsa/Sim/EnvDefSpec3.lean:388:9: unused variable `name`

Note: This linter can be disabled with `set_option linter.unusedVariables false`
warning: Vsa/Sim/EnvDefSpec3.lean:388:14: unused variable `pv`

Note: This linter can be disabled with `set_option linter.unusedVariables false`
warning: Vsa/Sim/EnvDefSpec3.lean:391:5: unused variable `hit`

Note: This linter can be disabled with `set_option linter.unusedVariables false`
warning: Vsa/Sim/EnvDefSpec3.lean:392:5: unused variable `m0`

Note: This linter can be disabled with `set_option linter.unusedVariables false`
⚠ [805/1119] Replayed Vsa.Sim.EvalVarSim
warning: Vsa/Sim/EvalVarSim.lean:1039:5: unused variable `hsret_arena`

Note: This linter can be disabled with `set_option linter.unusedVariables false`
ℹ [806/1119] Replayed Vsa.Sim.InductionScaffold
info: Vsa/Sim/InductionScaffold.lean:305:0: 'Vsa.Sim.Scaffold.gGpr_x23' does not depend on any axioms
info: Vsa/Sim/InductionScaffold.lean:306:0: 'Vsa.Sim.Scaffold.entryImage_of_none' depends on axioms: [propext, Classical.choice, Quot.sound]
info: Vsa/Sim/InductionScaffold.lean:510:0: 'Vsa.Sim.Scaffold.motive_EvalE_int' depends on axioms: [propext, Classical.choice, Quot.sound]
info: Vsa/Sim/InductionScaffold.lean:606:0: 'Vsa.Sim.Scaffold.induction_completed_leaf_cases_check' depends on axioms: [propext, Classical.choice, Quot.sound]
info: Vsa/Sim/InductionScaffold.lean:652:0: 'Vsa.Sim.Scaffold.induction_plumbing_check' depends on axioms: [propext, Classical.choice, Quot.sound]
ℹ [811/1119] Replayed Vsa.Sim.GeomFacts
info: Vsa/Sim/GeomFacts.lean:279:0: 'Vsa.Sim.ObjGeom.ram_lo' depends on axioms: [propext, Quot.sound]
info: Vsa/Sim/GeomFacts.lean:280:0: 'Vsa.Sim.ObjGeom.of_fixedMap' depends on axioms: [propext, Quot.sound]
info: Vsa/Sim/GeomFacts.lean:281:0: 'Vsa.Sim.geomFacts_of_layout' does not depend on any axioms
info: Vsa/Sim/GeomFacts.lean:282:0: 'Vsa.Sim.objGeom_of_bounds' depends on axioms: [propext, Classical.choice, Quot.sound]
⚠ [812/1119] Replayed Vsa.Sim.ExecBrkCont
warning: Vsa/Sim/ExecBrkCont.lean:243:10: unused variable `aRet`

Note: This linter can be disabled with `set_option linter.unusedVariables false`
ℹ [814/1119] Replayed Vsa.Sim.ReprCopy
info: Vsa/Sim/ReprCopy.lean:351:0: 'Vsa.Sim.valueRepr_copy' depends on axioms: [propext, Classical.choice, Quot.sound]
info: Vsa/Sim/ReprCopy.lean:352:0: 'Vsa.Sim.valueRepr_copy_of_writeWindow' depends on axioms: [propext, Classical.choice, Quot.sound]
info: Vsa/Sim/ReprCopy.lean:353:0: 'Vsa.Sim.valueRepr_copy_total' depends on axioms: [propext, Classical.choice, Quot.sound]
info: Vsa/Sim/ReprCopy.lean:354:0: 'Vsa.Sim.valueRepr_copy_total_of_writeWindow' depends on axioms: [propext, Classical.choice, Quot.sound]
⚠ [815/1119] Replayed Vsa.Sim.ExecExprRet
warning: Vsa/Sim/ExecExprRet.lean:116:43: unused variable `v1`

Note: This linter can be disabled with `set_option linter.unusedVariables false`
warning: Vsa/Sim/ExecExprRet.lean:159:63: unused variable `v`

Note: This linter can be disabled with `set_option linter.unusedVariables false`
⚠ [821/1119] Replayed Vsa.Sim.EvalLeafD
warning: Vsa/Sim/EvalLeafD.lean:180:5: unused variable `hE`

Note: This linter can be disabled with `set_option linter.unusedVariables false`
warning: Vsa/Sim/EvalLeafD.lean:197:5: unused variable `hE`

Note: This linter can be disabled with `set_option linter.unusedVariables false`
warning: Vsa/Sim/EvalLeafD.lean:214:5: unused variable `hE`

Note: This linter can be disabled with `set_option linter.unusedVariables false`
warning: Vsa/Sim/EvalLeafD.lean:231:5: unused variable `hE`

Note: This linter can be disabled with `set_option linter.unusedVariables false`
⚠ [828/1119] Replayed Vsa.Sim.BlockTactics
warning: Vsa/Sim/BlockTactics.lean:31:31: `List.asString` has been deprecated: Use `String.ofList` instead

Note: The updated constant is in a different namespace. Dot notation may need to be changed (e.g., from `x.asString` to `String.ofList x`).
warning: Vsa/Sim/BlockTactics.lean:32:3: `String.mk` has been deprecated: Use `String.ofList` instead
⚠ [832/1119] Replayed Vsa.Sim.BlockLogic
warning: Vsa/Sim/BlockLogic.lean:105:21: unused variable `vm`

Note: This linter can be disabled with `set_option linter.unusedVariables false`
warning: Vsa/Sim/BlockLogic.lean:262:17: unused variable `vm`

Note: This linter can be disabled with `set_option linter.unusedVariables false`
warning: Vsa/Sim/BlockLogic.lean:262:20: unused variable `v8`

Note: This linter can be disabled with `set_option linter.unusedVariables false`
warning: Vsa/Sim/BlockLogic.lean:262:47: unused variable `lb0`

Note: This linter can be disabled with `set_option linter.unusedVariables false`
warning: Vsa/Sim/BlockLogic.lean:262:51: unused variable `lb1`

Note: This linter can be disabled with `set_option linter.unusedVariables false`
warning: Vsa/Sim/BlockLogic.lean:262:55: unused variable `lb2`

Note: This linter can be disabled with `set_option linter.unusedVariables false`
warning: Vsa/Sim/BlockLogic.lean:262:59: unused variable `lb3`

Note: This linter can be disabled with `set_option linter.unusedVariables false`
warning: Vsa/Sim/BlockLogic.lean:504:19: unused variable `vm`

Note: This linter can be disabled with `set_option linter.unusedVariables false`
warning: Vsa/Sim/BlockLogic.lean:504:22: unused variable `v8`

Note: This linter can be disabled with `set_option linter.unusedVariables false`
warning: Vsa/Sim/BlockLogic.lean:504:49: unused variable `lb0`

Note: This linter can be disabled with `set_option linter.unusedVariables false`
warning: Vsa/Sim/BlockLogic.lean:504:53: unused variable `lb1`

Note: This linter can be disabled with `set_option linter.unusedVariables false`
warning: Vsa/Sim/BlockLogic.lean:504:57: unused variable `lb2`

Note: This linter can be disabled with `set_option linter.unusedVariables false`
warning: Vsa/Sim/BlockLogic.lean:504:61: unused variable `lb3`

Note: This linter can be disabled with `set_option linter.unusedVariables false`
ℹ [835/1119] Replayed Vsa.Sim.EntryGroundKit
info: Vsa/Sim/EntryGroundKit.lean:315:0: 'Vsa.Sim.EvalGround.child_at' depends on axioms: [propext, Classical.choice, Quot.sound]
info: Vsa/Sim/EntryGroundKit.lean:316:0: 'Vsa.Sim.ExecGround.child_at' depends on axioms: [propext, Classical.choice, Quot.sound]
info: Vsa/Sim/EntryGroundKit.lean:317:0: 'Vsa.Sim.evalGround_ast_read64_agree' depends on axioms: [propext, Classical.choice, Quot.sound]
info: Vsa/Sim/EntryGroundKit.lean:318:0: 'Vsa.Sim.execGround_ast_read64_agree' depends on axioms: [propext, Classical.choice, Quot.sound]
⚠ [853/1119] Replayed Vsa.Sim.SnprintfSpec7
warning: Vsa/Sim/SnprintfSpec7.lean:66:15: This simp argument is unused:
  hmsb

Hint: Omit it from the simp argument list.
  simp only [h̵m̵s̵b̵,̵ ̵Bool.false_eq_true, if_false, Nat.add_zero]

Note: This linter can be disabled with `set_option linter.unusedSimpArgs false`
warning: Vsa/Sim/SnprintfSpec7.lean:68:15: This simp argument is unused:
  hmsb

Hint: Omit it from the simp argument list.
  simp only [h̵m̵s̵b̵,̵ ̵if_true]

Note: This linter can be disabled with `set_option linter.unusedSimpArgs false`
⚠ [857/1119] Replayed Vsa.Sim.SnprintfSpec18
warning: Vsa/Sim/SnprintfSpec18.lean:112:43: unused variable `h`

Note: This linter can be disabled with `set_option linter.unusedVariables false`
warning: Vsa/Sim/SnprintfSpec18.lean:412:5: unused variable `hval`

Note: This linter can be disabled with `set_option linter.unusedVariables false`
warning: Vsa/Sim/SnprintfSpec18.lean:474:5: unused variable `hval`

Note: This linter can be disabled with `set_option linter.unusedVariables false`
warning: Vsa/Sim/SnprintfSpec18.lean:578:5: unused variable `hval`

Note: This linter can be disabled with `set_option linter.unusedVariables false`
warning: Vsa/Sim/SnprintfSpec18.lean:611:5: unused variable `hval`

Note: This linter can be disabled with `set_option linter.unusedVariables false`
⚠ [860/1119] Replayed Vsa.Sim.EnvNewSpec
warning: Vsa/Sim/EnvNewSpec.lean:395:38: This simp argument is unused:
  Nat.pow_zero

Hint: Omit it from the simp argument list.
  simp only [BitVec.extractLsb', BitVec.toNat_ofNat, Nat.shiftRight_eq_div_pow,
  ̵  ̵ ̵ ̵Option.some.injEq,
  ̲  ̲ ̲ ̲Nat.reducePow, Nat.p̵o̵w̵_̵z̵e̵r̵o̵,̵ ̵N̵a̵t̵.̵div_one]

Note: This linter can be disabled with `set_option linter.unusedSimpArgs false`
warning: Vsa/Sim/EnvNewSpec.lean:395:52: This simp argument is unused:
  Nat.div_one

Hint: Omit it from the simp argument list.
  simp only [BitVec.extractLsb', BitVec.toNat_ofNat, Nat.shiftRight_eq_div_pow,
  ̵  ̵ ̵ ̵Option.some.injEq,
  ̲  ̲ ̲ ̲Nat.reducePow, Nat.pow_zero,̵ ̵N̵a̵t̵.̵d̵i̵v̵_̵o̵n̵e̵]

Note: This linter can be disabled with `set_option linter.unusedSimpArgs false`
warning: Vsa/Sim/EnvNewSpec.lean:443:53: This simp argument is unused:
  BitVec.toNat_ushiftRight

Hint: Omit it from the simp argument list.
  simp only [BitVec.extractLsb', BitVec.toNat_ofNat, B̵i̵t̵V̵e̵c̵.̵t̵o̵N̵a̵t̵_̵u̵s̵h̵i̵f̵t̵R̵i̵g̵h̵t̵,̵Nat.shiftRight_eq_div_pow, hv]

Note: This linter can be disabled with `set_option linter.unusedSimpArgs false`
warning: Vsa/Sim/EnvNewSpec.lean:526:5: unused variable `par`

Note: This linter can be disabled with `set_option linter.unusedVariables false`
warning: Vsa/Sim/EnvNewSpec.lean:903:14: try 'simp' instead of 'simpa'

Note: This linter can be disabled with `set_option linter.unnecessarySimpa false`
⚠ [861/1119] Replayed Vsa.Sim.EnvDefSpec4
warning: Vsa/Sim/EnvDefSpec4.lean:369:5: unused variable `g`

Note: This linter can be disabled with `set_option linter.unusedVariables false`
warning: Vsa/Sim/EnvDefSpec4.lean:370:17: unused variable `r`

Note: This linter can be disabled with `set_option linter.unusedVariables false`
warning: Vsa/Sim/EnvDefSpec4.lean:371:5: unused variable `m0`

Note: This linter can be disabled with `set_option linter.unusedVariables false`
ℹ [883/1119] Replayed Vsa.Sim.rows.EvalLeRow
info: Vsa/Sim/rows/EvalLeRow.lean:860:0: 'Vsa.Sim.blockC_le' depends on axioms: [propext, Classical.choice, Quot.sound]
info: Vsa/Sim/rows/EvalLeRow.lean:861:0: 'Vsa.Sim.evalLeSim' depends on axioms: [propext, Classical.choice, Quot.sound]
ℹ [884/1119] Replayed Vsa.Sim.rows.EvalGtRow
info: Vsa/Sim/rows/EvalGtRow.lean:861:0: 'Vsa.Sim.blockC_gt' depends on axioms: [propext, Classical.choice, Quot.sound]
info: Vsa/Sim/rows/EvalGtRow.lean:862:0: 'Vsa.Sim.evalGtSim' depends on axioms: [propext, Classical.choice, Quot.sound]
ℹ [888/1119] Replayed Vsa.Sim.TermImageGeom
info: Vsa/Sim/TermImageGeom.lean:70:0: 'Vsa.Sim.ImageGeom.stackBounds' does not depend on any axioms
info: Vsa/Sim/TermImageGeom.lean:71:0: 'Vsa.Sim.imageGeom_of_addResid' depends on axioms: [propext, Classical.choice, Quot.sound]
info: Vsa/Sim/TermImageGeom.lean:72:0: 'Vsa.Sim.addResid_stackBounds' depends on axioms: [propext, Classical.choice, Quot.sound]
⚠ [891/1119] Replayed Vsa.Sim.rows.IntPostEpilogue
warning: Vsa/Sim/rows/IntPostEpilogue.lean:71:5: unused variable `st'`

Note: This linter can be disabled with `set_option linter.unusedVariables false`
info: Vsa/Sim/rows/IntPostEpilogue.lean:126:0: 'Vsa.Sim.intPostToEpilogue' depends on axioms: [propext, Classical.choice, Quot.sound]
ℹ [892/1119] Replayed Vsa.Sim.BinopTailGen
info: Vsa/Sim/BinopTailGen.lean:351:0: 'Vsa.Sim.intBoxEpilogue' depends on axioms: [propext, Classical.choice, Quot.sound]
ℹ [893/1119] Replayed Vsa.Sim.DeriveCallSeg
info: Vsa/Sim/DeriveCallSeg.lean:98:0: 'Vsa.Sim.callSegDemo' depends on axioms: [propext, Classical.choice, Quot.sound]
info: Vsa/Sim/DeriveCallSeg.lean:117:0: 'Vsa.Sim.callClosureSimShape' depends on axioms: [propext, Classical.choice, Quot.sound]
info: Vsa/Sim/DeriveCallSeg.lean:130:0: 'Vsa.Sim.callSegConseqDemo' depends on axioms: [propext, Classical.choice, Quot.sound]
ℹ [894/1119] Replayed Vsa.Sim.BoxSuffixSeams
info: Vsa/Sim/BoxSuffixSeams.lean:65:0: 'Vsa.Sim.valueIntCallSeam' depends on axioms: [propext, Classical.choice, Quot.sound]
info: Vsa/Sim/BoxSuffixSeams.lean:130:0: 'Vsa.Sim.value_bool_box' depends on axioms: [propext, Classical.choice, Quot.sound]
info: Vsa/Sim/BoxSuffixSeams.lean:131:0: 'Vsa.Sim.valueBoolCallSeam' depends on axioms: [propext, Classical.choice, Quot.sound]
ℹ [895/1119] Replayed Vsa.Sim.BoolBoxEpilogue
info: Vsa/Sim/BoolBoxEpilogue.lean:277:0: 'Vsa.Sim.boolBoxEpilogue' depends on axioms: [propext, Classical.choice, Quot.sound]
⚠ [896/1119] Replayed Vsa.Sim.EvalMulChain
warning: Vsa/Sim/EvalMulChain.lean:397:5: unused variable `hcf8`

Note: This linter can be disabled with `set_option linter.unusedVariables false`
ℹ [900/1119] Replayed Vsa.Sim.EvalDivChain
info: Vsa/Sim/EvalDivChain.lean:108:0: 'Vsa.Sim.DivSlotPinned' depends on axioms: [propext, Classical.choice, Quot.sound]
info: Vsa/Sim/EvalDivChain.lean:109:0: 'Vsa.Sim.divSlot_writeMap8' depends on axioms: [propext, Classical.choice, Quot.sound]
info: Vsa/Sim/EvalDivChain.lean:110:0: 'Vsa.Sim.divSlot_routes' depends on axioms: [propext, Quot.sound]
info: Vsa/Sim/EvalDivChain.lean:111:0: 'Vsa.Sim.divIndex_val' depends on axioms: [propext, Quot.sound]
info: Vsa/Sim/EvalDivChain.lean:112:0: 'Vsa.Sim.divToken_val' depends on axioms: [propext, Quot.sound]
info: Vsa/Sim/EvalDivChain.lean:378:0: 'Vsa.Sim.evalDivChain_run' depends on axioms: [propext, Classical.choice, Quot.sound]
ℹ [901/1119] Replayed Vsa.Sim.SegFrameFacts
info: Vsa/Sim/SegFrameFacts.lean:140:0: 'Vsa.Sim.memFacts_ld_frame' depends on axioms: [propext, Classical.choice, Quot.sound]
info: Vsa/Sim/SegFrameFacts.lean:141:0: 'Vsa.Sim.memFacts_sd_frame' depends on axioms: [propext, Classical.choice, Quot.sound]
info: Vsa/Sim/SegFrameFacts.lean:142:0: 'Vsa.Sim.frame_ea' depends on axioms: [propext, Classical.choice, Quot.sound]
info: Vsa/Sim/SegFrameFacts.lean:143:0: 'Vsa.Sim.frame_ld' depends on axioms: [propext, Classical.choice, Quot.sound]
info: Vsa/Sim/SegFrameFacts.lean:144:0: 'Vsa.Sim.frame_sd' depends on axioms: [propext, Classical.choice, Quot.sound]
ℹ [926/1119] Replayed Vsa.Sim.SegEval
info: Vsa/Sim/SegEval.lean:98:0: 'Vsa.Sim.writeLog_evalBlocks' depends on axioms: [propext, Classical.choice, Quot.sound]
info: Vsa/Sim/SegEval.lean:99:0: 'Vsa.Sim.writeLog_evalBlocks_init' depends on axioms: [propext, Classical.choice, Quot.sound]
info: Vsa/Sim/SegEval.lean:100:0: 'Vsa.Sim.evalBlocks_regs' depends on axioms: [propext, Quot.sound]
ℹ [927/1119] Replayed Vsa.Sim.SegEvalSound
info: Vsa/Sim/SegEvalSound.lean:79:0: 'Vsa.Sim.segEval_sound' depends on axioms: [propext, Classical.choice, Quot.sound]
ℹ [928/1119] Replayed Vsa.Sim.FrameCalc
info: Vsa/Sim/FrameCalc.lean:153:0: 'Vsa.Sim.FrameCalc.trans' depends on axioms: [propext, Classical.choice, Quot.sound]
info: Vsa/Sim/FrameCalc.lean:154:0: 'Vsa.Sim.FrameCalc.frameOn' depends on axioms: [propext, Classical.choice, Quot.sound]
info: Vsa/Sim/FrameCalc.lean:155:0: 'Vsa.Sim.FrameCalc.valueRepr_copy' depends on axioms: [propext, Classical.choice, Quot.sound]
info: Vsa/Sim/FrameCalc.lean:156:0: 'Vsa.Sim.MarshalFacts.frameOn' depends on axioms: [propext, Classical.choice, Quot.sound]
ℹ [929/1119] Replayed Vsa.Sim.DeriveCase
info: Vsa/Sim/DeriveCase.lean:156:0: 'Vsa.Sim.demoChain_row' depends on axioms: [propext, Classical.choice, Quot.sound]
⚠ [930/1119] Replayed Vsa.Sim.ChainFactsTac
warning: Vsa/Sim/ChainFactsTac.lean:59:31: `List.asString` has been deprecated: Use `String.ofList` instead

Note: The updated constant is in a different namespace. Dot notation may need to be changed (e.g., from `x.asString` to `String.ofList x`).
warning: Vsa/Sim/ChainFactsTac.lean:60:3: `String.mk` has been deprecated: Use `String.ofList` instead
info: Vsa/Sim/ChainFactsTac.lean:179:0: 'Vsa.Sim.chainFactsDemo_facts' depends on axioms: [propext, Classical.choice, Quot.sound]
info: Vsa/Sim/ChainFactsTac.lean:180:0: 'Vsa.Sim.chainFactsDemo_row' depends on axioms: [propext, Classical.choice, Quot.sound]
ℹ [931/1119] Replayed Vsa.Sim.DeriveCaseRow
info: Vsa/Sim/DeriveCaseRow.lean:103:0: 'Vsa.Sim.segToTriple' depends on axioms: [propext, Classical.choice, Quot.sound]
info: Vsa/Sim/DeriveCaseRow.lean:139:0: 'Vsa.Sim.demoChainRow' depends on axioms: [propext, Classical.choice, Quot.sound]
ℹ [932/1119] Replayed Vsa.Sim.EqNeDispatchSeg
info: Vsa/Sim/EqNeDispatchSeg.lean:170:0: 'Vsa.Sim.eqDispatchRow' depends on axioms: [propext, Classical.choice, Quot.sound]
info: Vsa/Sim/EqNeDispatchSeg.lean:171:0: 'Vsa.Sim.neDispatchRow' depends on axioms: [propext, Classical.choice, Quot.sound]
info: Vsa/Sim/EqNeDispatchSeg.lean:186:0: 'Vsa.Sim.binOpSem_eq' depends on axioms: [propext, Classical.choice, Quot.sound]
info: Vsa/Sim/EqNeDispatchSeg.lean:187:0: 'Vsa.Sim.binOpSem_ne' depends on axioms: [propext, Classical.choice, Quot.sound]
info: Vsa/Sim/EqNeDispatchSeg.lean:263:0: 'Vsa.Sim.valueEqualTriple' depends on axioms: [propext, Classical.choice, Quot.sound]
info: Vsa/Sim/EqNeDispatchSeg.lean:264:0: 'Vsa.Sim.valueEqualCallSeam' depends on axioms: [propext, Classical.choice, Quot.sound]
ℹ [933/1119] Replayed Vsa.Sim.DivDispatchSeg
info: Vsa/Sim/DivDispatchSeg.lean:147:0: 'Vsa.Sim.divDispatchRow' depends on axioms: [propext, Classical.choice, Quot.sound]
info: Vsa/Sim/DivDispatchSeg.lean:182:0: 'Vsa.Sim.binOpSem_div_int' depends on axioms: [propext, Classical.choice, Quot.sound]
info: Vsa/Sim/DivDispatchSeg.lean:183:0: 'Vsa.Sim.divCallSeam' depends on axioms: [propext, Classical.choice, Quot.sound]
⚠ [934/1119] Replayed Vsa.Sim.SegFrameFactsAuto
warning: Vsa/Sim/SegFrameFactsAuto.lean:245:62: unused variable `fb`

Note: This linter can be disabled with `set_option linter.unusedVariables false`
info: Vsa/Sim/SegFrameFactsAuto.lean:556:0: 'Vsa.Sim.eqDispatch_facts' depends on axioms: [propext, Classical.choice, Quot.sound]
info: Vsa/Sim/SegFrameFactsAuto.lean:595:0: 'Vsa.Sim.eqDispatchRow_frame' depends on axioms: [propext, Classical.choice, Quot.sound]
info: Vsa/Sim/SegFrameFactsAuto.lean:633:0: 'Vsa.Sim.divDispatch_facts' depends on axioms: [propext, Classical.choice, Quot.sound]
info: Vsa/Sim/SegFrameFactsAuto.lean:654:0: 'Vsa.Sim.divDispatchRow_frame' depends on axioms: [propext, Classical.choice, Quot.sound]
ℹ [935/1119] Replayed Vsa.Sim.EvalDivArm
info: Vsa/Sim/EvalDivArm.lean:87:0: 'Vsa.Sim.divDispatchPost_of_chainEnd' depends on axioms: [propext, Classical.choice, Quot.sound]
info: Vsa/Sim/EvalDivArm.lean:201:0: 'Vsa.Sim.evalDivChain_dispatch' depends on axioms: [propext, Classical.choice, Quot.sound]
ℹ [937/1119] Replayed Vsa.Sim.ModDispatchSeg
info: Vsa/Sim/ModDispatchSeg.lean:129:0: 'Vsa.Sim.modDispatchRow' depends on axioms: [propext, Classical.choice, Quot.sound]
info: Vsa/Sim/ModDispatchSeg.lean:164:0: 'Vsa.Sim.binOpSem_mod_int' depends on axioms: [propext, Classical.choice, Quot.sound]
info: Vsa/Sim/ModDispatchSeg.lean:165:0: 'Vsa.Sim.modCallSeam' depends on axioms: [propext, Classical.choice, Quot.sound]
ℹ [938/1119] Replayed Vsa.Sim.BinOpValueTails
info: Vsa/Sim/BinOpValueTails.lean:86:0: 'Vsa.Sim.divValueTail' depends on axioms: [propext, Classical.choice, Quot.sound]
info: Vsa/Sim/BinOpValueTails.lean:87:0: 'Vsa.Sim.modValueTail' depends on axioms: [propext, Classical.choice, Quot.sound]
info: Vsa/Sim/BinOpValueTails.lean:124:0: 'Vsa.Sim.eqNeValueTail' depends on axioms: [propext, Classical.choice, Quot.sound]
ℹ [939/1119] Replayed Vsa.Sim.EvalDivValueTail
info: Vsa/Sim/EvalDivValueTail.lean:106:0: 'Vsa.Sim.divPreBridge' depends on axioms: [propext, Classical.choice, Quot.sound]
ℹ [940/1119] Replayed Vsa.Sim.LoopStep
info: Vsa/Sim/LoopStep.lean:306:0: 'Vsa.Sim.loopStep' depends on axioms: [propext, Classical.choice, Quot.sound]
info: Vsa/Sim/LoopStep.lean:307:0: 'Vsa.Sim.callStep' depends on axioms: [propext, Classical.choice, Quot.sound]
info: Vsa/Sim/LoopStep.lean:308:0: 'Vsa.Sim.loopDemo' depends on axioms: [propext, Classical.choice, Quot.sound]
⚠ [941/1119] Replayed Vsa.Sim.rows.EvalDivRow
warning: Vsa/Sim/rows/EvalDivRow.lean:96:62: unused variable `fb`

Note: This linter can be disabled with `set_option linter.unusedVariables false`
ℹ [942/1119] Replayed Vsa.Sim.BinopChainGen
info: Vsa/Sim/BinopChainGen.lean:349:0: 'Vsa.Sim.evalBinopChain_run' depends on axioms: [propext, Classical.choice, Quot.sound]
ℹ [943/1119] Replayed Vsa.Sim.ModDispatchStrong
info: Vsa/Sim/ModDispatchStrong.lean:98:0: 'Vsa.Sim.modDispatchRowS' depends on axioms: [propext, Classical.choice, Quot.sound]
info: Vsa/Sim/ModDispatchStrong.lean:111:0: 'Vsa.Sim.modDispatch_facts' depends on axioms: [propext, Classical.choice, Quot.sound]
info: Vsa/Sim/ModDispatchStrong.lean:129:0: 'Vsa.Sim.modDispatchRow_frame' depends on axioms: [propext, Classical.choice, Quot.sound]
ℹ [944/1119] Replayed Vsa.Sim.EvalModArm
info: Vsa/Sim/EvalModArm.lean:62:0: 'Vsa.Sim.modDispatchPost_of_chainEnd' depends on axioms: [propext, Classical.choice, Quot.sound]
info: Vsa/Sim/EvalModArm.lean:172:0: 'Vsa.Sim.evalModChain_dispatch' depends on axioms: [propext, Classical.choice, Quot.sound]
ℹ [946/1119] Replayed Vsa.Sim.EvalModValueTail
info: Vsa/Sim/EvalModValueTail.lean:108:0: 'Vsa.Sim.modPreBridge' depends on axioms: [propext, Classical.choice, Quot.sound]
ℹ [947/1119] Replayed Vsa.Sim.rows.EvalModRow
info: Vsa/Sim/rows/EvalModRow.lean:715:0: 'Vsa.Sim.blockC_mod' depends on axioms: [propext, Classical.choice, Quot.sound]
info: Vsa/Sim/rows/EvalModRow.lean:716:0: 'Vsa.Sim.evalModSim' depends on axioms: [propext, Classical.choice, Quot.sound]
ℹ [948/1119] Replayed Vsa.Sim.EqNeDispatchStrong
info: Vsa/Sim/EqNeDispatchStrong.lean:246:0: 'Vsa.Sim.eqDispatchRowS' depends on axioms: [propext, Classical.choice, Quot.sound]
info: Vsa/Sim/EqNeDispatchStrong.lean:284:0: 'Vsa.Sim.neDispatchRowS' depends on axioms: [propext, Classical.choice, Quot.sound]
info: Vsa/Sim/EqNeDispatchStrong.lean:301:0: 'Vsa.Sim.eqDispatchRow_frameS' depends on axioms: [propext, Classical.choice, Quot.sound]
info: Vsa/Sim/EqNeDispatchStrong.lean:310:0: 'Vsa.Sim.neDispatch_facts' depends on axioms: [propext, Classical.choice, Quot.sound]
info: Vsa/Sim/EqNeDispatchStrong.lean:326:0: 'Vsa.Sim.neDispatchRow_frameS' depends on axioms: [propext, Classical.choice, Quot.sound]
ℹ [949/1119] Replayed Vsa.Sim.EvalEqNeArm
info: Vsa/Sim/EvalEqNeArm.lean:60:0: 'Vsa.Sim.eqDispatchPost_of_chainEnd' depends on axioms: [propext, Classical.choice, Quot.sound]
info: Vsa/Sim/EvalEqNeArm.lean:84:0: 'Vsa.Sim.neDispatchPost_of_chainEnd' depends on axioms: [propext, Classical.choice, Quot.sound]
info: Vsa/Sim/EvalEqNeArm.lean:201:0: 'Vsa.Sim.evalEqChain_dispatch' depends on axioms: [propext, Classical.choice, Quot.sound]
info: Vsa/Sim/EvalEqNeArm.lean:311:0: 'Vsa.Sim.evalNeChain_dispatch' depends on axioms: [propext, Classical.choice, Quot.sound]
⚠ [951/1119] Replayed Vsa.Sim.rows.EvalEqNeRow
info: Vsa/Sim/rows/EvalEqNeRow.lean:401:0: 'Vsa.Sim.blockC_eqne' depends on axioms: [propext, Classical.choice, Quot.sound]
warning: Vsa/Sim/rows/EvalEqNeRow.lean:504:19: This simp argument is unused:
  h

Hint: Omit it from the simp argument list.
  simp only [h̵,̵ ̵cond_true, cond_false]

Note: This linter can be disabled with `set_option linter.unusedSimpArgs false`
warning: Vsa/Sim/rows/EvalEqNeRow.lean:550:19: This simp argument is unused:
  h

Hint: Omit it from the simp argument list.
  simp only [h̵,̵ ̵cond_true, cond_false]

Note: This linter can be disabled with `set_option linter.unusedSimpArgs false`
info: Vsa/Sim/rows/EvalEqNeRow.lean:559:0: 'Vsa.Sim.blockC_eq' depends on axioms: [propext, Classical.choice, Quot.sound]
info: Vsa/Sim/rows/EvalEqNeRow.lean:560:0: 'Vsa.Sim.blockC_ne' depends on axioms: [propext, Classical.choice, Quot.sound]
warning: Vsa/Sim/rows/EvalEqNeRow.lean:583:5: unused variable `hSizeF`

Note: This linter can be disabled with `set_option linter.unusedVariables false`
warning: Vsa/Sim/rows/EvalEqNeRow.lean:584:5: unused variable `hSizeC`

Note: This linter can be disabled with `set_option linter.unusedVariables false`
info: Vsa/Sim/rows/EvalEqNeRow.lean:790:0: 'Vsa.Sim.evalEqSim' depends on axioms: [propext, Classical.choice, Quot.sound]
info: Vsa/Sim/rows/EvalEqNeRow.lean:791:0: 'Vsa.Sim.evalNeSim' depends on axioms: [propext, Classical.choice, Quot.sound]
ℹ [952/1119] Replayed Vsa.Sim.EqNeReprReadback
info: Vsa/Sim/EqNeReprReadback.lean:344:0: 'Vsa.Sim.writeMap8_ld_byte' depends on axioms: [propext, Classical.choice, Quot.sound]
info: Vsa/Sim/EqNeReprReadback.lean:345:0: 'Vsa.Sim.eqDispatch_mem_tower' depends on axioms: [propext, Classical.choice, Quot.sound]
info: Vsa/Sim/EqNeReprReadback.lean:346:0: 'Vsa.Sim.neDispatch_mem_tower' depends on axioms: [propext, Classical.choice, Quot.sound]
info: Vsa/Sim/EqNeReprReadback.lean:347:0: 'Vsa.Sim.eqTower_copy_bufa' depends on axioms: [propext, Classical.choice, Quot.sound]
info: Vsa/Sim/EqNeReprReadback.lean:348:0: 'Vsa.Sim.eqTower_copy_bufb' depends on axioms: [propext, Classical.choice, Quot.sound]
info: Vsa/Sim/EqNeReprReadback.lean:349:0: 'Vsa.Sim.eqTower_outside' depends on axioms: [propext, Classical.choice, Quot.sound]
info: Vsa/Sim/EqNeReprReadback.lean:350:0: 'Vsa.Sim.valueRepr_of_reflected_copy' depends on axioms: [propext, Classical.choice, Quot.sound]
info: Vsa/Sim/EqNeReprReadback.lean:351:0: 'Vsa.Sim.eqDispatch_bufa_repr' depends on axioms: [propext, Classical.choice, Quot.sound]
info: Vsa/Sim/EqNeReprReadback.lean:352:0: 'Vsa.Sim.eqDispatch_bufb_repr' depends on axioms: [propext, Classical.choice, Quot.sound]
info: Vsa/Sim/EqNeReprReadback.lean:353:0: 'Vsa.Sim.neDispatch_bufa_repr' depends on axioms: [propext, Classical.choice, Quot.sound]
info: Vsa/Sim/EqNeReprReadback.lean:354:0: 'Vsa.Sim.neDispatch_bufb_repr' depends on axioms: [propext, Classical.choice, Quot.sound]
ℹ [953/1119] Replayed Vsa.Sim.EqNeDispatchInput
info: Vsa/Sim/EqNeDispatchInput.lean:268:0: 'Vsa.Sim.evalEqNeChain_dispatch_of_twoSubReturn' depends on axioms: [propext, Classical.choice, Quot.sound]
⚠ [954/1119] Replayed Vsa.Sim.rows.EvalEqNeFront
warning: Vsa/Sim/rows/EvalEqNeFront.lean:76:62: unused variable `fb`

Note: This linter can be disabled with `set_option linter.unusedVariables false`
info: Vsa/Sim/rows/EvalEqNeFront.lean:501:0: 'Vsa.Sim.eqnePreBridge' depends on axioms: [propext, Classical.choice, Quot.sound]
info: Vsa/Sim/rows/EvalEqNeFront.lean:544:0: 'Vsa.Sim.veReturnBridge' depends on axioms: [propext, Classical.choice, Quot.sound]
info: Vsa/Sim/rows/EvalEqNeFront.lean:673:0: 'Vsa.Sim.blockC_eqne_front' depends on axioms: [propext, Classical.choice, Quot.sound]
info: Vsa/Sim/rows/EvalEqNeFront.lean:784:0: 'Vsa.Sim.eqFrontData_of_readback' depends on axioms: [propext, Classical.choice, Quot.sound]
info: Vsa/Sim/rows/EvalEqNeFront.lean:895:0: 'Vsa.Sim.eqBlockC_bridge' depends on axioms: [propext, Classical.choice, Quot.sound]
info: Vsa/Sim/rows/EvalEqNeFront.lean:1035:0: 'Vsa.Sim.evalEqSimD' depends on axioms: [propext, Classical.choice, Quot.sound]
info: Vsa/Sim/rows/EvalEqNeFront.lean:1036:0: 'Vsa.Sim.evalNeSimD' depends on axioms: [propext, Classical.choice, Quot.sound]
⚠ [962/1119] Replayed Vsa.Sim.EvalLogical3
warning: Vsa/Sim/EvalLogical3.lean:75:5: unused variable `hSizeF`

Note: This linter can be disabled with `set_option linter.unusedVariables false`
⚠ [964/1119] Replayed Vsa.Sim.EvalLogical4
warning: Vsa/Sim/EvalLogical4.lean:78:5: unused variable `hSizeF`

Note: This linter can be disabled with `set_option linter.unusedVariables false`
ℹ [965/1119] Replayed Vsa.Sim.EnvGetSpec5
info: Vsa/Sim/EnvGetSpec5.lean:192:0: 'Vsa.Sim.lookup_valueRepr_bridge' depends on axioms: [propext, Classical.choice, Quot.sound]
info: Vsa/Sim/EnvGetSpec5.lean:193:0: 'Vsa.Sim.stride_24' depends on axioms: [propext, Quot.sound]
info: Vsa/Sim/EnvGetSpec5.lean:194:0: 'Vsa.Sim.get?_immediate_hit' depends on axioms: [propext, Quot.sound]
info: Vsa/Sim/EnvGetSpec5.lean:195:0: 'Vsa.Sim.frame_slot_valueRepr' depends on axioms: [propext, Classical.choice, Quot.sound]
info: Vsa/Sim/EnvGetSpec5.lean:196:0: 'Vsa.Sim.valsElem_addr' depends on axioms: [propext, Quot.sound]
ℹ [966/1119] Replayed Vsa.Sim.EnvGetSpec6
info: Vsa/Sim/EnvGetSpec6.lean:1112:0: 'Vsa.Sim.env_get_hit_tail' depends on axioms: [propext, Classical.choice, Quot.sound]
info: Vsa/Sim/EnvGetSpec6.lean:1113:0: 'Vsa.Sim.env_get_found_spec' depends on axioms: [propext, Classical.choice, Quot.sound]
⚠ [972/1119] Replayed Vsa.Sim.ExecBlock2
warning: Vsa/Sim/ExecBlock2.lean:83:25: unused variable `d`

Note: This linter can be disabled with `set_option linter.unusedVariables false`
warning: Vsa/Sim/ExecBlock2.lean:219:5: unused variable `hS`

Note: This linter can be disabled with `set_option linter.unusedVariables false`
warning: Vsa/Sim/ExecBlock2.lean:301:5: unused variable `hAlloc`

Note: This linter can be disabled with `set_option linter.unusedVariables false`
⚠ [975/1119] Replayed Vsa.Sim.ExecIf
warning: Vsa/Sim/ExecIf.lean:89:74: unused variable `v`

Note: This linter can be disabled with `set_option linter.unusedVariables false`
⚠ [979/1119] Replayed Vsa.Sim.ExecWhile
warning: Vsa/Sim/ExecWhile.lean:86:74: unused variable `v`

Note: This linter can be disabled with `set_option linter.unusedVariables false`
warning: Vsa/Sim/ExecWhile.lean:326:5: unused variable `hExec`

Note: This linter can be disabled with `set_option linter.unusedVariables false`
⚠ [980/1119] Replayed Vsa.Sim.ExecWhile2
warning: Vsa/Sim/ExecWhile2.lean:136:8: unused variable `st'`

Note: This linter can be disabled with `set_option linter.unusedVariables false`
warning: Vsa/Sim/ExecWhile2.lean:137:5: unused variable `v`

Note: This linter can be disabled with `set_option linter.unusedVariables false`
⚠ [993/1119] Replayed Vsa.Sim.EvalArgs
warning: Vsa/Sim/EvalArgs.lean:120:53: unused variable `es`

Note: This linter can be disabled with `set_option linter.unusedVariables false`
⚠ [1000/1119] Replayed Vsa.Sim.StrcpySpecW3
warning: Vsa/Sim/StrcpySpecW3.lean:141:20: unused variable `mem`

Note: This linter can be disabled with `set_option linter.unusedVariables false`
⚠ [1006/1119] Replayed Vsa.Sim.JmpSpec
warning: Vsa/Sim/JmpSpec.lean:738:65: unused variable `jb`

Note: This linter can be disabled with `set_option linter.unusedVariables false`
⚠ [1024/1119] Replayed Vsa.Sim.EnvGetSpec8
warning: Vsa/Sim/EnvGetSpec8.lean:542:5: unused variable `hmem9`

Note: This linter can be disabled with `set_option linter.unusedVariables false`
info: Vsa/Sim/EnvGetSpec8.lean:712:0: 'Vsa.Sim.scan_iter_from_c60' depends on axioms: [propext, Classical.choice, Quot.sound]
info: Vsa/Sim/EnvGetSpec8.lean:713:0: 'Vsa.Sim.scan_iter_hit' depends on axioms: [propext, Classical.choice, Quot.sound]
info: Vsa/Sim/EnvGetSpec8.lean:714:0: 'Vsa.Sim.scan_from_c5c_to_hit' depends on axioms: [propext, Classical.choice, Quot.sound]
info: Vsa/Sim/EnvGetSpec8.lean:715:0: 'Vsa.Sim.hitAt_to_hitTail' depends on axioms: [propext, Classical.choice, Quot.sound]
info: Vsa/Sim/EnvGetSpec8.lean:716:0: 'Vsa.Sim.env_get_found_uncond'' depends on axioms: [propext, Classical.choice, Quot.sound]
ℹ [1025/1119] Replayed Vsa.Sim.EnvGetSpec9
info: Vsa/Sim/EnvGetSpec9.lean:393:0: 'Vsa.Sim.scanNames_agreeP' depends on axioms: [propext, Classical.choice, Quot.sound]
info: Vsa/Sim/EnvGetSpec9.lean:394:0: 'Vsa.Sim.frameRepr_outsideSpill' depends on axioms: [propext, Classical.choice, Quot.sound]
info: Vsa/Sim/EnvGetSpec9.lean:395:0: 'Vsa.Sim.foundPvVals_agreeP' depends on axioms: [propext, Classical.choice, Quot.sound]
info: Vsa/Sim/EnvGetSpec9.lean:396:0: 'Vsa.Sim.foundSt_scanReady' depends on axioms: [propext, Classical.choice, Quot.sound]
info: Vsa/Sim/EnvGetSpec9.lean:397:0: 'Vsa.Sim.env_get_found_uncond''' depends on axioms: [propext, Classical.choice, Quot.sound]
ℹ [1026/1119] Replayed Vsa.Sim.EnvGetSpec10
info: Vsa/Sim/EnvGetSpec10.lean:155:0: 'Vsa.Sim.env_get_found_framed' depends on axioms: [propext, Classical.choice, Quot.sound]
ℹ [1027/1119] Replayed Vsa.Sim.EnvGetMarshal
info: Vsa/Sim/EnvGetMarshal.lean:249:0: 'Vsa.Sim.prologueSt_of_frameRepr' depends on axioms: [propext, Classical.choice, Quot.sound]
info: Vsa/Sim/EnvGetMarshal.lean:250:0: 'Vsa.Sim.foundSt_of_storeRepr' depends on axioms: [propext, Classical.choice, Quot.sound]
info: Vsa/Sim/EnvGetMarshal.lean:251:0: 'Vsa.Sim.envGetContract_of_storeRepr' depends on axioms: [propext, Classical.choice, Quot.sound]
⚠ [1028/1119] Replayed Vsa.Sim.SnprintfSpec8
warning: Vsa/Sim/SnprintfSpec8.lean:58:44: unused variable `hx`

Note: This linter can be disabled with `set_option linter.unusedVariables false`
ℹ [1040/1119] Replayed Vsa.Sim.ReallocSpec
info: Vsa/Sim/ReallocSpec.lean:109:0: 'Vsa.Sim.heapPublicFrame_refl' depends on axioms: [propext, Classical.choice, Quot.sound]
ℹ [1041/1119] Replayed Vsa.Sim.HeapOps
info: Vsa/Sim/HeapOps.lean:92:0: 'Vsa.Sim.HeapOps.privFoot_disjoint' depends on axioms: [propext, Classical.choice, Quot.sound]
⚠ [1042/1119] Replayed Vsa.Sim.EnvDefineClose
warning: Vsa/Sim/EnvDefineClose.lean:65:33: This simp argument is unused:
  if_false

Hint: Omit it from the simp argument list.
  simp only [List.erase, hb,̵ ̵i̵f̵_̵f̵a̵l̵s̵e̵] at h

Note: This linter can be disabled with `set_option linter.unusedSimpArgs false`
warning: Vsa/Sim/EnvDefineClose.lean:81:35: This simp argument is unused:
  if_false

Hint: Omit it from the simp argument list.
  simp only [List.erase, hb,̵ ̵i̵f̵_̵f̵a̵l̵s̵e̵]

Note: This linter can be disabled with `set_option linter.unusedSimpArgs false`
warning: Vsa/Sim/EnvDefineClose.lean:110:35: This simp argument is unused:
  if_false

Hint: Omit it from the simp argument list.
  simp only [List.erase, hb,̵ ̵i̵f̵_̵f̵a̵l̵s̵e̵] at h

Note: This linter can be disabled with `set_option linter.unusedSimpArgs false`
info: Vsa/Sim/EnvDefineClose.lean:183:0: 'Vsa.Sim.realloc_grow2_arena' depends on axioms: [propext, Quot.sound]
info: Vsa/Sim/EnvDefineClose.lean:184:0: 'Vsa.Sim.heapPublicFrame_trans' depends on axioms: [propext, Classical.choice, Quot.sound]
⚠ [1043/1119] Replayed Vsa.Sim.ErrorSim
warning: Vsa/Sim/ErrorSim.lean:194:64: unused variable `ss`

Note: This linter can be disabled with `set_option linter.unusedVariables false`
warning: Vsa/Sim/ErrorSim.lean:210:64: unused variable `ss`

Note: This linter can be disabled with `set_option linter.unusedVariables false`
warning: Vsa/Sim/ErrorSim.lean:226:64: unused variable `ss`

Note: This linter can be disabled with `set_option linter.unusedVariables false`
ℹ [1046/1119] Replayed Vsa.Sim.ErrorSites
info: Vsa/Sim/ErrorSites.lean:149:0: 'Vsa.Sim.errHalts_of_site' depends on axioms: [propext, Classical.choice, Quot.sound]
info: Vsa/Sim/ErrorSites.lean:150:0: 'Vsa.Sim.errHalts_exists_of_site' depends on axioms: [propext, Classical.choice, Quot.sound]
⚠ [1047/1119] Replayed Vsa.Sim.ErrorSimFull
warning: Vsa/Sim/ErrorSimFull.lean:108:34: unused variable `d`

Note: This linter can be disabled with `set_option linter.unusedVariables false`
warning: Vsa/Sim/ErrorSimFull.lean:110:56: unused variable `x`

Note: This linter can be disabled with `set_option linter.unusedVariables false`
warning: Vsa/Sim/ErrorSimFull.lean:115:56: unused variable `op`

Note: This linter can be disabled with `set_option linter.unusedVariables false`
warning: Vsa/Sim/ErrorSimFull.lean:115:71: unused variable `r`

Note: This linter can be disabled with `set_option linter.unusedVariables false`
warning: Vsa/Sim/ErrorSimFull.lean:117:56: unused variable `op`

Note: This linter can be disabled with `set_option linter.unusedVariables false`
warning: Vsa/Sim/ErrorSimFull.lean:124:54: unused variable `r`

Note: This linter can be disabled with `set_option linter.unusedVariables false`
warning: Vsa/Sim/ErrorSimFull.lean:130:55: unused variable `r`

Note: This linter can be disabled with `set_option linter.unusedVariables false`
warning: Vsa/Sim/ErrorSimFull.lean:136:55: unused variable `op`

Note: This linter can be disabled with `set_option linter.unusedVariables false`
warning: Vsa/Sim/ErrorSimFull.lean:141:65: unused variable `args`

Note: This linter can be disabled with `set_option linter.unusedVariables false`
warning: Vsa/Sim/ErrorSimFull.lean:151:68: unused variable `es`

Note: This linter can be disabled with `set_option linter.unusedVariables false`
warning: Vsa/Sim/ErrorSimFull.lean:157:23: unused variable `st`

Note: This linter can be disabled with `set_option linter.unusedVariables false`
warning: Vsa/Sim/ErrorSimFull.lean:157:37: unused variable `d`

Note: This linter can be disabled with `set_option linter.unusedVariables false`
warning: Vsa/Sim/ErrorSimFull.lean:157:60: unused variable `vs`

Note: This linter can be disabled with `set_option linter.unusedVariables false`
warning: Vsa/Sim/ErrorSimFull.lean:163:36: unused variable `d`

Note: This linter can be disabled with `set_option linter.unusedVariables false`
warning: Vsa/Sim/ErrorSimFull.lean:163:57: unused variable `vs`

Note: This linter can be disabled with `set_option linter.unusedVariables false`
warning: Vsa/Sim/ErrorSimFull.lean:165:31: unused variable `d`

Note: This linter can be disabled with `set_option linter.unusedVariables false`
warning: Vsa/Sim/ErrorSimFull.lean:183:22: unused variable `st`

Note: This linter can be disabled with `set_option linter.unusedVariables false`
warning: Vsa/Sim/ErrorSimFull.lean:183:36: unused variable `d`

Note: This linter can be disabled with `set_option linter.unusedVariables false`
warning: Vsa/Sim/ErrorSimFull.lean:185:23: unused variable `st`

Note: This linter can be disabled with `set_option linter.unusedVariables false`
warning: Vsa/Sim/ErrorSimFull.lean:185:37: unused variable `d`

Note: This linter can be disabled with `set_option linter.unusedVariables false`
warning: Vsa/Sim/ErrorSimFull.lean:190:56: unused variable `x`

Note: This linter can be disabled with `set_option linter.unusedVariables false`
warning: Vsa/Sim/ErrorSimFull.lean:196:68: unused variable `t`

Note: This linter can be disabled with `set_option linter.unusedVariables false`
warning: Vsa/Sim/ErrorSimFull.lean:197:7: unused variable `e`

Note: This linter can be disabled with `set_option linter.unusedVariables false`
warning: Vsa/Sim/ErrorSimFull.lean:200:7: unused variable `e`

Note: This linter can be disabled with `set_option linter.unusedVariables false`
warning: Vsa/Sim/ErrorSimFull.lean:203:68: unused variable `t`

Note: This linter can be disabled with `set_option linter.unusedVariables false`
warning: Vsa/Sim/ErrorSimFull.lean:207:71: unused variable `b`

Note: This linter can be disabled with `set_option linter.unusedVariables false`
warning: Vsa/Sim/ErrorSimFull.lean:218:70: unused variable `cnd`

Note: This linter can be disabled with `set_option linter.unusedVariables false`
warning: Vsa/Sim/ErrorSimFull.lean:219:7: unused variable `step`

Note: This linter can be disabled with `set_option linter.unusedVariables false`
warning: Vsa/Sim/ErrorSimFull.lean:219:28: unused variable `b`

Note: This linter can be disabled with `set_option linter.unusedVariables false`
warning: Vsa/Sim/ErrorSimFull.lean:231:68: unused variable `step`

Note: This linter can be disabled with `set_option linter.unusedVariables false`
warning: Vsa/Sim/ErrorSimFull.lean:232:7: unused variable `b`

Note: This linter can be disabled with `set_option linter.unusedVariables false`
warning: Vsa/Sim/ErrorSimFull.lean:235:7: unused variable `step`

Note: This linter can be disabled with `set_option linter.unusedVariables false`
warning: Vsa/Sim/ErrorSimFull.lean:247:67: unused variable `ss`

Note: This linter can be disabled with `set_option linter.unusedVariables false`
warning: Vsa/Sim/ErrorSimFull.lean:273:34: unused variable `d`

Note: This linter can be disabled with `set_option linter.unusedVariables false`
warning: Vsa/Sim/ErrorSimFull.lean:275:56: unused variable `x`

Note: This linter can be disabled with `set_option linter.unusedVariables false`
warning: Vsa/Sim/ErrorSimFull.lean:280:56: unused variable `op`

Note: This linter can be disabled with `set_option linter.unusedVariables false`
warning: Vsa/Sim/ErrorSimFull.lean:280:71: unused variable `r`

Note: This linter can be disabled with `set_option linter.unusedVariables false`
warning: Vsa/Sim/ErrorSimFull.lean:282:56: unused variable `op`

Note: This linter can be disabled with `set_option linter.unusedVariables false`
warning: Vsa/Sim/ErrorSimFull.lean:289:54: unused variable `r`

Note: This linter can be disabled with `set_option linter.unusedVariables false`
warning: Vsa/Sim/ErrorSimFull.lean:295:55: unused variable `r`

Note: This linter can be disabled with `set_option linter.unusedVariables false`
warning: Vsa/Sim/ErrorSimFull.lean:301:55: unused variable `op`

Note: This linter can be disabled with `set_option linter.unusedVariables false`
warning: Vsa/Sim/ErrorSimFull.lean:306:65: unused variable `args`

Note: This linter can be disabled with `set_option linter.unusedVariables false`
warning: Vsa/Sim/ErrorSimFull.lean:315:68: unused variable `es`

Note: This linter can be disabled with `set_option linter.unusedVariables false`
warning: Vsa/Sim/ErrorSimFull.lean:320:23: unused variable `st`

Note: This linter can be disabled with `set_option linter.unusedVariables false`
warning: Vsa/Sim/ErrorSimFull.lean:320:37: unused variable `d`

Note: This linter can be disabled with `set_option linter.unusedVariables false`
warning: Vsa/Sim/ErrorSimFull.lean:320:60: unused variable `vs`

Note: This linter can be disabled with `set_option linter.unusedVariables false`
warning: Vsa/Sim/ErrorSimFull.lean:324:36: unused variable `d`

Note: This linter can be disabled with `set_option linter.unusedVariables false`
warning: Vsa/Sim/ErrorSimFull.lean:324:57: unused variable `vs`

Note: This linter can be disabled with `set_option linter.unusedVariables false`
warning: Vsa/Sim/ErrorSimFull.lean:326:31: unused variable `d`

Note: This linter can be disabled with `set_option linter.unusedVariables false`
warning: Vsa/Sim/ErrorSimFull.lean:344:22: unused variable `st`

Note: This linter can be disabled with `set_option linter.unusedVariables false`
warning: Vsa/Sim/ErrorSimFull.lean:344:36: unused variable `d`

Note: This linter can be disabled with `set_option linter.unusedVariables false`
warning: Vsa/Sim/ErrorSimFull.lean:346:23: unused variable `st`

Note: This linter can be disabled with `set_option linter.unusedVariables false`
warning: Vsa/Sim/ErrorSimFull.lean:346:37: unused variable `d`

Note: This linter can be disabled with `set_option linter.unusedVariables false`
warning: Vsa/Sim/ErrorSimFull.lean:350:56: unused variable `x`

Note: This linter can be disabled with `set_option linter.unusedVariables false`
warning: Vsa/Sim/ErrorSimFull.lean:356:68: unused variable `t`

Note: This linter can be disabled with `set_option linter.unusedVariables false`
warning: Vsa/Sim/ErrorSimFull.lean:357:7: unused variable `e`

Note: This linter can be disabled with `set_option linter.unusedVariables false`
warning: Vsa/Sim/ErrorSimFull.lean:360:7: unused variable `e`

Note: This linter can be disabled with `set_option linter.unusedVariables false`
warning: Vsa/Sim/ErrorSimFull.lean:363:68: unused variable `t`

Note: This linter can be disabled with `set_option linter.unusedVariables false`
warning: Vsa/Sim/ErrorSimFull.lean:367:71: unused variable `b`

Note: This linter can be disabled with `set_option linter.unusedVariables false`
warning: Vsa/Sim/ErrorSimFull.lean:378:70: unused variable `cnd`

Note: This linter can be disabled with `set_option linter.unusedVariables false`
warning: Vsa/Sim/ErrorSimFull.lean:379:7: unused variable `step`

Note: This linter can be disabled with `set_option linter.unusedVariables false`
warning: Vsa/Sim/ErrorSimFull.lean:379:28: unused variable `b`

Note: This linter can be disabled with `set_option linter.unusedVariables false`
warning: Vsa/Sim/ErrorSimFull.lean:390:68: unused variable `step`

Note: This linter can be disabled with `set_option linter.unusedVariables false`
warning: Vsa/Sim/ErrorSimFull.lean:391:7: unused variable `b`

Note: This linter can be disabled with `set_option linter.unusedVariables false`
warning: Vsa/Sim/ErrorSimFull.lean:394:7: unused variable `step`

Note: This linter can be disabled with `set_option linter.unusedVariables false`
warning: Vsa/Sim/ErrorSimFull.lean:405:67: unused variable `ss`

Note: This linter can be disabled with `set_option linter.unusedVariables false`
warning: Vsa/Sim/ErrorSimFull.lean:431:34: unused variable `d`

Note: This linter can be disabled with `set_option linter.unusedVariables false`
warning: Vsa/Sim/ErrorSimFull.lean:433:56: unused variable `x`

Note: This linter can be disabled with `set_option linter.unusedVariables false`
warning: Vsa/Sim/ErrorSimFull.lean:438:56: unused variable `op`

Note: This linter can be disabled with `set_option linter.unusedVariables false`
warning: Vsa/Sim/ErrorSimFull.lean:438:71: unused variable `r`

Note: This linter can be disabled with `set_option linter.unusedVariables false`
warning: Vsa/Sim/ErrorSimFull.lean:440:56: unused variable `op`

Note: This linter can be disabled with `set_option linter.unusedVariables false`
warning: Vsa/Sim/ErrorSimFull.lean:447:54: unused variable `r`

Note: This linter can be disabled with `set_option linter.unusedVariables false`
warning: Vsa/Sim/ErrorSimFull.lean:453:55: unused variable `r`

Note: This linter can be disabled with `set_option linter.unusedVariables false`
warning: Vsa/Sim/ErrorSimFull.lean:459:55: unused variable `op`

Note: This linter can be disabled with `set_option linter.unusedVariables false`
warning: Vsa/Sim/ErrorSimFull.lean:464:65: unused variable `args`

Note: This linter can be disabled with `set_option linter.unusedVariables false`
warning: Vsa/Sim/ErrorSimFull.lean:473:68: unused variable `es`

Note: This linter can be disabled with `set_option linter.unusedVariables false`
warning: Vsa/Sim/ErrorSimFull.lean:478:23: unused variable `st`

Note: This linter can be disabled with `set_option linter.unusedVariables false`
warning: Vsa/Sim/ErrorSimFull.lean:478:37: unused variable `d`

Note: This linter can be disabled with `set_option linter.unusedVariables false`
warning: Vsa/Sim/ErrorSimFull.lean:478:60: unused variable `vs`

Note: This linter can be disabled with `set_option linter.unusedVariables false`
warning: Vsa/Sim/ErrorSimFull.lean:482:36: unused variable `d`

Note: This linter can be disabled with `set_option linter.unusedVariables false`
warning: Vsa/Sim/ErrorSimFull.lean:482:57: unused variable `vs`

Note: This linter can be disabled with `set_option linter.unusedVariables false`
warning: Vsa/Sim/ErrorSimFull.lean:484:31: unused variable `d`

Note: This linter can be disabled with `set_option linter.unusedVariables false`
warning: Vsa/Sim/ErrorSimFull.lean:502:22: unused variable `st`

Note: This linter can be disabled with `set_option linter.unusedVariables false`
warning: Vsa/Sim/ErrorSimFull.lean:502:36: unused variable `d`

Note: This linter can be disabled with `set_option linter.unusedVariables false`
warning: Vsa/Sim/ErrorSimFull.lean:504:23: unused variable `st`

Note: This linter can be disabled with `set_option linter.unusedVariables false`
warning: Vsa/Sim/ErrorSimFull.lean:504:37: unused variable `d`

Note: This linter can be disabled with `set_option linter.unusedVariables false`
warning: Vsa/Sim/ErrorSimFull.lean:508:56: unused variable `x`

Note: This linter can be disabled with `set_option linter.unusedVariables false`
warning: Vsa/Sim/ErrorSimFull.lean:514:68: unused variable `t`

Note: This linter can be disabled with `set_option linter.unusedVariables false`
warning: Vsa/Sim/ErrorSimFull.lean:515:7: unused variable `e`

Note: This linter can be disabled with `set_option linter.unusedVariables false`
warning: Vsa/Sim/ErrorSimFull.lean:518:7: unused variable `e`

Note: This linter can be disabled with `set_option linter.unusedVariables false`
warning: Vsa/Sim/ErrorSimFull.lean:521:68: unused variable `t`

Note: This linter can be disabled with `set_option linter.unusedVariables false`
warning: Vsa/Sim/ErrorSimFull.lean:525:71: unused variable `b`

Note: This linter can be disabled with `set_option linter.unusedVariables false`
warning: Vsa/Sim/ErrorSimFull.lean:536:70: unused variable `cnd`

Note: This linter can be disabled with `set_option linter.unusedVariables false`
warning: Vsa/Sim/ErrorSimFull.lean:537:7: unused variable `step`

Note: This linter can be disabled with `set_option linter.unusedVariables false`
warning: Vsa/Sim/ErrorSimFull.lean:537:28: unused variable `b`

Note: This linter can be disabled with `set_option linter.unusedVariables false`
warning: Vsa/Sim/ErrorSimFull.lean:548:68: unused variable `step`

Note: This linter can be disabled with `set_option linter.unusedVariables false`
warning: Vsa/Sim/ErrorSimFull.lean:549:7: unused variable `b`

Note: This linter can be disabled with `set_option linter.unusedVariables false`
warning: Vsa/Sim/ErrorSimFull.lean:552:7: unused variable `step`

Note: This linter can be disabled with `set_option linter.unusedVariables false`
warning: Vsa/Sim/ErrorSimFull.lean:563:67: unused variable `ss`

Note: This linter can be disabled with `set_option linter.unusedVariables false`
⚠ [1048/1119] Replayed Vsa.Sim.ErrorSiteRows
info: Vsa/Sim/ErrorSiteRows.lean:110:0: 'Vsa.Sim.erow_demo_seg' depends on axioms: [propext, Classical.choice, Quot.sound]
info: Vsa/Sim/ErrorSiteRows.lean:139:0: 'Vsa.Sim.errRow' depends on axioms: [propext, Classical.choice, Quot.sound]
warning: Vsa/Sim/ErrorSiteRows.lean:168:7: unused variable `st`

Note: This linter can be disabled with `set_option linter.unusedVariables false`
warning: Vsa/Sim/ErrorSiteRows.lean:168:21: unused variable `d`

Note: This linter can be disabled with `set_option linter.unusedVariables false`
warning: Vsa/Sim/ErrorSiteRows.lean:168:44: unused variable `vs`

Note: This linter can be disabled with `set_option linter.unusedVariables false`
warning: Vsa/Sim/ErrorSiteRows.lean:202:7: unused variable `st`

Note: This linter can be disabled with `set_option linter.unusedVariables false`
warning: Vsa/Sim/ErrorSiteRows.lean:202:21: unused variable `d`

Note: This linter can be disabled with `set_option linter.unusedVariables false`
info: Vsa/Sim/ErrorSiteRows.lean:210:0: 'Vsa.Sim.row_hNotCallable' depends on axioms: [propext, Classical.choice, Quot.sound]
info: Vsa/Sim/ErrorSiteRows.lean:211:0: 'Vsa.Sim.row_hNegType' depends on axioms: [propext, Classical.choice, Quot.sound]
info: Vsa/Sim/ErrorSiteRows.lean:212:0: 'Vsa.Sim.row_hAssertFail' depends on axioms: [propext, Classical.choice, Quot.sound]
⚠ [1049/1119] Replayed Vsa.Sim.ErrorSiteRows2
warning: Vsa/Sim/ErrorSiteRows2.lean:75:21: unused variable `d`

Note: This linter can be disabled with `set_option linter.unusedVariables false`
warning: Vsa/Sim/ErrorSiteRows2.lean:131:21: unused variable `d`

Note: This linter can be disabled with `set_option linter.unusedVariables false`
warning: Vsa/Sim/ErrorSiteRows2.lean:188:7: unused variable `st`

Note: This linter can be disabled with `set_option linter.unusedVariables false`
warning: Vsa/Sim/ErrorSiteRows2.lean:188:21: unused variable `d`

Note: This linter can be disabled with `set_option linter.unusedVariables false`
warning: Vsa/Sim/ErrorSiteRows2.lean:207:44: unused variable `op`

Note: This linter can be disabled with `set_option linter.unusedVariables false`
warning: Vsa/Sim/ErrorSiteRows2.lean:224:55: unused variable `args`

Note: This linter can be disabled with `set_option linter.unusedVariables false`
info: Vsa/Sim/ErrorSiteRows2.lean:249:0: 'Vsa.Sim.row_hVarUndef' depends on axioms: [propext, Classical.choice, Quot.sound]
info: Vsa/Sim/ErrorSiteRows2.lean:250:0: 'Vsa.Sim.row_hAssignUnbound' depends on axioms: [propext, Classical.choice, Quot.sound]
info: Vsa/Sim/ErrorSiteRows2.lean:251:0: 'Vsa.Sim.row_hBinaryOp' depends on axioms: [propext, Classical.choice, Quot.sound]
info: Vsa/Sim/ErrorSiteRows2.lean:252:0: 'Vsa.Sim.row_hArity' depends on axioms: [propext, Classical.choice, Quot.sound]
info: Vsa/Sim/ErrorSiteRows2.lean:253:0: 'Vsa.Sim.row_hDepth' depends on axioms: [propext, Classical.choice, Quot.sound]
info: Vsa/Sim/ErrorSiteRows2.lean:254:0: 'Vsa.Sim.row_hEscape' depends on axioms: [propext, Classical.choice, Quot.sound]
info: Vsa/Sim/ErrorSiteRows2.lean:255:0: 'Vsa.Sim.row_hAssertArity' depends on axioms: [propext, Classical.choice, Quot.sound]
info: Vsa/Sim/ErrorSiteRows2.lean:256:0: 'Vsa.Sim.row_hUnaryE' depends on axioms: [propext, Classical.choice, Quot.sound]
info: Vsa/Sim/ErrorSiteRows2.lean:257:0: 'Vsa.Sim.row_hCallF' depends on axioms: [propext, Classical.choice, Quot.sound]
info: Vsa/Sim/ErrorSiteRows2.lean:258:0: 'Vsa.Sim.row_hExpr' depends on axioms: [propext, Classical.choice, Quot.sound]
ℹ [1050/1119] Replayed Vsa.Sim.LoopScaffoldClose
info: Vsa/Sim/LoopScaffoldClose.lean:109:0: 'Vsa.Sim.LoopScaffoldClose.segIdentity' depends on axioms: [propext, Classical.choice, Quot.sound]
info: Vsa/Sim/LoopScaffoldClose.lean:110:0: 'Vsa.Sim.LoopScaffoldClose.segIdentity_of_eq' depends on axioms: [propext, Classical.choice, Quot.sound]
info: Vsa/Sim/LoopScaffoldClose.lean:111:0: 'Vsa.Sim.LoopScaffoldClose.execInitNone_samePC' depends on axioms: [propext, Classical.choice, Quot.sound]
info: Vsa/Sim/LoopScaffoldClose.lean:112:0: 'Vsa.Sim.LoopScaffoldClose.forCondNone_samePC' depends on axioms: [propext, Classical.choice, Quot.sound]
info: Vsa/Sim/LoopScaffoldClose.lean:113:0: 'Vsa.Sim.LoopScaffoldClose.execStepNone_samePC' depends on axioms: [propext, Classical.choice, Quot.sound]
ℹ [1051/1119] Replayed Vsa.Sim.rows.LoopSteps
info: Vsa/Sim/rows/LoopSteps.lean:310:0: 'Vsa.Sim.execWhileStepOf' depends on axioms: [propext, Classical.choice, Quot.sound]
info: Vsa/Sim/rows/LoopSteps.lean:311:0: 'Vsa.Sim.execForStepOf' depends on axioms: [propext, Classical.choice, Quot.sound]
info: Vsa/Sim/rows/LoopSteps.lean:312:0: 'Vsa.Sim.evalArgsStepOf' depends on axioms: [propext, Classical.choice, Quot.sound]
info: Vsa/Sim/rows/LoopSteps.lean:313:0: 'Vsa.Sim.execWhileExit_of_bodyOracle' depends on axioms: [propext, Classical.choice, Quot.sound]
ℹ [1054/1119] Replayed Vsa.Sim.ErrorSiteJal
info: Vsa/Sim/ErrorSiteJal.lean:132:0: 'Vsa.Sim.jalStep_to_runtimeError' depends on axioms: [propext, Classical.choice, Quot.sound]
ℹ [1055/1119] Replayed Vsa.Sim.DeriveErrorSite
info: Vsa/Sim/DeriveErrorSite.lean:138:0: 'Vsa.Sim.errSite_800034e4' depends on axioms: [propext, Classical.choice, Quot.sound]
ℹ [1056/1119] Replayed Vsa.Sim.DeriveLoop
info: Vsa/Sim/DeriveLoop.lean:164:0: 'Vsa.Sim.loopFromBody' depends on axioms: [propext, Classical.choice, Quot.sound]
info: Vsa/Sim/DeriveLoop.lean:165:0: 'Vsa.Sim.loopFromStepBody' depends on axioms: [propext, Classical.choice, Quot.sound]
info: Vsa/Sim/DeriveLoop.lean:166:0: 'Vsa.Sim.countdownLoop' depends on axioms: [propext, Classical.choice, Quot.sound]
info: Vsa/Sim/DeriveLoop.lean:167:0: 'Vsa.Sim.countdownLoop_zero' depends on axioms: [propext, Classical.choice, Quot.sound]
info: Vsa/Sim/DeriveLoop.lean:168:0: 'Vsa.Sim.regCountdownLoop' depends on axioms: [propext, Classical.choice, Quot.sound]
ℹ [1057/1119] Replayed Vsa.Sim.CmpArmSeg
info: Vsa/Sim/CmpArmSeg.lean:95:0: 'Vsa.Sim.cmpFixupTail_facts' depends on axioms: [propext, Classical.choice, Quot.sound]
info: Vsa/Sim/CmpArmSeg.lean:96:0: 'Vsa.Sim.cmpFixupTailRow' depends on axioms: [propext, Classical.choice, Quot.sound]
ℹ [1058/1119] Replayed Vsa.Sim.CmpDispatchSeg
info: Vsa/Sim/CmpDispatchSeg.lean:145:0: 'Vsa.Sim.cmpDispatchRow' depends on axioms: [propext, Classical.choice, Quot.sound]
ℹ [1059/1119] Replayed Vsa.Sim.EnvDefCompose
info: Vsa/Sim/EnvDefCompose.lean:548:0: 'Vsa.Sim.envDefStrlenSplice' depends on axioms: [propext, Classical.choice, Quot.sound]
info: Vsa/Sim/EnvDefCompose.lean:549:0: 'Vsa.Sim.envDefMallocSplice' depends on axioms: [propext, Classical.choice, Quot.sound]
info: Vsa/Sim/EnvDefCompose.lean:550:0: 'Vsa.Sim.envDefMemcpySplice' depends on axioms: [propext, Classical.choice, Quot.sound]
info: Vsa/Sim/EnvDefCompose.lean:551:0: 'Vsa.Sim.envDefMemcpyFramedSplice' depends on axioms: [propext, Classical.choice, Quot.sound]
info: Vsa/Sim/EnvDefCompose.lean:552:0: 'Vsa.Sim.envDefMemcpyFramed' depends on axioms: [propext, Classical.choice, Quot.sound]
info: Vsa/Sim/EnvDefCompose.lean:553:0: 'Vsa.Sim.envDefReallocNamesSplice' depends on axioms: [propext, Classical.choice, Quot.sound]
info: Vsa/Sim/EnvDefCompose.lean:554:0: 'Vsa.Sim.envDefReallocValsSplice' depends on axioms: [propext, Classical.choice, Quot.sound]
info: Vsa/Sim/EnvDefCompose.lean:555:0: 'Vsa.Sim.envDefAppendContract' depends on axioms: [propext, Classical.choice, Quot.sound]
info: Vsa/Sim/EnvDefCompose.lean:556:0: 'Vsa.Sim.envDefGrowContract' depends on axioms: [propext, Classical.choice, Quot.sound]
info: Vsa/Sim/EnvDefCompose.lean:557:0: 'Vsa.Sim.envDefContract' depends on axioms: [propext, Classical.choice, Quot.sound]
ℹ [1060/1119] Replayed Vsa.Sim.EnvDefBridges
info: Vsa/Sim/EnvDefBridges.lean:386:0: 'Vsa.Sim.bridgeStrlenPre_closed' depends on axioms: [propext, Classical.choice, Quot.sound]
info: Vsa/Sim/EnvDefBridges.lean:583:0: 'Vsa.Sim.bridgeMallocPre_closed' depends on axioms: [propext, Classical.choice, Quot.sound]
ℹ [1061/1119] Replayed Vsa.Sim.EnvDefBridges2
info: Vsa/Sim/EnvDefBridges2.lean:573:0: 'Vsa.Sim.capComputePrefix_run' depends on axioms: [propext, Classical.choice, Quot.sound]
info: Vsa/Sim/EnvDefBridges2.lean:574:0: 'Vsa.Sim.bridgeCapCompute_closed' depends on axioms: [propext, Classical.choice, Quot.sound]
ℹ [1062/1119] Replayed Vsa.Sim.EnvDefBridges3
info: Vsa/Sim/EnvDefBridges3.lean:921:0: 'Vsa.Sim.site_80002ba4_ed' depends on axioms: [propext, Classical.choice, Quot.sound]
info: Vsa/Sim/EnvDefBridges3.lean:922:0: 'Vsa.Sim.site_80002ba8_ed' depends on axioms: [propext, Classical.choice, Quot.sound]
info: Vsa/Sim/EnvDefBridges3.lean:923:0: 'Vsa.Sim.site_80002bac_ed' depends on axioms: [propext, Classical.choice, Quot.sound]
info: Vsa/Sim/EnvDefBridges3.lean:924:0: 'Vsa.Sim.site_80002bb0_ed' depends on axioms: [propext, Classical.choice, Quot.sound]
info: Vsa/Sim/EnvDefBridges3.lean:925:0: 'Vsa.Sim.site_80002bb4_ed' depends on axioms: [propext, Classical.choice, Quot.sound]
info: Vsa/Sim/EnvDefBridges3.lean:926:0: 'Vsa.Sim.site_80002bb8_ed' depends on axioms: [propext, Classical.choice, Quot.sound]
info: Vsa/Sim/EnvDefBridges3.lean:927:0: 'Vsa.Sim.site_80002bbc_ed' depends on axioms: [propext, Classical.choice, Quot.sound]
info: Vsa/Sim/EnvDefBridges3.lean:928:0: 'Vsa.Sim.namesToValsPrefix_run' depends on axioms: [propext, Classical.choice, Quot.sound]
info: Vsa/Sim/EnvDefBridges3.lean:929:0: 'Vsa.Sim.bridgeNamesToVals_closed' depends on axioms: [propext, Classical.choice, Quot.sound]
info: Vsa/Sim/EnvDefBridges3.lean:930:0: 'Vsa.Sim.bridgeNamesToVals_wired' depends on axioms: [propext, Classical.choice, Quot.sound]
info: Vsa/Sim/EnvDefBridges3.lean:931:0: 'Vsa.Sim.frameRepr_append' depends on axioms: [propext, Classical.choice, Quot.sound]
ℹ [1065/1119] Replayed Vsa.Sim.BridgeSeg
info: Vsa/Sim/BridgeSeg.lean:268:0: 'Vsa.Sim.bridgeOfSeg' depends on axioms: [propext, Classical.choice, Quot.sound]
ℹ [1066/1119] Replayed Vsa.Sim.ErrorSiteApplied
info: Vsa/Sim/ErrorSiteApplied.lean:92:0: 'Vsa.Sim.row_hNegType_applied' depends on axioms: [propext, Classical.choice, Quot.sound]
⚠ [1070/1119] Replayed Vsa.Sim.StuckSimClose
warning: Vsa/Sim/StuckSimClose.lean:48:34: unused variable `d`

Note: This linter can be disabled with `set_option linter.unusedVariables false`
warning: Vsa/Sim/StuckSimClose.lean:50:56: unused variable `x`

Note: This linter can be disabled with `set_option linter.unusedVariables false`
warning: Vsa/Sim/StuckSimClose.lean:55:56: unused variable `op`

Note: This linter can be disabled with `set_option linter.unusedVariables false`
warning: Vsa/Sim/StuckSimClose.lean:55:71: unused variable `r`

Note: This linter can be disabled with `set_option linter.unusedVariables false`
warning: Vsa/Sim/StuckSimClose.lean:57:56: unused variable `op`

Note: This linter can be disabled with `set_option linter.unusedVariables false`
warning: Vsa/Sim/StuckSimClose.lean:64:54: unused variable `r`

Note: This linter can be disabled with `set_option linter.unusedVariables false`
warning: Vsa/Sim/StuckSimClose.lean:70:55: unused variable `r`

Note: This linter can be disabled with `set_option linter.unusedVariables false`
warning: Vsa/Sim/StuckSimClose.lean:76:55: unused variable `op`

Note: This linter can be disabled with `set_option linter.unusedVariables false`
warning: Vsa/Sim/StuckSimClose.lean:81:65: unused variable `args`

Note: This linter can be disabled with `set_option linter.unusedVariables false`
warning: Vsa/Sim/StuckSimClose.lean:90:68: unused variable `es`

Note: This linter can be disabled with `set_option linter.unusedVariables false`
warning: Vsa/Sim/StuckSimClose.lean:95:23: unused variable `st`

Note: This linter can be disabled with `set_option linter.unusedVariables false`
warning: Vsa/Sim/StuckSimClose.lean:95:37: unused variable `d`

Note: This linter can be disabled with `set_option linter.unusedVariables false`
warning: Vsa/Sim/StuckSimClose.lean:95:60: unused variable `vs`

Note: This linter can be disabled with `set_option linter.unusedVariables false`
warning: Vsa/Sim/StuckSimClose.lean:99:36: unused variable `d`

Note: This linter can be disabled with `set_option linter.unusedVariables false`
warning: Vsa/Sim/StuckSimClose.lean:99:57: unused variable `vs`

Note: This linter can be disabled with `set_option linter.unusedVariables false`
warning: Vsa/Sim/StuckSimClose.lean:101:31: unused variable `d`

Note: This linter can be disabled with `set_option linter.unusedVariables false`
warning: Vsa/Sim/StuckSimClose.lean:119:22: unused variable `st`

Note: This linter can be disabled with `set_option linter.unusedVariables false`
warning: Vsa/Sim/StuckSimClose.lean:119:36: unused variable `d`

Note: This linter can be disabled with `set_option linter.unusedVariables false`
warning: Vsa/Sim/StuckSimClose.lean:121:23: unused variable `st`

Note: This linter can be disabled with `set_option linter.unusedVariables false`
warning: Vsa/Sim/StuckSimClose.lean:121:37: unused variable `d`

Note: This linter can be disabled with `set_option linter.unusedVariables false`
warning: Vsa/Sim/StuckSimClose.lean:125:56: unused variable `x`

Note: This linter can be disabled with `set_option linter.unusedVariables false`
warning: Vsa/Sim/StuckSimClose.lean:131:68: unused variable `t`

Note: This linter can be disabled with `set_option linter.unusedVariables false`
warning: Vsa/Sim/StuckSimClose.lean:132:7: unused variable `e`

Note: This linter can be disabled with `set_option linter.unusedVariables false`
warning: Vsa/Sim/StuckSimClose.lean:135:7: unused variable `e`

Note: This linter can be disabled with `set_option linter.unusedVariables false`
warning: Vsa/Sim/StuckSimClose.lean:138:68: unused variable `t`

Note: This linter can be disabled with `set_option linter.unusedVariables false`
warning: Vsa/Sim/StuckSimClose.lean:142:71: unused variable `b`

Note: This linter can be disabled with `set_option linter.unusedVariables false`
warning: Vsa/Sim/StuckSimClose.lean:153:70: unused variable `cnd`

Note: This linter can be disabled with `set_option linter.unusedVariables false`
warning: Vsa/Sim/StuckSimClose.lean:154:7: unused variable `step`

Note: This linter can be disabled with `set_option linter.unusedVariables false`
warning: Vsa/Sim/StuckSimClose.lean:154:28: unused variable `b`

Note: This linter can be disabled with `set_option linter.unusedVariables false`
warning: Vsa/Sim/StuckSimClose.lean:165:68: unused variable `step`

Note: This linter can be disabled with `set_option linter.unusedVariables false`
warning: Vsa/Sim/StuckSimClose.lean:166:7: unused variable `b`

Note: This linter can be disabled with `set_option linter.unusedVariables false`
warning: Vsa/Sim/StuckSimClose.lean:169:7: unused variable `step`

Note: This linter can be disabled with `set_option linter.unusedVariables false`
warning: Vsa/Sim/StuckSimClose.lean:180:67: unused variable `ss`

Note: This linter can be disabled with `set_option linter.unusedVariables false`
⚠ [1071/1119] Replayed Vsa.Sim.InterpSimBundle
warning: Vsa/Sim/InterpSimBundle.lean:54:47: unused variable `d`

Note: This linter can be disabled with `set_option linter.unusedVariables false`
warning: Vsa/Sim/InterpSimBundle.lean:56:69: unused variable `x`

Note: This linter can be disabled with `set_option linter.unusedVariables false`
warning: Vsa/Sim/InterpSimBundle.lean:61:69: unused variable `op`

Note: This linter can be disabled with `set_option linter.unusedVariables false`
warning: Vsa/Sim/InterpSimBundle.lean:61:84: unused variable `r`

Note: This linter can be disabled with `set_option linter.unusedVariables false`
warning: Vsa/Sim/InterpSimBundle.lean:63:69: unused variable `op`

Note: This linter can be disabled with `set_option linter.unusedVariables false`
warning: Vsa/Sim/InterpSimBundle.lean:70:67: unused variable `r`

Note: This linter can be disabled with `set_option linter.unusedVariables false`
warning: Vsa/Sim/InterpSimBundle.lean:76:68: unused variable `r`

Note: This linter can be disabled with `set_option linter.unusedVariables false`
warning: Vsa/Sim/InterpSimBundle.lean:82:68: unused variable `op`

Note: This linter can be disabled with `set_option linter.unusedVariables false`
warning: Vsa/Sim/InterpSimBundle.lean:87:78: unused variable `args`

Note: This linter can be disabled with `set_option linter.unusedVariables false`
warning: Vsa/Sim/InterpSimBundle.lean:96:81: unused variable `es`

Note: This linter can be disabled with `set_option linter.unusedVariables false`
warning: Vsa/Sim/InterpSimBundle.lean:101:36: unused variable `st`

Note: This linter can be disabled with `set_option linter.unusedVariables false`
warning: Vsa/Sim/InterpSimBundle.lean:101:50: unused variable `d`

Note: This linter can be disabled with `set_option linter.unusedVariables false`
warning: Vsa/Sim/InterpSimBundle.lean:101:73: unused variable `vs`

Note: This linter can be disabled with `set_option linter.unusedVariables false`
warning: Vsa/Sim/InterpSimBundle.lean:105:49: unused variable `d`

Note: This linter can be disabled with `set_option linter.unusedVariables false`
warning: Vsa/Sim/InterpSimBundle.lean:105:70: unused variable `vs`

Note: This linter can be disabled with `set_option linter.unusedVariables false`
warning: Vsa/Sim/InterpSimBundle.lean:107:44: unused variable `d`

Note: This linter can be disabled with `set_option linter.unusedVariables false`
warning: Vsa/Sim/InterpSimBundle.lean:125:35: unused variable `st`

Note: This linter can be disabled with `set_option linter.unusedVariables false`
warning: Vsa/Sim/InterpSimBundle.lean:125:49: unused variable `d`

Note: This linter can be disabled with `set_option linter.unusedVariables false`
warning: Vsa/Sim/InterpSimBundle.lean:127:36: unused variable `st`

Note: This linter can be disabled with `set_option linter.unusedVariables false`
warning: Vsa/Sim/InterpSimBundle.lean:127:50: unused variable `d`

Note: This linter can be disabled with `set_option linter.unusedVariables false`
warning: Vsa/Sim/InterpSimBundle.lean:131:69: unused variable `x`

Note: This linter can be disabled with `set_option linter.unusedVariables false`
warning: Vsa/Sim/InterpSimBundle.lean:137:81: unused variable `t`

Note: This linter can be disabled with `set_option linter.unusedVariables false`
warning: Vsa/Sim/InterpSimBundle.lean:138:7: unused variable `e`

Note: This linter can be disabled with `set_option linter.unusedVariables false`
warning: Vsa/Sim/InterpSimBundle.lean:141:7: unused variable `e`

Note: This linter can be disabled with `set_option linter.unusedVariables false`
warning: Vsa/Sim/InterpSimBundle.lean:144:81: unused variable `t`

Note: This linter can be disabled with `set_option linter.unusedVariables false`
warning: Vsa/Sim/InterpSimBundle.lean:148:84: unused variable `b`

Note: This linter can be disabled with `set_option linter.unusedVariables false`
warning: Vsa/Sim/InterpSimBundle.lean:159:83: unused variable `cnd`

Note: This linter can be disabled with `set_option linter.unusedVariables false`
warning: Vsa/Sim/InterpSimBundle.lean:160:7: unused variable `step`

Note: This linter can be disabled with `set_option linter.unusedVariables false`
warning: Vsa/Sim/InterpSimBundle.lean:160:28: unused variable `b`

Note: This linter can be disabled with `set_option linter.unusedVariables false`
warning: Vsa/Sim/InterpSimBundle.lean:171:81: unused variable `step`

Note: This linter can be disabled with `set_option linter.unusedVariables false`
warning: Vsa/Sim/InterpSimBundle.lean:172:7: unused variable `b`

Note: This linter can be disabled with `set_option linter.unusedVariables false`
warning: Vsa/Sim/InterpSimBundle.lean:175:7: unused variable `step`

Note: This linter can be disabled with `set_option linter.unusedVariables false`
warning: Vsa/Sim/InterpSimBundle.lean:186:80: unused variable `ss`

Note: This linter can be disabled with `set_option linter.unusedVariables false`
ℹ [1074/1119] Replayed Vsa.Sim.rows.ErrSitesBatch0
info: Vsa/Sim/rows/ErrSitesBatch0.lean:31:0: 'Vsa.Sim.errSite_80002e90' depends on axioms: [propext, Classical.choice, Quot.sound]
info: Vsa/Sim/rows/ErrSitesBatch0.lean:32:0: 'Vsa.Sim.errSite_80003b9c' depends on axioms: [propext, Classical.choice, Quot.sound]
info: Vsa/Sim/rows/ErrSitesBatch0.lean:33:0: 'Vsa.Sim.errSite_80003cc4' depends on axioms: [propext, Classical.choice, Quot.sound]
info: Vsa/Sim/rows/ErrSitesBatch0.lean:34:0: 'Vsa.Sim.errSite_80003da0' depends on axioms: [propext, Classical.choice, Quot.sound]
info: Vsa/Sim/rows/ErrSitesBatch0.lean:35:0: 'Vsa.Sim.errSite_80003fac' depends on axioms: [propext, Classical.choice, Quot.sound]
ℹ [1075/1119] Replayed Vsa.Sim.rows.ErrSitesBatch1
info: Vsa/Sim/rows/ErrSitesBatch1.lean:31:0: 'Vsa.Sim.errSite_80002ebc' depends on axioms: [propext, Classical.choice, Quot.sound]
info: Vsa/Sim/rows/ErrSitesBatch1.lean:32:0: 'Vsa.Sim.errSite_80003bc8' depends on axioms: [propext, Classical.choice, Quot.sound]
info: Vsa/Sim/rows/ErrSitesBatch1.lean:33:0: 'Vsa.Sim.errSite_80003ce8' depends on axioms: [propext, Classical.choice, Quot.sound]
info: Vsa/Sim/rows/ErrSitesBatch1.lean:34:0: 'Vsa.Sim.errSite_80003de8' depends on axioms: [propext, Classical.choice, Quot.sound]
info: Vsa/Sim/rows/ErrSitesBatch1.lean:35:0: 'Vsa.Sim.errSite_80003fdc' depends on axioms: [propext, Classical.choice, Quot.sound]
ℹ [1076/1119] Replayed Vsa.Sim.rows.ErrSitesBatch2
info: Vsa/Sim/rows/ErrSitesBatch2.lean:26:0: 'Vsa.Sim.errSite_80003950' depends on axioms: [propext, Classical.choice, Quot.sound]
info: Vsa/Sim/rows/ErrSitesBatch2.lean:27:0: 'Vsa.Sim.errSite_80003c10' depends on axioms: [propext, Classical.choice, Quot.sound]
info: Vsa/Sim/rows/ErrSitesBatch2.lean:28:0: 'Vsa.Sim.errSite_80003d14' depends on axioms: [propext, Classical.choice, Quot.sound]
info: Vsa/Sim/rows/ErrSitesBatch2.lean:29:0: 'Vsa.Sim.errSite_80003e98' depends on axioms: [propext, Classical.choice, Quot.sound]
ℹ [1077/1119] Replayed Vsa.Sim.rows.ErrSitesBatch3
info: Vsa/Sim/rows/ErrSitesBatch3.lean:26:0: 'Vsa.Sim.errSite_80003b54' depends on axioms: [propext, Classical.choice, Quot.sound]
info: Vsa/Sim/rows/ErrSitesBatch3.lean:27:0: 'Vsa.Sim.errSite_80003c7c' depends on axioms: [propext, Classical.choice, Quot.sound]
info: Vsa/Sim/rows/ErrSitesBatch3.lean:28:0: 'Vsa.Sim.errSite_80003d5c' depends on axioms: [propext, Classical.choice, Quot.sound]
info: Vsa/Sim/rows/ErrSitesBatch3.lean:29:0: 'Vsa.Sim.errSite_80003f58' depends on axioms: [propext, Classical.choice, Quot.sound]
⚠ [1078/1119] Replayed Vsa.Sim.rows.ErrorRouting
warning: Vsa/Sim/rows/ErrorRouting.lean:99:43: unused variable `d`

Note: This linter can be disabled with `set_option linter.unusedVariables false`
warning: Vsa/Sim/rows/ErrorRouting.lean:101:34: unused variable `d`

Note: This linter can be disabled with `set_option linter.unusedVariables false`
warning: Vsa/Sim/rows/ErrorRouting.lean:110:66: unused variable `x`

Note: This linter can be disabled with `set_option linter.unusedVariables false`
warning: Vsa/Sim/rows/ErrorRouting.lean:112:57: unused variable `x`

Note: This linter can be disabled with `set_option linter.unusedVariables false`
warning: Vsa/Sim/rows/ErrorRouting.lean:134:66: unused variable `op`

Note: This linter can be disabled with `set_option linter.unusedVariables false`
warning: Vsa/Sim/rows/ErrorRouting.lean:134:81: unused variable `r`

Note: This linter can be disabled with `set_option linter.unusedVariables false`
warning: Vsa/Sim/rows/ErrorRouting.lean:136:57: unused variable `op`

Note: This linter can be disabled with `set_option linter.unusedVariables false`
warning: Vsa/Sim/rows/ErrorRouting.lean:136:72: unused variable `r`

Note: This linter can be disabled with `set_option linter.unusedVariables false`
warning: Vsa/Sim/rows/ErrorRouting.lean:145:66: unused variable `op`

Note: This linter can be disabled with `set_option linter.unusedVariables false`
warning: Vsa/Sim/rows/ErrorRouting.lean:148:57: unused variable `op`

Note: This linter can be disabled with `set_option linter.unusedVariables false`
warning: Vsa/Sim/rows/ErrorRouting.lean:173:68: unused variable `r`

Note: This linter can be disabled with `set_option linter.unusedVariables false`
warning: Vsa/Sim/rows/ErrorRouting.lean:175:59: unused variable `r`

Note: This linter can be disabled with `set_option linter.unusedVariables false`
warning: Vsa/Sim/rows/ErrorRouting.lean:199:68: unused variable `r`

Note: This linter can be disabled with `set_option linter.unusedVariables false`
warning: Vsa/Sim/rows/ErrorRouting.lean:201:59: unused variable `r`

Note: This linter can be disabled with `set_option linter.unusedVariables false`
warning: Vsa/Sim/rows/ErrorRouting.lean:225:66: unused variable `op`

Note: This linter can be disabled with `set_option linter.unusedVariables false`
warning: Vsa/Sim/rows/ErrorRouting.lean:227:57: unused variable `op`

Note: This linter can be disabled with `set_option linter.unusedVariables false`
warning: Vsa/Sim/rows/ErrorRouting.lean:249:77: unused variable `args`

Note: This linter can be disabled with `set_option linter.unusedVariables false`
warning: Vsa/Sim/rows/ErrorRouting.lean:251:68: unused variable `args`

Note: This linter can be disabled with `set_option linter.unusedVariables false`
warning: Vsa/Sim/rows/ErrorRouting.lean:288:77: unused variable `es`

Note: This linter can be disabled with `set_option linter.unusedVariables false`
warning: Vsa/Sim/rows/ErrorRouting.lean:290:68: unused variable `es`

Note: This linter can be disabled with `set_option linter.unusedVariables false`
warning: Vsa/Sim/rows/ErrorRouting.lean:312:29: unused variable `st`

Note: This linter can be disabled with `set_option linter.unusedVariables false`
warning: Vsa/Sim/rows/ErrorRouting.lean:312:43: unused variable `d`

Note: This linter can be disabled with `set_option linter.unusedVariables false`
warning: Vsa/Sim/rows/ErrorRouting.lean:312:66: unused variable `vs`

Note: This linter can be disabled with `set_option linter.unusedVariables false`
warning: Vsa/Sim/rows/ErrorRouting.lean:314:20: unused variable `st`

Note: This linter can be disabled with `set_option linter.unusedVariables false`
warning: Vsa/Sim/rows/ErrorRouting.lean:314:34: unused variable `d`

Note: This linter can be disabled with `set_option linter.unusedVariables false`
warning: Vsa/Sim/rows/ErrorRouting.lean:314:57: unused variable `vs`

Note: This linter can be disabled with `set_option linter.unusedVariables false`
warning: Vsa/Sim/rows/ErrorRouting.lean:323:43: unused variable `d`

Note: This linter can be disabled with `set_option linter.unusedVariables false`
warning: Vsa/Sim/rows/ErrorRouting.lean:325:34: unused variable `d`

Note: This linter can be disabled with `set_option linter.unusedVariables false`
warning: Vsa/Sim/rows/ErrorRouting.lean:387:29: unused variable `st`

Note: This linter can be disabled with `set_option linter.unusedVariables false`
warning: Vsa/Sim/rows/ErrorRouting.lean:387:43: unused variable `d`

Note: This linter can be disabled with `set_option linter.unusedVariables false`
warning: Vsa/Sim/rows/ErrorRouting.lean:389:20: unused variable `st`

Note: This linter can be disabled with `set_option linter.unusedVariables false`
warning: Vsa/Sim/rows/ErrorRouting.lean:389:34: unused variable `d`

Note: This linter can be disabled with `set_option linter.unusedVariables false`
warning: Vsa/Sim/rows/ErrorRouting.lean:398:29: unused variable `st`

Note: This linter can be disabled with `set_option linter.unusedVariables false`
warning: Vsa/Sim/rows/ErrorRouting.lean:398:43: unused variable `d`

Note: This linter can be disabled with `set_option linter.unusedVariables false`
warning: Vsa/Sim/rows/ErrorRouting.lean:400:20: unused variable `st`

Note: This linter can be disabled with `set_option linter.unusedVariables false`
warning: Vsa/Sim/rows/ErrorRouting.lean:400:34: unused variable `d`

Note: This linter can be disabled with `set_option linter.unusedVariables false`
warning: Vsa/Sim/rows/ErrorRouting.lean:420:66: unused variable `x`

Note: This linter can be disabled with `set_option linter.unusedVariables false`
warning: Vsa/Sim/rows/ErrorRouting.lean:422:57: unused variable `x`

Note: This linter can be disabled with `set_option linter.unusedVariables false`
warning: Vsa/Sim/rows/ErrorRouting.lean:446:79: unused variable `t`

Note: This linter can be disabled with `set_option linter.unusedVariables false`
warning: Vsa/Sim/rows/ErrorRouting.lean:447:7: unused variable `e`

Note: This linter can be disabled with `set_option linter.unusedVariables false`
warning: Vsa/Sim/rows/ErrorRouting.lean:449:70: unused variable `t`

Note: This linter can be disabled with `set_option linter.unusedVariables false`
warning: Vsa/Sim/rows/ErrorRouting.lean:450:7: unused variable `e`

Note: This linter can be disabled with `set_option linter.unusedVariables false`
warning: Vsa/Sim/rows/ErrorRouting.lean:460:7: unused variable `e`

Note: This linter can be disabled with `set_option linter.unusedVariables false`
warning: Vsa/Sim/rows/ErrorRouting.lean:464:7: unused variable `e`

Note: This linter can be disabled with `set_option linter.unusedVariables false`
warning: Vsa/Sim/rows/ErrorRouting.lean:474:79: unused variable `t`

Note: This linter can be disabled with `set_option linter.unusedVariables false`
warning: Vsa/Sim/rows/ErrorRouting.lean:478:70: unused variable `t`

Note: This linter can be disabled with `set_option linter.unusedVariables false`
warning: Vsa/Sim/rows/ErrorRouting.lean:489:79: unused variable `b`

Note: This linter can be disabled with `set_option linter.unusedVariables false`
warning: Vsa/Sim/rows/ErrorRouting.lean:491:70: unused variable `b`

Note: This linter can be disabled with `set_option linter.unusedVariables false`
warning: Vsa/Sim/rows/ErrorRouting.lean:532:80: unused variable `cnd`

Note: This linter can be disabled with `set_option linter.unusedVariables false`
warning: Vsa/Sim/rows/ErrorRouting.lean:533:7: unused variable `step`

Note: This linter can be disabled with `set_option linter.unusedVariables false`
warning: Vsa/Sim/rows/ErrorRouting.lean:533:28: unused variable `b`

Note: This linter can be disabled with `set_option linter.unusedVariables false`
warning: Vsa/Sim/rows/ErrorRouting.lean:536:71: unused variable `cnd`

Note: This linter can be disabled with `set_option linter.unusedVariables false`
warning: Vsa/Sim/rows/ErrorRouting.lean:537:7: unused variable `step`

Note: This linter can be disabled with `set_option linter.unusedVariables false`
warning: Vsa/Sim/rows/ErrorRouting.lean:537:28: unused variable `b`

Note: This linter can be disabled with `set_option linter.unusedVariables false`
warning: Vsa/Sim/rows/ErrorRouting.lean:577:79: unused variable `step`

Note: This linter can be disabled with `set_option linter.unusedVariables false`
warning: Vsa/Sim/rows/ErrorRouting.lean:578:7: unused variable `b`

Note: This linter can be disabled with `set_option linter.unusedVariables false`
warning: Vsa/Sim/rows/ErrorRouting.lean:580:70: unused variable `step`

Note: This linter can be disabled with `set_option linter.unusedVariables false`
warning: Vsa/Sim/rows/ErrorRouting.lean:581:7: unused variable `b`

Note: This linter can be disabled with `set_option linter.unusedVariables false`
warning: Vsa/Sim/rows/ErrorRouting.lean:591:7: unused variable `step`

Note: This linter can be disabled with `set_option linter.unusedVariables false`
warning: Vsa/Sim/rows/ErrorRouting.lean:594:7: unused variable `step`

Note: This linter can be disabled with `set_option linter.unusedVariables false`
warning: Vsa/Sim/rows/ErrorRouting.lean:635:77: unused variable `ss`

Note: This linter can be disabled with `set_option linter.unusedVariables false`
warning: Vsa/Sim/rows/ErrorRouting.lean:637:68: unused variable `ss`

Note: This linter can be disabled with `set_option linter.unusedVariables false`
warning: Vsa/Sim/rows/ErrorRouting.lean:666:53: unused variable `d`

Note: This linter can be disabled with `set_option linter.unusedVariables false`
warning: Vsa/Sim/rows/ErrorRouting.lean:668:75: unused variable `x`

Note: This linter can be disabled with `set_option linter.unusedVariables false`
warning: Vsa/Sim/rows/ErrorRouting.lean:673:75: unused variable `op`

Note: This linter can be disabled with `set_option linter.unusedVariables false`
warning: Vsa/Sim/rows/ErrorRouting.lean:673:90: unused variable `r`

Note: This linter can be disabled with `set_option linter.unusedVariables false`
warning: Vsa/Sim/rows/ErrorRouting.lean:675:75: unused variable `op`

Note: This linter can be disabled with `set_option linter.unusedVariables false`
warning: Vsa/Sim/rows/ErrorRouting.lean:682:73: unused variable `r`

Note: This linter can be disabled with `set_option linter.unusedVariables false`
warning: Vsa/Sim/rows/ErrorRouting.lean:688:74: unused variable `r`

Note: This linter can be disabled with `set_option linter.unusedVariables false`
warning: Vsa/Sim/rows/ErrorRouting.lean:694:74: unused variable `op`

Note: This linter can be disabled with `set_option linter.unusedVariables false`
warning: Vsa/Sim/rows/ErrorRouting.lean:699:84: unused variable `args`

Note: This linter can be disabled with `set_option linter.unusedVariables false`
warning: Vsa/Sim/rows/ErrorRouting.lean:708:87: unused variable `es`

Note: This linter can be disabled with `set_option linter.unusedVariables false`
warning: Vsa/Sim/rows/ErrorRouting.lean:713:42: unused variable `st`

Note: This linter can be disabled with `set_option linter.unusedVariables false`
warning: Vsa/Sim/rows/ErrorRouting.lean:713:56: unused variable `d`

Note: This linter can be disabled with `set_option linter.unusedVariables false`
warning: Vsa/Sim/rows/ErrorRouting.lean:713:79: unused variable `vs`

Note: This linter can be disabled with `set_option linter.unusedVariables false`
warning: Vsa/Sim/rows/ErrorRouting.lean:715:55: unused variable `d`

Note: This linter can be disabled with `set_option linter.unusedVariables false`
warning: Vsa/Sim/rows/ErrorRouting.lean:716:7: unused variable `vs`

Note: This linter can be disabled with `set_option linter.unusedVariables false`
warning: Vsa/Sim/rows/ErrorRouting.lean:717:50: unused variable `d`

Note: This linter can be disabled with `set_option linter.unusedVariables false`
warning: Vsa/Sim/rows/ErrorRouting.lean:735:41: unused variable `st`

Note: This linter can be disabled with `set_option linter.unusedVariables false`
warning: Vsa/Sim/rows/ErrorRouting.lean:735:55: unused variable `d`

Note: This linter can be disabled with `set_option linter.unusedVariables false`
warning: Vsa/Sim/rows/ErrorRouting.lean:737:42: unused variable `st`

Note: This linter can be disabled with `set_option linter.unusedVariables false`
warning: Vsa/Sim/rows/ErrorRouting.lean:737:56: unused variable `d`

Note: This linter can be disabled with `set_option linter.unusedVariables false`
warning: Vsa/Sim/rows/ErrorRouting.lean:741:75: unused variable `x`

Note: This linter can be disabled with `set_option linter.unusedVariables false`
warning: Vsa/Sim/rows/ErrorRouting.lean:747:87: unused variable `t`

Note: This linter can be disabled with `set_option linter.unusedVariables false`
warning: Vsa/Sim/rows/ErrorRouting.lean:748:7: unused variable `e`

Note: This linter can be disabled with `set_option linter.unusedVariables false`
warning: Vsa/Sim/rows/ErrorRouting.lean:751:7: unused variable `e`

Note: This linter can be disabled with `set_option linter.unusedVariables false`
warning: Vsa/Sim/rows/ErrorRouting.lean:754:87: unused variable `t`

Note: This linter can be disabled with `set_option linter.unusedVariables false`
warning: Vsa/Sim/rows/ErrorRouting.lean:758:90: unused variable `b`

Note: This linter can be disabled with `set_option linter.unusedVariables false`
warning: Vsa/Sim/rows/ErrorRouting.lean:769:89: unused variable `cnd`

Note: This linter can be disabled with `set_option linter.unusedVariables false`
warning: Vsa/Sim/rows/ErrorRouting.lean:770:7: unused variable `step`

Note: This linter can be disabled with `set_option linter.unusedVariables false`
warning: Vsa/Sim/rows/ErrorRouting.lean:770:28: unused variable `b`

Note: This linter can be disabled with `set_option linter.unusedVariables false`
warning: Vsa/Sim/rows/ErrorRouting.lean:781:87: unused variable `step`

Note: This linter can be disabled with `set_option linter.unusedVariables false`
warning: Vsa/Sim/rows/ErrorRouting.lean:782:7: unused variable `b`

Note: This linter can be disabled with `set_option linter.unusedVariables false`
warning: Vsa/Sim/rows/ErrorRouting.lean:785:7: unused variable `step`

Note: This linter can be disabled with `set_option linter.unusedVariables false`
warning: Vsa/Sim/rows/ErrorRouting.lean:796:86: unused variable `ss`

Note: This linter can be disabled with `set_option linter.unusedVariables false`
info: Vsa/Sim/rows/ErrorRouting.lean:850:0: 'Vsa.Sim.errFamilyClosed' depends on axioms: [propext, Classical.choice, Quot.sound]
warning: Vsa/Sim/rows/ErrorRouting.lean:860:53: unused variable `d`

Note: This linter can be disabled with `set_option linter.unusedVariables false`
warning: Vsa/Sim/rows/ErrorRouting.lean:862:75: unused variable `x`

Note: This linter can be disabled with `set_option linter.unusedVariables false`
warning: Vsa/Sim/rows/ErrorRouting.lean:867:75: unused variable `op`

Note: This linter can be disabled with `set_option linter.unusedVariables false`
warning: Vsa/Sim/rows/ErrorRouting.lean:867:90: unused variable `r`

Note: This linter can be disabled with `set_option linter.unusedVariables false`
warning: Vsa/Sim/rows/ErrorRouting.lean:869:75: unused variable `op`

Note: This linter can be disabled with `set_option linter.unusedVariables false`
warning: Vsa/Sim/rows/ErrorRouting.lean:876:73: unused variable `r`

Note: This linter can be disabled with `set_option linter.unusedVariables false`
warning: Vsa/Sim/rows/ErrorRouting.lean:882:74: unused variable `r`

Note: This linter can be disabled with `set_option linter.unusedVariables false`
warning: Vsa/Sim/rows/ErrorRouting.lean:888:74: unused variable `op`

Note: This linter can be disabled with `set_option linter.unusedVariables false`
warning: Vsa/Sim/rows/ErrorRouting.lean:893:84: unused variable `args`

Note: This linter can be disabled with `set_option linter.unusedVariables false`
warning: Vsa/Sim/rows/ErrorRouting.lean:902:87: unused variable `es`

Note: This linter can be disabled with `set_option linter.unusedVariables false`
warning: Vsa/Sim/rows/ErrorRouting.lean:907:42: unused variable `st`

Note: This linter can be disabled with `set_option linter.unusedVariables false`
warning: Vsa/Sim/rows/ErrorRouting.lean:907:56: unused variable `d`

Note: This linter can be disabled with `set_option linter.unusedVariables false`
warning: Vsa/Sim/rows/ErrorRouting.lean:907:79: unused variable `vs`

Note: This linter can be disabled with `set_option linter.unusedVariables false`
warning: Vsa/Sim/rows/ErrorRouting.lean:909:55: unused variable `d`

Note: This linter can be disabled with `set_option linter.unusedVariables false`
warning: Vsa/Sim/rows/ErrorRouting.lean:910:7: unused variable `vs`

Note: This linter can be disabled with `set_option linter.unusedVariables false`
warning: Vsa/Sim/rows/ErrorRouting.lean:911:50: unused variable `d`

Note: This linter can be disabled with `set_option linter.unusedVariables false`
warning: Vsa/Sim/rows/ErrorRouting.lean:929:41: unused variable `st`

Note: This linter can be disabled with `set_option linter.unusedVariables false`
warning: Vsa/Sim/rows/ErrorRouting.lean:929:55: unused variable `d`

Note: This linter can be disabled with `set_option linter.unusedVariables false`
warning: Vsa/Sim/rows/ErrorRouting.lean:931:42: unused variable `st`

Note: This linter can be disabled with `set_option linter.unusedVariables false`
warning: Vsa/Sim/rows/ErrorRouting.lean:931:56: unused variable `d`

Note: This linter can be disabled with `set_option linter.unusedVariables false`
warning: Vsa/Sim/rows/ErrorRouting.lean:935:75: unused variable `x`

Note: This linter can be disabled with `set_option linter.unusedVariables false`
warning: Vsa/Sim/rows/ErrorRouting.lean:941:87: unused variable `t`

Note: This linter can be disabled with `set_option linter.unusedVariables false`
warning: Vsa/Sim/rows/ErrorRouting.lean:942:7: unused variable `e`

Note: This linter can be disabled with `set_option linter.unusedVariables false`
warning: Vsa/Sim/rows/ErrorRouting.lean:945:7: unused variable `e`

Note: This linter can be disabled with `set_option linter.unusedVariables false`
warning: Vsa/Sim/rows/ErrorRouting.lean:948:87: unused variable `t`

Note: This linter can be disabled with `set_option linter.unusedVariables false`
warning: Vsa/Sim/rows/ErrorRouting.lean:952:90: unused variable `b`

Note: This linter can be disabled with `set_option linter.unusedVariables false`
warning: Vsa/Sim/rows/ErrorRouting.lean:963:89: unused variable `cnd`

Note: This linter can be disabled with `set_option linter.unusedVariables false`
warning: Vsa/Sim/rows/ErrorRouting.lean:964:7: unused variable `step`

Note: This linter can be disabled with `set_option linter.unusedVariables false`
warning: Vsa/Sim/rows/ErrorRouting.lean:964:28: unused variable `b`

Note: This linter can be disabled with `set_option linter.unusedVariables false`
warning: Vsa/Sim/rows/ErrorRouting.lean:975:87: unused variable `step`

Note: This linter can be disabled with `set_option linter.unusedVariables false`
warning: Vsa/Sim/rows/ErrorRouting.lean:976:7: unused variable `b`

Note: This linter can be disabled with `set_option linter.unusedVariables false`
warning: Vsa/Sim/rows/ErrorRouting.lean:979:7: unused variable `step`

Note: This linter can be disabled with `set_option linter.unusedVariables false`
warning: Vsa/Sim/rows/ErrorRouting.lean:990:86: unused variable `ss`

Note: This linter can be disabled with `set_option linter.unusedVariables false`
ℹ [1079/1119] Replayed Vsa.Sim.rows.ErrorReachInhab
info: Vsa/Sim/rows/ErrorReachInhab.lean:81:0: 'Vsa.Sim.reachJal_of_armBranch' depends on axioms: [propext, Classical.choice, Quot.sound]
info: Vsa/Sim/rows/ErrorReachInhab.lean:82:0: 'Vsa.Sim.negType_hsite_of_armBranch' depends on axioms: [propext, Classical.choice, Quot.sound]
ℹ [1080/1119] Replayed Vsa.Sim.BridgeSegFramed
info: Vsa/Sim/BridgeSegFramed.lean:146:0: 'Vsa.Sim.regAvoids_ne' depends on axioms: [propext]
info: Vsa/Sim/BridgeSegFramed.lean:147:0: 'Vsa.Sim.frame_of_wrChain_avoids' depends on axioms: [propext, Classical.choice, Quot.sound]
info: Vsa/Sim/BridgeSegFramed.lean:226:0: 'Vsa.Sim.bridgeOfSegFramed' depends on axioms: [propext, Classical.choice, Quot.sound]
info: Vsa/Sim/BridgeSegFramed.lean:261:0: 'Vsa.Sim.spillNegSeg_seg' depends on axioms: [propext, Classical.choice, Quot.sound]
info: Vsa/Sim/BridgeSegFramed.lean:349:0: 'Vsa.Sim.spillNeg_toJalErr' depends on axioms: [propext, Classical.choice, Quot.sound]
info: Vsa/Sim/BridgeSegFramed.lean:369:0: 'Vsa.Sim.negType_link_closed' depends on axioms: [propext, Classical.choice, Quot.sound]
info: Vsa/Sim/BridgeSegFramed.lean:393:0: 'Vsa.Sim.mvS7Seg_seg' depends on axioms: [propext, Classical.choice, Quot.sound]
info: Vsa/Sim/BridgeSegFramed.lean:464:0: 'Vsa.Sim.entryBaseReseat_framed' depends on axioms: [propext, Classical.choice, Quot.sound]
ℹ [1081/1119] Replayed Vsa.Sim.EnvDefSeg
info: Vsa/Sim/EnvDefSeg.lean:99:0: 'Vsa.Sim.mallocArgRow' depends on axioms: [propext, Classical.choice, Quot.sound]
info: Vsa/Sim/EnvDefSeg.lean:137:0: 'Vsa.Sim.strlenArgRow' depends on axioms: [propext, Classical.choice, Quot.sound]
info: Vsa/Sim/EnvDefSeg.lean:240:0: 'Vsa.Sim.capComputeSeg_run' depends on axioms: [propext, Classical.choice, Quot.sound]
ℹ [1082/1119] Replayed Vsa.Sim.EnvDefBridges4
info: Vsa/Sim/EnvDefBridges4.lean:110:0: 'Vsa.Sim.appendHeadRow' depends on axioms: [propext, Classical.choice, Quot.sound]
info: Vsa/Sim/EnvDefBridges4.lean:201:0: 'Vsa.Sim.appendStoreRow' depends on axioms: [propext, Classical.choice, Quot.sound]
info: Vsa/Sim/EnvDefBridges4.lean:276:0: 'Vsa.Sim.updateStoreRow' depends on axioms: [propext, Classical.choice, Quot.sound]
ℹ [1083/1119] Replayed Vsa.Sim.EnvDefMarshal
info: Vsa/Sim/EnvDefMarshal.lean:442:0: 'Vsa.Sim.frameRepr_of_appendStore' depends on axioms: [propext, Classical.choice, Quot.sound]
info: Vsa/Sim/EnvDefMarshal.lean:443:0: 'Vsa.Sim.bridgeStore_wired' depends on axioms: [propext, Classical.choice, Quot.sound]
info: Vsa/Sim/EnvDefMarshal.lean:444:0: 'Vsa.Sim.bridgeAppendHead_wired' depends on axioms: [propext, Classical.choice, Quot.sound]
info: Vsa/Sim/EnvDefMarshal.lean:445:0: 'Vsa.Sim.frameRepr_of_updateStore' depends on axioms: [propext, Classical.choice, Quot.sound]
info: Vsa/Sim/EnvDefMarshal.lean:446:0: 'Vsa.Sim.hUpdate_wired' depends on axioms: [propext, Classical.choice, Quot.sound]
info: Vsa/Sim/EnvDefMarshal.lean:447:0: 'Vsa.Sim.env_define_append_spec' depends on axioms: [propext, Classical.choice, Quot.sound]
ℹ [1084/1119] Replayed Vsa.Sim.BinopChainInstances
info: Vsa/Sim/BinopChainInstances.lean:157:0: 'Vsa.Sim.evalDivChain_run_gen' depends on axioms: [propext, Classical.choice, Quot.sound]
⚠ [1085/1119] Replayed Vsa.Sim.rows.ErrorRoutingClasses
warning: Vsa/Sim/rows/ErrorRoutingClasses.lean:42:50: unused variable `d`

Note: This linter can be disabled with `set_option linter.unusedVariables false`
warning: Vsa/Sim/rows/ErrorRoutingClasses.lean:44:72: unused variable `x`

Note: This linter can be disabled with `set_option linter.unusedVariables false`
warning: Vsa/Sim/rows/ErrorRoutingClasses.lean:49:72: unused variable `op`

Note: This linter can be disabled with `set_option linter.unusedVariables false`
warning: Vsa/Sim/rows/ErrorRoutingClasses.lean:49:87: unused variable `r`

Note: This linter can be disabled with `set_option linter.unusedVariables false`
warning: Vsa/Sim/rows/ErrorRoutingClasses.lean:51:72: unused variable `op`

Note: This linter can be disabled with `set_option linter.unusedVariables false`
warning: Vsa/Sim/rows/ErrorRoutingClasses.lean:58:70: unused variable `r`

Note: This linter can be disabled with `set_option linter.unusedVariables false`
warning: Vsa/Sim/rows/ErrorRoutingClasses.lean:64:71: unused variable `r`

Note: This linter can be disabled with `set_option linter.unusedVariables false`
warning: Vsa/Sim/rows/ErrorRoutingClasses.lean:70:71: unused variable `op`

Note: This linter can be disabled with `set_option linter.unusedVariables false`
warning: Vsa/Sim/rows/ErrorRoutingClasses.lean:75:81: unused variable `args`

Note: This linter can be disabled with `set_option linter.unusedVariables false`
warning: Vsa/Sim/rows/ErrorRoutingClasses.lean:84:84: unused variable `es`

Note: This linter can be disabled with `set_option linter.unusedVariables false`
warning: Vsa/Sim/rows/ErrorRoutingClasses.lean:89:39: unused variable `st`

Note: This linter can be disabled with `set_option linter.unusedVariables false`
warning: Vsa/Sim/rows/ErrorRoutingClasses.lean:89:53: unused variable `d`

Note: This linter can be disabled with `set_option linter.unusedVariables false`
warning: Vsa/Sim/rows/ErrorRoutingClasses.lean:89:76: unused variable `vs`

Note: This linter can be disabled with `set_option linter.unusedVariables false`
warning: Vsa/Sim/rows/ErrorRoutingClasses.lean:91:47: unused variable `d`

Note: This linter can be disabled with `set_option linter.unusedVariables false`
warning: Vsa/Sim/rows/ErrorRoutingClasses.lean:109:38: unused variable `st`

Note: This linter can be disabled with `set_option linter.unusedVariables false`
warning: Vsa/Sim/rows/ErrorRoutingClasses.lean:109:52: unused variable `d`

Note: This linter can be disabled with `set_option linter.unusedVariables false`
warning: Vsa/Sim/rows/ErrorRoutingClasses.lean:111:39: unused variable `st`

Note: This linter can be disabled with `set_option linter.unusedVariables false`
warning: Vsa/Sim/rows/ErrorRoutingClasses.lean:111:53: unused variable `d`

Note: This linter can be disabled with `set_option linter.unusedVariables false`
warning: Vsa/Sim/rows/ErrorRoutingClasses.lean:115:72: unused variable `x`

Note: This linter can be disabled with `set_option linter.unusedVariables false`
warning: Vsa/Sim/rows/ErrorRoutingClasses.lean:121:84: unused variable `t`

Note: This linter can be disabled with `set_option linter.unusedVariables false`
warning: Vsa/Sim/rows/ErrorRoutingClasses.lean:122:7: unused variable `e`

Note: This linter can be disabled with `set_option linter.unusedVariables false`
warning: Vsa/Sim/rows/ErrorRoutingClasses.lean:125:7: unused variable `e`

Note: This linter can be disabled with `set_option linter.unusedVariables false`
warning: Vsa/Sim/rows/ErrorRoutingClasses.lean:128:84: unused variable `t`

Note: This linter can be disabled with `set_option linter.unusedVariables false`
warning: Vsa/Sim/rows/ErrorRoutingClasses.lean:132:87: unused variable `b`

Note: This linter can be disabled with `set_option linter.unusedVariables false`
warning: Vsa/Sim/rows/ErrorRoutingClasses.lean:143:86: unused variable `cnd`

Note: This linter can be disabled with `set_option linter.unusedVariables false`
warning: Vsa/Sim/rows/ErrorRoutingClasses.lean:144:7: unused variable `step`

Note: This linter can be disabled with `set_option linter.unusedVariables false`
warning: Vsa/Sim/rows/ErrorRoutingClasses.lean:144:28: unused variable `b`

Note: This linter can be disabled with `set_option linter.unusedVariables false`
warning: Vsa/Sim/rows/ErrorRoutingClasses.lean:155:84: unused variable `step`

Note: This linter can be disabled with `set_option linter.unusedVariables false`
warning: Vsa/Sim/rows/ErrorRoutingClasses.lean:156:7: unused variable `b`

Note: This linter can be disabled with `set_option linter.unusedVariables false`
warning: Vsa/Sim/rows/ErrorRoutingClasses.lean:159:7: unused variable `step`

Note: This linter can be disabled with `set_option linter.unusedVariables false`
warning: Vsa/Sim/rows/ErrorRoutingClasses.lean:170:83: unused variable `ss`

Note: This linter can be disabled with `set_option linter.unusedVariables false`
warning: Vsa/Sim/rows/ErrorRoutingClasses.lean:184:55: unused variable `d`

Note: This linter can be disabled with `set_option linter.unusedVariables false`
warning: Vsa/Sim/rows/ErrorRoutingClasses.lean:185:7: unused variable `vs`

Note: This linter can be disabled with `set_option linter.unusedVariables false`
info: Vsa/Sim/rows/ErrorRoutingClasses.lean:235:0: 'Vsa.Sim.errFamilyClosed_ofClasses' depends on axioms: [propext, Classical.choice, Quot.sound]
ℹ [1086/1119] Replayed Vsa.Sim.rows.ErrLinkObstruction
info: Vsa/Sim/rows/ErrLinkObstruction.lean:65:0: 'Vsa.Sim.jalErrPre_forall_false' depends on axioms: [propext, Classical.choice, Quot.sound]
ℹ [1087/1119] Replayed Vsa.Sim.rows.ErrSpillCore
info: Vsa/Sim/rows/ErrSpillCore.lean:136:0: 'Vsa.Sim.spillSeg_toJalErr' depends on axioms: [propext, Classical.choice, Quot.sound]
⚠ [1088/1119] Replayed Vsa.Sim.rows.ErrSpillRows
info: Vsa/Sim/rows/ErrSpillRows.lean:29:0: 'Vsa.Sim.spill800034e4Seg_seg' depends on axioms: [propext, Classical.choice, Quot.sound]
info: Vsa/Sim/rows/ErrSpillRows.lean:38:0: 'Vsa.Sim.spill800034e4_toJalErr' depends on axioms: [propext, Classical.choice, Quot.sound]
info: Vsa/Sim/rows/ErrSpillRows.lean:56:0: 'Vsa.Sim.hNegType_hsite_of_armBranch' depends on axioms: [propext, Classical.choice, Quot.sound]
info: Vsa/Sim/rows/ErrSpillRows.lean:72:0: 'Vsa.Sim.hRet_hsite_of_armBranch' depends on axioms: [propext, Classical.choice, Quot.sound]
info: Vsa/Sim/rows/ErrSpillRows.lean:81:0: 'Vsa.Sim.spill80003950Seg_seg' depends on axioms: [propext, Classical.choice, Quot.sound]
info: Vsa/Sim/rows/ErrSpillRows.lean:90:0: 'Vsa.Sim.spill80003950_toJalErr' depends on axioms: [propext, Classical.choice, Quot.sound]
warning: Vsa/Sim/rows/ErrSpillRows.lean:98:66: unused variable `op`

Note: This linter can be disabled with `set_option linter.unusedVariables false`
warning: Vsa/Sim/rows/ErrSpillRows.lean:100:57: unused variable `op`

Note: This linter can be disabled with `set_option linter.unusedVariables false`
info: Vsa/Sim/rows/ErrSpillRows.lean:106:0: 'Vsa.Sim.hUnaryE_hsite_of_armBranch' depends on axioms: [propext, Classical.choice, Quot.sound]
info: Vsa/Sim/rows/ErrSpillRows.lean:130:0: 'Vsa.Sim.hForLoop_hsite_of_armBranch' depends on axioms: [propext, Classical.choice, Quot.sound]
info: Vsa/Sim/rows/ErrSpillRows.lean:140:0: 'Vsa.Sim.spill80003b54Seg_seg' depends on axioms: [propext, Classical.choice, Quot.sound]
info: Vsa/Sim/rows/ErrSpillRows.lean:149:0: 'Vsa.Sim.spill80003b54_toJalErr' depends on axioms: [propext, Classical.choice, Quot.sound]
warning: Vsa/Sim/rows/ErrSpillRows.lean:157:43: unused variable `d`

Note: This linter can be disabled with `set_option linter.unusedVariables false`
warning: Vsa/Sim/rows/ErrSpillRows.lean:159:34: unused variable `d`

Note: This linter can be disabled with `set_option linter.unusedVariables false`
info: Vsa/Sim/rows/ErrSpillRows.lean:165:0: 'Vsa.Sim.hVarUndef_hsite_of_armBranch' depends on axioms: [propext, Classical.choice, Quot.sound]
info: Vsa/Sim/rows/ErrSpillRows.lean:181:0: 'Vsa.Sim.hExpr_hsite_of_armBranch' depends on axioms: [propext, Classical.choice, Quot.sound]
info: Vsa/Sim/rows/ErrSpillRows.lean:190:0: 'Vsa.Sim.spill80003bc8Seg_seg' depends on axioms: [propext, Classical.choice, Quot.sound]
info: Vsa/Sim/rows/ErrSpillRows.lean:199:0: 'Vsa.Sim.spill80003bc8_toJalErr' depends on axioms: [propext, Classical.choice, Quot.sound]
info: Vsa/Sim/rows/ErrSpillRows.lean:217:0: 'Vsa.Sim.hAssignUnbound_hsite_of_armBranch' depends on axioms: [propext, Classical.choice, Quot.sound]
info: Vsa/Sim/rows/ErrSpillRows.lean:237:0: 'Vsa.Sim.hBlock_hsite_of_armBranch' depends on axioms: [propext, Classical.choice, Quot.sound]
info: Vsa/Sim/rows/ErrSpillRows.lean:246:0: 'Vsa.Sim.spill80003d14Seg_seg' depends on axioms: [propext, Classical.choice, Quot.sound]
info: Vsa/Sim/rows/ErrSpillRows.lean:255:0: 'Vsa.Sim.spill80003d14_toJalErr' depends on axioms: [propext, Classical.choice, Quot.sound]
info: Vsa/Sim/rows/ErrSpillRows.lean:275:0: 'Vsa.Sim.hOrR_hsite_of_armBranch' depends on axioms: [propext, Classical.choice, Quot.sound]
info: Vsa/Sim/rows/ErrSpillRows.lean:295:0: 'Vsa.Sim.hWhileBody_hsite_of_armBranch' depends on axioms: [propext, Classical.choice, Quot.sound]
info: Vsa/Sim/rows/ErrSpillRows.lean:302:0: 'Vsa.Sim.spill80003ce8Seg_seg' depends on axioms: [propext, Classical.choice, Quot.sound]
info: Vsa/Sim/rows/ErrSpillRows.lean:311:0: 'Vsa.Sim.spill80003ce8_toJalErr' depends on axioms: [propext, Classical.choice, Quot.sound]
warning: Vsa/Sim/rows/ErrSpillRows.lean:319:68: unused variable `r`

Note: This linter can be disabled with `set_option linter.unusedVariables false`
warning: Vsa/Sim/rows/ErrSpillRows.lean:321:59: unused variable `r`

Note: This linter can be disabled with `set_option linter.unusedVariables false`
info: Vsa/Sim/rows/ErrSpillRows.lean:327:0: 'Vsa.Sim.hOrL_hsite_of_armBranch' depends on axioms: [propext, Classical.choice, Quot.sound]
warning: Vsa/Sim/rows/ErrSpillRows.lean:335:79: unused variable `b`

Note: This linter can be disabled with `set_option linter.unusedVariables false`
warning: Vsa/Sim/rows/ErrSpillRows.lean:337:70: unused variable `b`

Note: This linter can be disabled with `set_option linter.unusedVariables false`
info: Vsa/Sim/rows/ErrSpillRows.lean:343:0: 'Vsa.Sim.hWhileCond_hsite_of_armBranch' depends on axioms: [propext, Classical.choice, Quot.sound]
info: Vsa/Sim/rows/ErrSpillRows.lean:353:0: 'Vsa.Sim.spill80003facSeg_seg' depends on axioms: [propext, Classical.choice, Quot.sound]
info: Vsa/Sim/rows/ErrSpillRows.lean:362:0: 'Vsa.Sim.spill80003fac_toJalErr' depends on axioms: [propext, Classical.choice, Quot.sound]
warning: Vsa/Sim/rows/ErrSpillRows.lean:370:77: unused variable `es`

Note: This linter can be disabled with `set_option linter.unusedVariables false`
warning: Vsa/Sim/rows/ErrSpillRows.lean:372:68: unused variable `es`

Note: This linter can be disabled with `set_option linter.unusedVariables false`
info: Vsa/Sim/rows/ErrSpillRows.lean:378:0: 'Vsa.Sim.hArgsHead_hsite_of_armBranch' depends on axioms: [propext, Classical.choice, Quot.sound]
info: Vsa/Sim/rows/ErrSpillRows.lean:400:0: 'Vsa.Sim.hFlLoop_hsite_of_armBranch' depends on axioms: [propext, Classical.choice, Quot.sound]
info: Vsa/Sim/rows/ErrSpillRows.lean:410:0: 'Vsa.Sim.spill80003fdcSeg_seg' depends on axioms: [propext, Classical.choice, Quot.sound]
info: Vsa/Sim/rows/ErrSpillRows.lean:419:0: 'Vsa.Sim.spill80003fdc_toJalErr' depends on axioms: [propext, Classical.choice, Quot.sound]
info: Vsa/Sim/rows/ErrSpillRows.lean:437:0: 'Vsa.Sim.hArgsTail_hsite_of_armBranch' depends on axioms: [propext, Classical.choice, Quot.sound]
warning: Vsa/Sim/rows/ErrSpillRows.lean:445:77: unused variable `ss`

Note: This linter can be disabled with `set_option linter.unusedVariables false`
warning: Vsa/Sim/rows/ErrSpillRows.lean:447:68: unused variable `ss`

Note: This linter can be disabled with `set_option linter.unusedVariables false`
info: Vsa/Sim/rows/ErrSpillRows.lean:453:0: 'Vsa.Sim.hSeqHead_hsite_of_armBranch' depends on axioms: [propext, Classical.choice, Quot.sound]
ℹ [1089/1119] Replayed Vsa.Sim.rows.StrCmpSignTail
info: Vsa/Sim/rows/StrCmpSignTail.lean:221:0: 'Vsa.Sim.sTailLtRow' depends on axioms: [propext, Classical.choice, Quot.sound]
info: Vsa/Sim/rows/StrCmpSignTail.lean:222:0: 'Vsa.Sim.sTailGtRow' depends on axioms: [propext, Classical.choice, Quot.sound]
info: Vsa/Sim/rows/StrCmpSignTail.lean:223:0: 'Vsa.Sim.sTailLeRow' depends on axioms: [propext, Classical.choice, Quot.sound]
ℹ [1090/1119] Replayed Vsa.Sim.SegReadback
info: Vsa/Sim/SegReadback.lean:97:0: 'Vsa.Sim.lookupG_runGM_snoc' depends on axioms: [propext, Quot.sound]
info: Vsa/Sim/SegReadback.lean:147:0: 'Vsa.Sim.rbDemo_x11' depends on axioms: [propext, Quot.sound]
info: Vsa/Sim/SegReadback.lean:159:0: 'Vsa.Sim.rbDemo_gprGet' depends on axioms: [propext, Classical.choice, Quot.sound]
info: Vsa/Sim/SegReadback.lean:223:0: 'Vsa.Sim.gcDemo_facts' depends on axioms: [propext, Classical.choice, Quot.sound]
ℹ [1091/1119] Replayed Vsa.Sim.rows.ErrSetupCore
info: Vsa/Sim/rows/ErrSetupCore.lean:120:0: 'Vsa.Sim.lookupG_runGM_mid' depends on axioms: [propext, Quot.sound]
info: Vsa/Sim/rows/ErrSetupCore.lean:209:0: 'Vsa.Sim.spillSetupSeg_toJalErr' depends on axioms: [propext, Classical.choice, Quot.sound]
⚠ [1114/1378] Replayed Vsa.Sim.rows.ErrArmLinks
warning: Vsa/Sim/rows/ErrArmLinks.lean:34:70: unused variable `op`

Note: This linter can be disabled with `set_option linter.unusedVariables false`
warning: Vsa/Sim/rows/ErrArmLinks.lean:44:49: unused variable `d`

Note: This linter can be disabled with `set_option linter.unusedVariables false`
warning: Vsa/Sim/rows/ErrArmLinks.lean:69:69: unused variable `r`

Note: This linter can be disabled with `set_option linter.unusedVariables false`
warning: Vsa/Sim/rows/ErrArmLinks.lean:72:86: unused variable `b`

Note: This linter can be disabled with `set_option linter.unusedVariables false`
warning: Vsa/Sim/rows/ErrArmLinks.lean:75:83: unused variable `es`

Note: This linter can be disabled with `set_option linter.unusedVariables false`
warning: Vsa/Sim/rows/ErrArmLinks.lean:88:82: unused variable `ss`

Note: This linter can be disabled with `set_option linter.unusedVariables false`
info: Vsa/Sim/rows/ErrArmLinks.lean:92:0: 'Vsa.Sim.ErrArmLinks' depends on axioms: [propext, Classical.choice, Quot.sound]
info: Vsa/Sim/rows/ErrArmLinks.lean:102:0: 'Vsa.Sim.errLinkA_hNegType' depends on axioms: [propext, Classical.choice, Quot.sound]
info: Vsa/Sim/rows/ErrArmLinks.lean:111:0: 'Vsa.Sim.errLinkA_hRet' depends on axioms: [propext, Classical.choice, Quot.sound]
warning: Vsa/Sim/rows/ErrArmLinks.lean:117:57: unused variable `op`

Note: This linter can be disabled with `set_option linter.unusedVariables false`
info: Vsa/Sim/rows/ErrArmLinks.lean:120:0: 'Vsa.Sim.errLinkA_hUnaryE' depends on axioms: [propext, Classical.choice, Quot.sound]
info: Vsa/Sim/rows/ErrArmLinks.lean:133:0: 'Vsa.Sim.errLinkA_hForLoop' depends on axioms: [propext, Classical.choice, Quot.sound]
warning: Vsa/Sim/rows/ErrArmLinks.lean:139:34: unused variable `d`

Note: This linter can be disabled with `set_option linter.unusedVariables false`
info: Vsa/Sim/rows/ErrArmLinks.lean:142:0: 'Vsa.Sim.errLinkA_hVarUndef' depends on axioms: [propext, Classical.choice, Quot.sound]
info: Vsa/Sim/rows/ErrArmLinks.lean:151:0: 'Vsa.Sim.errLinkA_hExpr' depends on axioms: [propext, Classical.choice, Quot.sound]
info: Vsa/Sim/rows/ErrArmLinks.lean:161:0: 'Vsa.Sim.errLinkA_hAssignUnbound' depends on axioms: [propext, Classical.choice, Quot.sound]
info: Vsa/Sim/rows/ErrArmLinks.lean:172:0: 'Vsa.Sim.errLinkA_hBlock' depends on axioms: [propext, Classical.choice, Quot.sound]
info: Vsa/Sim/rows/ErrArmLinks.lean:183:0: 'Vsa.Sim.errLinkA_hOrR' depends on axioms: [propext, Classical.choice, Quot.sound]
info: Vsa/Sim/rows/ErrArmLinks.lean:194:0: 'Vsa.Sim.errLinkA_hWhileBody' depends on axioms: [propext, Classical.choice, Quot.sound]
warning: Vsa/Sim/rows/ErrArmLinks.lean:200:59: unused variable `r`

Note: This linter can be disabled with `set_option linter.unusedVariables false`
info: Vsa/Sim/rows/ErrArmLinks.lean:203:0: 'Vsa.Sim.errLinkA_hOrL' depends on axioms: [propext, Classical.choice, Quot.sound]
warning: Vsa/Sim/rows/ErrArmLinks.lean:209:70: unused variable `b`

Note: This linter can be disabled with `set_option linter.unusedVariables false`
info: Vsa/Sim/rows/ErrArmLinks.lean:212:0: 'Vsa.Sim.errLinkA_hWhileCond' depends on axioms: [propext, Classical.choice, Quot.sound]
warning: Vsa/Sim/rows/ErrArmLinks.lean:218:68: unused variable `es`

Note: This linter can be disabled with `set_option linter.unusedVariables false`
info: Vsa/Sim/rows/ErrArmLinks.lean:221:0: 'Vsa.Sim.errLinkA_hArgsHead' depends on axioms: [propext, Classical.choice, Quot.sound]
info: Vsa/Sim/rows/ErrArmLinks.lean:233:0: 'Vsa.Sim.errLinkA_hFlLoop' depends on axioms: [propext, Classical.choice, Quot.sound]
info: Vsa/Sim/rows/ErrArmLinks.lean:243:0: 'Vsa.Sim.errLinkA_hArgsTail' depends on axioms: [propext, Classical.choice, Quot.sound]
warning: Vsa/Sim/rows/ErrArmLinks.lean:249:68: unused variable `ss`

Note: This linter can be disabled with `set_option linter.unusedVariables false`
info: Vsa/Sim/rows/ErrArmLinks.lean:252:0: 'Vsa.Sim.errLinkA_hSeqHead' depends on axioms: [propext, Classical.choice, Quot.sound]
⚠ [1115/1378] Replayed Vsa.Sim.rows.ErrSetupRows
info: Vsa/Sim/rows/ErrSetupRows.lean:33:0: 'Vsa.Sim.setup80002e90Seg_seg' depends on axioms: [propext, Classical.choice, Quot.sound]
warning: Vsa/Sim/rows/ErrSetupRows.lean:36:27: unused variable `inp`

Note: This linter can be disabled with `set_option linter.unusedVariables false`
info: Vsa/Sim/rows/ErrSetupRows.lean:53:0: 'Vsa.Sim.setup80002e90_x10' depends on axioms: [propext, Quot.sound]
info: Vsa/Sim/rows/ErrSetupRows.lean:61:0: 'Vsa.Sim.setup80002e90_toJalErr' depends on axioms: [propext, Classical.choice, Quot.sound]
warning: Vsa/Sim/rows/ErrSetupRows.lean:68:29: unused variable `st`

Note: This linter can be disabled with `set_option linter.unusedVariables false`
warning: Vsa/Sim/rows/ErrSetupRows.lean:68:43: unused variable `d`

Note: This linter can be disabled with `set_option linter.unusedVariables false`
warning: Vsa/Sim/rows/ErrSetupRows.lean:68:66: unused variable `vs`

Note: This linter can be disabled with `set_option linter.unusedVariables false`
warning: Vsa/Sim/rows/ErrSetupRows.lean:70:20: unused variable `st`

Note: This linter can be disabled with `set_option linter.unusedVariables false`
warning: Vsa/Sim/rows/ErrSetupRows.lean:70:34: unused variable `d`

Note: This linter can be disabled with `set_option linter.unusedVariables false`
warning: Vsa/Sim/rows/ErrSetupRows.lean:70:57: unused variable `vs`

Note: This linter can be disabled with `set_option linter.unusedVariables false`
info: Vsa/Sim/rows/ErrSetupRows.lean:76:0: 'Vsa.Sim.hNotCallable_hsite_of_armBranch' depends on axioms: [propext, Classical.choice, Quot.sound]
info: Vsa/Sim/rows/ErrSetupRows.lean:93:0: 'Vsa.Sim.hDepth_hsite_of_armBranch' depends on axioms: [propext, Classical.choice, Quot.sound]
info: Vsa/Sim/rows/ErrSetupRows.lean:118:0: 'Vsa.Sim.hEscape_hsite_of_armBranch' depends on axioms: [propext, Classical.choice, Quot.sound]
warning: Vsa/Sim/rows/ErrSetupRows.lean:125:29: unused variable `st`

Note: This linter can be disabled with `set_option linter.unusedVariables false`
warning: Vsa/Sim/rows/ErrSetupRows.lean:125:43: unused variable `d`

Note: This linter can be disabled with `set_option linter.unusedVariables false`
warning: Vsa/Sim/rows/ErrSetupRows.lean:127:20: unused variable `st`

Note: This linter can be disabled with `set_option linter.unusedVariables false`
warning: Vsa/Sim/rows/ErrSetupRows.lean:127:34: unused variable `d`

Note: This linter can be disabled with `set_option linter.unusedVariables false`
info: Vsa/Sim/rows/ErrSetupRows.lean:133:0: 'Vsa.Sim.hAssertArity_hsite_of_armBranch' depends on axioms: [propext, Classical.choice, Quot.sound]
info: Vsa/Sim/rows/ErrSetupRows.lean:150:0: 'Vsa.Sim.hSeqTail_hsite_of_armBranch' depends on axioms: [propext, Classical.choice, Quot.sound]
info: Vsa/Sim/rows/ErrSetupRows.lean:160:0: 'Vsa.Sim.setup80002ebcSeg_seg' depends on axioms: [propext, Classical.choice, Quot.sound]
warning: Vsa/Sim/rows/ErrSetupRows.lean:163:27: unused variable `inp`

Note: This linter can be disabled with `set_option linter.unusedVariables false`
info: Vsa/Sim/rows/ErrSetupRows.lean:180:0: 'Vsa.Sim.setup80002ebc_x10' depends on axioms: [propext, Quot.sound]
info: Vsa/Sim/rows/ErrSetupRows.lean:188:0: 'Vsa.Sim.setup80002ebc_toJalErr' depends on axioms: [propext, Classical.choice, Quot.sound]
warning: Vsa/Sim/rows/ErrSetupRows.lean:195:43: unused variable `d`

Note: This linter can be disabled with `set_option linter.unusedVariables false`
warning: Vsa/Sim/rows/ErrSetupRows.lean:197:34: unused variable `d`

Note: This linter can be disabled with `set_option linter.unusedVariables false`
info: Vsa/Sim/rows/ErrSetupRows.lean:203:0: 'Vsa.Sim.hArity_hsite_of_armBranch' depends on axioms: [propext, Classical.choice, Quot.sound]
info: Vsa/Sim/rows/ErrSetupRows.lean:226:0: 'Vsa.Sim.hBody_hsite_of_armBranch' depends on axioms: [propext, Classical.choice, Quot.sound]
warning: Vsa/Sim/rows/ErrSetupRows.lean:233:29: unused variable `st`

Note: This linter can be disabled with `set_option linter.unusedVariables false`
warning: Vsa/Sim/rows/ErrSetupRows.lean:233:43: unused variable `d`

Note: This linter can be disabled with `set_option linter.unusedVariables false`
warning: Vsa/Sim/rows/ErrSetupRows.lean:235:20: unused variable `st`

Note: This linter can be disabled with `set_option linter.unusedVariables false`
warning: Vsa/Sim/rows/ErrSetupRows.lean:235:34: unused variable `d`

Note: This linter can be disabled with `set_option linter.unusedVariables false`
info: Vsa/Sim/rows/ErrSetupRows.lean:241:0: 'Vsa.Sim.hAssertFail_hsite_of_armBranch' depends on axioms: [propext, Classical.choice, Quot.sound]
info: Vsa/Sim/rows/ErrSetupRows.lean:252:0: 'Vsa.Sim.setup80003b9cSeg_seg' depends on axioms: [propext, Classical.choice, Quot.sound]
warning: Vsa/Sim/rows/ErrSetupRows.lean:255:27: unused variable `inp`

Note: This linter can be disabled with `set_option linter.unusedVariables false`
info: Vsa/Sim/rows/ErrSetupRows.lean:272:0: 'Vsa.Sim.setup80003b9c_x10' depends on axioms: [propext, Quot.sound]
info: Vsa/Sim/rows/ErrSetupRows.lean:280:0: 'Vsa.Sim.setup80003b9c_toJalErr' depends on axioms: [propext, Classical.choice, Quot.sound]
warning: Vsa/Sim/rows/ErrSetupRows.lean:287:66: unused variable `x`

Note: This linter can be disabled with `set_option linter.unusedVariables false`
warning: Vsa/Sim/rows/ErrSetupRows.lean:289:57: unused variable `x`

Note: This linter can be disabled with `set_option linter.unusedVariables false`
info: Vsa/Sim/rows/ErrSetupRows.lean:295:0: 'Vsa.Sim.hAssignE_hsite_of_armBranch' depends on axioms: [propext, Classical.choice, Quot.sound]
warning: Vsa/Sim/rows/ErrSetupRows.lean:302:66: unused variable `x`

Note: This linter can be disabled with `set_option linter.unusedVariables false`
warning: Vsa/Sim/rows/ErrSetupRows.lean:304:57: unused variable `x`

Note: This linter can be disabled with `set_option linter.unusedVariables false`
info: Vsa/Sim/rows/ErrSetupRows.lean:310:0: 'Vsa.Sim.hVarInit_hsite_of_armBranch' depends on axioms: [propext, Classical.choice, Quot.sound]
info: Vsa/Sim/rows/ErrSetupRows.lean:321:0: 'Vsa.Sim.setup80003c10Seg_seg' depends on axioms: [propext, Classical.choice, Quot.sound]
warning: Vsa/Sim/rows/ErrSetupRows.lean:324:27: unused variable `inp`

Note: This linter can be disabled with `set_option linter.unusedVariables false`
info: Vsa/Sim/rows/ErrSetupRows.lean:341:0: 'Vsa.Sim.setup80003c10_x10' depends on axioms: [propext, Quot.sound]
info: Vsa/Sim/rows/ErrSetupRows.lean:349:0: 'Vsa.Sim.setup80003c10_toJalErr' depends on axioms: [propext, Classical.choice, Quot.sound]
warning: Vsa/Sim/rows/ErrSetupRows.lean:356:66: unused variable `op`

Note: This linter can be disabled with `set_option linter.unusedVariables false`
warning: Vsa/Sim/rows/ErrSetupRows.lean:356:81: unused variable `r`

Note: This linter can be disabled with `set_option linter.unusedVariables false`
warning: Vsa/Sim/rows/ErrSetupRows.lean:358:57: unused variable `op`

Note: This linter can be disabled with `set_option linter.unusedVariables false`
warning: Vsa/Sim/rows/ErrSetupRows.lean:358:72: unused variable `r`

Note: This linter can be disabled with `set_option linter.unusedVariables false`
info: Vsa/Sim/rows/ErrSetupRows.lean:364:0: 'Vsa.Sim.hBinaryL_hsite_of_armBranch' depends on axioms: [propext, Classical.choice, Quot.sound]
warning: Vsa/Sim/rows/ErrSetupRows.lean:371:79: unused variable `t`

Note: This linter can be disabled with `set_option linter.unusedVariables false`
warning: Vsa/Sim/rows/ErrSetupRows.lean:372:7: unused variable `e`

Note: This linter can be disabled with `set_option linter.unusedVariables false`
warning: Vsa/Sim/rows/ErrSetupRows.lean:374:70: unused variable `t`

Note: This linter can be disabled with `set_option linter.unusedVariables false`
warning: Vsa/Sim/rows/ErrSetupRows.lean:375:7: unused variable `e`

Note: This linter can be disabled with `set_option linter.unusedVariables false`
info: Vsa/Sim/rows/ErrSetupRows.lean:381:0: 'Vsa.Sim.hIfCond_hsite_of_armBranch' depends on axioms: [propext, Classical.choice, Quot.sound]
info: Vsa/Sim/rows/ErrSetupRows.lean:392:0: 'Vsa.Sim.setup80003c7cSeg_seg' depends on axioms: [propext, Classical.choice, Quot.sound]
warning: Vsa/Sim/rows/ErrSetupRows.lean:395:27: unused variable `inp`

Note: This linter can be disabled with `set_option linter.unusedVariables false`
info: Vsa/Sim/rows/ErrSetupRows.lean:412:0: 'Vsa.Sim.setup80003c7c_x10' depends on axioms: [propext, Quot.sound]
info: Vsa/Sim/rows/ErrSetupRows.lean:420:0: 'Vsa.Sim.setup80003c7c_toJalErr' depends on axioms: [propext, Classical.choice, Quot.sound]
warning: Vsa/Sim/rows/ErrSetupRows.lean:427:66: unused variable `op`

Note: This linter can be disabled with `set_option linter.unusedVariables false`
warning: Vsa/Sim/rows/ErrSetupRows.lean:430:57: unused variable `op`

Note: This linter can be disabled with `set_option linter.unusedVariables false`
info: Vsa/Sim/rows/ErrSetupRows.lean:437:0: 'Vsa.Sim.hBinaryR_hsite_of_armBranch' depends on axioms: [propext, Classical.choice, Quot.sound]
warning: Vsa/Sim/rows/ErrSetupRows.lean:445:7: unused variable `e`

Note: This linter can be disabled with `set_option linter.unusedVariables false`
warning: Vsa/Sim/rows/ErrSetupRows.lean:449:7: unused variable `e`

Note: This linter can be disabled with `set_option linter.unusedVariables false`
info: Vsa/Sim/rows/ErrSetupRows.lean:456:0: 'Vsa.Sim.hIfThen_hsite_of_armBranch' depends on axioms: [propext, Classical.choice, Quot.sound]
info: Vsa/Sim/rows/ErrSetupRows.lean:468:0: 'Vsa.Sim.setup80003cc4Seg_seg' depends on axioms: [propext, Classical.choice, Quot.sound]
warning: Vsa/Sim/rows/ErrSetupRows.lean:471:27: unused variable `inp`

Note: This linter can be disabled with `set_option linter.unusedVariables false`
info: Vsa/Sim/rows/ErrSetupRows.lean:488:0: 'Vsa.Sim.setup80003cc4_x10' depends on axioms: [propext, Quot.sound]
info: Vsa/Sim/rows/ErrSetupRows.lean:496:0: 'Vsa.Sim.setup80003cc4_toJalErr' depends on axioms: [propext, Classical.choice, Quot.sound]
info: Vsa/Sim/rows/ErrSetupRows.lean:515:0: 'Vsa.Sim.hBinaryOp_hsite_of_armBranch' depends on axioms: [propext, Classical.choice, Quot.sound]
warning: Vsa/Sim/rows/ErrSetupRows.lean:522:79: unused variable `t`

Note: This linter can be disabled with `set_option linter.unusedVariables false`
warning: Vsa/Sim/rows/ErrSetupRows.lean:526:70: unused variable `t`

Note: This linter can be disabled with `set_option linter.unusedVariables false`
info: Vsa/Sim/rows/ErrSetupRows.lean:534:0: 'Vsa.Sim.hIfElse_hsite_of_armBranch' depends on axioms: [propext, Classical.choice, Quot.sound]
info: Vsa/Sim/rows/ErrSetupRows.lean:545:0: 'Vsa.Sim.setup80003d5cSeg_seg' depends on axioms: [propext, Classical.choice, Quot.sound]
warning: Vsa/Sim/rows/ErrSetupRows.lean:548:27: unused variable `inp`

Note: This linter can be disabled with `set_option linter.unusedVariables false`
info: Vsa/Sim/rows/ErrSetupRows.lean:565:0: 'Vsa.Sim.setup80003d5c_x10' depends on axioms: [propext, Quot.sound]
info: Vsa/Sim/rows/ErrSetupRows.lean:573:0: 'Vsa.Sim.setup80003d5c_toJalErr' depends on axioms: [propext, Classical.choice, Quot.sound]
warning: Vsa/Sim/rows/ErrSetupRows.lean:580:68: unused variable `r`

Note: This linter can be disabled with `set_option linter.unusedVariables false`
warning: Vsa/Sim/rows/ErrSetupRows.lean:582:59: unused variable `r`

Note: This linter can be disabled with `set_option linter.unusedVariables false`
info: Vsa/Sim/rows/ErrSetupRows.lean:588:0: 'Vsa.Sim.hAndL_hsite_of_armBranch' depends on axioms: [propext, Classical.choice, Quot.sound]
info: Vsa/Sim/rows/ErrSetupRows.lean:609:0: 'Vsa.Sim.hWhileLoop_hsite_of_armBranch' depends on axioms: [propext, Classical.choice, Quot.sound]
info: Vsa/Sim/rows/ErrSetupRows.lean:619:0: 'Vsa.Sim.setup80003da0Seg_seg' depends on axioms: [propext, Classical.choice, Quot.sound]
warning: Vsa/Sim/rows/ErrSetupRows.lean:622:27: unused variable `inp`

Note: This linter can be disabled with `set_option linter.unusedVariables false`
info: Vsa/Sim/rows/ErrSetupRows.lean:639:0: 'Vsa.Sim.setup80003da0_x10' depends on axioms: [propext, Quot.sound]
info: Vsa/Sim/rows/ErrSetupRows.lean:647:0: 'Vsa.Sim.setup80003da0_toJalErr' depends on axioms: [propext, Classical.choice, Quot.sound]
info: Vsa/Sim/rows/ErrSetupRows.lean:666:0: 'Vsa.Sim.hAndR_hsite_of_armBranch' depends on axioms: [propext, Classical.choice, Quot.sound]
warning: Vsa/Sim/rows/ErrSetupRows.lean:673:80: unused variable `cnd`

Note: This linter can be disabled with `set_option linter.unusedVariables false`
warning: Vsa/Sim/rows/ErrSetupRows.lean:674:7: unused variable `step`

Note: This linter can be disabled with `set_option linter.unusedVariables false`
warning: Vsa/Sim/rows/ErrSetupRows.lean:674:28: unused variable `b`

Note: This linter can be disabled with `set_option linter.unusedVariables false`
warning: Vsa/Sim/rows/ErrSetupRows.lean:677:71: unused variable `cnd`

Note: This linter can be disabled with `set_option linter.unusedVariables false`
warning: Vsa/Sim/rows/ErrSetupRows.lean:678:7: unused variable `step`

Note: This linter can be disabled with `set_option linter.unusedVariables false`
warning: Vsa/Sim/rows/ErrSetupRows.lean:678:28: unused variable `b`

Note: This linter can be disabled with `set_option linter.unusedVariables false`
info: Vsa/Sim/rows/ErrSetupRows.lean:685:0: 'Vsa.Sim.hForInit_hsite_of_armBranch' depends on axioms: [propext, Classical.choice, Quot.sound]
info: Vsa/Sim/rows/ErrSetupRows.lean:695:0: 'Vsa.Sim.setup80003de8Seg_seg' depends on axioms: [propext, Classical.choice, Quot.sound]
warning: Vsa/Sim/rows/ErrSetupRows.lean:698:27: unused variable `inp`

Note: This linter can be disabled with `set_option linter.unusedVariables false`
info: Vsa/Sim/rows/ErrSetupRows.lean:715:0: 'Vsa.Sim.setup80003de8_x10' depends on axioms: [propext, Quot.sound]
info: Vsa/Sim/rows/ErrSetupRows.lean:723:0: 'Vsa.Sim.setup80003de8_toJalErr' depends on axioms: [propext, Classical.choice, Quot.sound]
warning: Vsa/Sim/rows/ErrSetupRows.lean:730:77: unused variable `args`

Note: This linter can be disabled with `set_option linter.unusedVariables false`
warning: Vsa/Sim/rows/ErrSetupRows.lean:732:68: unused variable `args`

Note: This linter can be disabled with `set_option linter.unusedVariables false`
info: Vsa/Sim/rows/ErrSetupRows.lean:738:0: 'Vsa.Sim.hCallF_hsite_of_armBranch' depends on axioms: [propext, Classical.choice, Quot.sound]
warning: Vsa/Sim/rows/ErrSetupRows.lean:745:79: unused variable `step`

Note: This linter can be disabled with `set_option linter.unusedVariables false`
warning: Vsa/Sim/rows/ErrSetupRows.lean:746:7: unused variable `b`

Note: This linter can be disabled with `set_option linter.unusedVariables false`
warning: Vsa/Sim/rows/ErrSetupRows.lean:748:70: unused variable `step`

Note: This linter can be disabled with `set_option linter.unusedVariables false`
warning: Vsa/Sim/rows/ErrSetupRows.lean:749:7: unused variable `b`

Note: This linter can be disabled with `set_option linter.unusedVariables false`
info: Vsa/Sim/rows/ErrSetupRows.lean:755:0: 'Vsa.Sim.hFlCond_hsite_of_armBranch' depends on axioms: [propext, Classical.choice, Quot.sound]
info: Vsa/Sim/rows/ErrSetupRows.lean:765:0: 'Vsa.Sim.setup80003e98Seg_seg' depends on axioms: [propext, Classical.choice, Quot.sound]
warning: Vsa/Sim/rows/ErrSetupRows.lean:768:27: unused variable `inp`

Note: This linter can be disabled with `set_option linter.unusedVariables false`
info: Vsa/Sim/rows/ErrSetupRows.lean:785:0: 'Vsa.Sim.setup80003e98_x10' depends on axioms: [propext, Quot.sound]
info: Vsa/Sim/rows/ErrSetupRows.lean:793:0: 'Vsa.Sim.setup80003e98_toJalErr' depends on axioms: [propext, Classical.choice, Quot.sound]
info: Vsa/Sim/rows/ErrSetupRows.lean:810:0: 'Vsa.Sim.hCallArgs_hsite_of_armBranch' depends on axioms: [propext, Classical.choice, Quot.sound]
warning: Vsa/Sim/rows/ErrSetupRows.lean:818:7: unused variable `step`

Note: This linter can be disabled with `set_option linter.unusedVariables false`
warning: Vsa/Sim/rows/ErrSetupRows.lean:821:7: unused variable `step`

Note: This linter can be disabled with `set_option linter.unusedVariables false`
info: Vsa/Sim/rows/ErrSetupRows.lean:827:0: 'Vsa.Sim.hFlBody_hsite_of_armBranch' depends on axioms: [propext, Classical.choice, Quot.sound]
info: Vsa/Sim/rows/ErrSetupRows.lean:838:0: 'Vsa.Sim.setup80003f58Seg_seg' depends on axioms: [propext, Classical.choice, Quot.sound]
warning: Vsa/Sim/rows/ErrSetupRows.lean:841:27: unused variable `inp`

Note: This linter can be disabled with `set_option linter.unusedVariables false`
info: Vsa/Sim/rows/ErrSetupRows.lean:858:0: 'Vsa.Sim.setup80003f58_x10' depends on axioms: [propext, Quot.sound]
info: Vsa/Sim/rows/ErrSetupRows.lean:866:0: 'Vsa.Sim.setup80003f58_toJalErr' depends on axioms: [propext, Classical.choice, Quot.sound]
info: Vsa/Sim/rows/ErrSetupRows.lean:885:0: 'Vsa.Sim.hCallC_hsite_of_armBranch' depends on axioms: [propext, Classical.choice, Quot.sound]
info: Vsa/Sim/rows/ErrSetupRows.lean:904:0: 'Vsa.Sim.hFlStep_hsite_of_armBranch' depends on axioms: [propext, Classical.choice, Quot.sound]
⚠ [1116/1378] Replayed Vsa.Sim.rows.ErrArmLinksB
warning: Vsa/Sim/rows/ErrArmLinksB.lean:26:38: unused variable `st`

Note: This linter can be disabled with `set_option linter.unusedVariables false`
warning: Vsa/Sim/rows/ErrArmLinksB.lean:26:52: unused variable `d`

Note: This linter can be disabled with `set_option linter.unusedVariables false`
warning: Vsa/Sim/rows/ErrArmLinksB.lean:26:75: unused variable `vs`

Note: This linter can be disabled with `set_option linter.unusedVariables false`
warning: Vsa/Sim/rows/ErrArmLinksB.lean:41:38: unused variable `st`

Note: This linter can be disabled with `set_option linter.unusedVariables false`
warning: Vsa/Sim/rows/ErrArmLinksB.lean:41:52: unused variable `d`

Note: This linter can be disabled with `set_option linter.unusedVariables false`
warning: Vsa/Sim/rows/ErrArmLinksB.lean:48:46: unused variable `d`

Note: This linter can be disabled with `set_option linter.unusedVariables false`
warning: Vsa/Sim/rows/ErrArmLinksB.lean:58:37: unused variable `st`

Note: This linter can be disabled with `set_option linter.unusedVariables false`
warning: Vsa/Sim/rows/ErrArmLinksB.lean:58:51: unused variable `d`

Note: This linter can be disabled with `set_option linter.unusedVariables false`
warning: Vsa/Sim/rows/ErrArmLinksB.lean:61:71: unused variable `x`

Note: This linter can be disabled with `set_option linter.unusedVariables false`
warning: Vsa/Sim/rows/ErrArmLinksB.lean:64:71: unused variable `x`

Note: This linter can be disabled with `set_option linter.unusedVariables false`
warning: Vsa/Sim/rows/ErrArmLinksB.lean:67:71: unused variable `op`

Note: This linter can be disabled with `set_option linter.unusedVariables false`
warning: Vsa/Sim/rows/ErrArmLinksB.lean:67:86: unused variable `r`

Note: This linter can be disabled with `set_option linter.unusedVariables false`
warning: Vsa/Sim/rows/ErrArmLinksB.lean:70:83: unused variable `t`

Note: This linter can be disabled with `set_option linter.unusedVariables false`
warning: Vsa/Sim/rows/ErrArmLinksB.lean:71:7: unused variable `e`

Note: This linter can be disabled with `set_option linter.unusedVariables false`
warning: Vsa/Sim/rows/ErrArmLinksB.lean:74:71: unused variable `op`

Note: This linter can be disabled with `set_option linter.unusedVariables false`
warning: Vsa/Sim/rows/ErrArmLinksB.lean:79:7: unused variable `e`

Note: This linter can be disabled with `set_option linter.unusedVariables false`
warning: Vsa/Sim/rows/ErrArmLinksB.lean:88:83: unused variable `t`

Note: This linter can be disabled with `set_option linter.unusedVariables false`
warning: Vsa/Sim/rows/ErrArmLinksB.lean:93:70: unused variable `r`

Note: This linter can be disabled with `set_option linter.unusedVariables false`
warning: Vsa/Sim/rows/ErrArmLinksB.lean:107:85: unused variable `cnd`

Note: This linter can be disabled with `set_option linter.unusedVariables false`
warning: Vsa/Sim/rows/ErrArmLinksB.lean:108:7: unused variable `step`

Note: This linter can be disabled with `set_option linter.unusedVariables false`
warning: Vsa/Sim/rows/ErrArmLinksB.lean:108:28: unused variable `b`

Note: This linter can be disabled with `set_option linter.unusedVariables false`
warning: Vsa/Sim/rows/ErrArmLinksB.lean:112:80: unused variable `args`

Note: This linter can be disabled with `set_option linter.unusedVariables false`
warning: Vsa/Sim/rows/ErrArmLinksB.lean:115:83: unused variable `step`

Note: This linter can be disabled with `set_option linter.unusedVariables false`
warning: Vsa/Sim/rows/ErrArmLinksB.lean:116:7: unused variable `b`

Note: This linter can be disabled with `set_option linter.unusedVariables false`
warning: Vsa/Sim/rows/ErrArmLinksB.lean:124:7: unused variable `step`

Note: This linter can be disabled with `set_option linter.unusedVariables false`
info: Vsa/Sim/rows/ErrArmLinksB.lean:138:0: 'Vsa.Sim.ErrArmLinksB' depends on axioms: [propext, Classical.choice, Quot.sound]
warning: Vsa/Sim/rows/ErrArmLinksB.lean:144:20: unused variable `st`

Note: This linter can be disabled with `set_option linter.unusedVariables false`
warning: Vsa/Sim/rows/ErrArmLinksB.lean:144:34: unused variable `d`

Note: This linter can be disabled with `set_option linter.unusedVariables false`
warning: Vsa/Sim/rows/ErrArmLinksB.lean:144:57: unused variable `vs`

Note: This linter can be disabled with `set_option linter.unusedVariables false`
info: Vsa/Sim/rows/ErrArmLinksB.lean:147:0: 'Vsa.Sim.errLinkB_hNotCallable' depends on axioms: [propext, Classical.choice, Quot.sound]
info: Vsa/Sim/rows/ErrArmLinksB.lean:156:0: 'Vsa.Sim.errLinkB_hDepth' depends on axioms: [propext, Classical.choice, Quot.sound]
info: Vsa/Sim/rows/ErrArmLinksB.lean:169:0: 'Vsa.Sim.errLinkB_hEscape' depends on axioms: [propext, Classical.choice, Quot.sound]
warning: Vsa/Sim/rows/ErrArmLinksB.lean:174:20: unused variable `st`

Note: This linter can be disabled with `set_option linter.unusedVariables false`
warning: Vsa/Sim/rows/ErrArmLinksB.lean:174:34: unused variable `d`

Note: This linter can be disabled with `set_option linter.unusedVariables false`
info: Vsa/Sim/rows/ErrArmLinksB.lean:177:0: 'Vsa.Sim.errLinkB_hAssertArity' depends on axioms: [propext, Classical.choice, Quot.sound]
info: Vsa/Sim/rows/ErrArmLinksB.lean:186:0: 'Vsa.Sim.errLinkB_hSeqTail' depends on axioms: [propext, Classical.choice, Quot.sound]
warning: Vsa/Sim/rows/ErrArmLinksB.lean:191:34: unused variable `d`

Note: This linter can be disabled with `set_option linter.unusedVariables false`
info: Vsa/Sim/rows/ErrArmLinksB.lean:194:0: 'Vsa.Sim.errLinkB_hArity' depends on axioms: [propext, Classical.choice, Quot.sound]
info: Vsa/Sim/rows/ErrArmLinksB.lean:206:0: 'Vsa.Sim.errLinkB_hBody' depends on axioms: [propext, Classical.choice, Quot.sound]
warning: Vsa/Sim/rows/ErrArmLinksB.lean:211:20: unused variable `st`

Note: This linter can be disabled with `set_option linter.unusedVariables false`
warning: Vsa/Sim/rows/ErrArmLinksB.lean:211:34: unused variable `d`

Note: This linter can be disabled with `set_option linter.unusedVariables false`
info: Vsa/Sim/rows/ErrArmLinksB.lean:214:0: 'Vsa.Sim.errLinkB_hAssertFail' depends on axioms: [propext, Classical.choice, Quot.sound]
warning: Vsa/Sim/rows/ErrArmLinksB.lean:219:57: unused variable `x`

Note: This linter can be disabled with `set_option linter.unusedVariables false`
info: Vsa/Sim/rows/ErrArmLinksB.lean:222:0: 'Vsa.Sim.errLinkB_hAssignE' depends on axioms: [propext, Classical.choice, Quot.sound]
warning: Vsa/Sim/rows/ErrArmLinksB.lean:227:57: unused variable `x`

Note: This linter can be disabled with `set_option linter.unusedVariables false`
info: Vsa/Sim/rows/ErrArmLinksB.lean:230:0: 'Vsa.Sim.errLinkB_hVarInit' depends on axioms: [propext, Classical.choice, Quot.sound]
warning: Vsa/Sim/rows/ErrArmLinksB.lean:235:57: unused variable `op`

Note: This linter can be disabled with `set_option linter.unusedVariables false`
warning: Vsa/Sim/rows/ErrArmLinksB.lean:235:72: unused variable `r`

Note: This linter can be disabled with `set_option linter.unusedVariables false`
info: Vsa/Sim/rows/ErrArmLinksB.lean:238:0: 'Vsa.Sim.errLinkB_hBinaryL' depends on axioms: [propext, Classical.choice, Quot.sound]
warning: Vsa/Sim/rows/ErrArmLinksB.lean:243:70: unused variable `t`

Note: This linter can be disabled with `set_option linter.unusedVariables false`
warning: Vsa/Sim/rows/ErrArmLinksB.lean:244:7: unused variable `e`

Note: This linter can be disabled with `set_option linter.unusedVariables false`
info: Vsa/Sim/rows/ErrArmLinksB.lean:247:0: 'Vsa.Sim.errLinkB_hIfCond' depends on axioms: [propext, Classical.choice, Quot.sound]
warning: Vsa/Sim/rows/ErrArmLinksB.lean:252:57: unused variable `op`

Note: This linter can be disabled with `set_option linter.unusedVariables false`
info: Vsa/Sim/rows/ErrArmLinksB.lean:256:0: 'Vsa.Sim.errLinkB_hBinaryR' depends on axioms: [propext, Classical.choice, Quot.sound]
warning: Vsa/Sim/rows/ErrArmLinksB.lean:262:7: unused variable `e`

Note: This linter can be disabled with `set_option linter.unusedVariables false`
info: Vsa/Sim/rows/ErrArmLinksB.lean:266:0: 'Vsa.Sim.errLinkB_hIfThen' depends on axioms: [propext, Classical.choice, Quot.sound]
info: Vsa/Sim/rows/ErrArmLinksB.lean:276:0: 'Vsa.Sim.errLinkB_hBinaryOp' depends on axioms: [propext, Classical.choice, Quot.sound]
warning: Vsa/Sim/rows/ErrArmLinksB.lean:281:70: unused variable `t`

Note: This linter can be disabled with `set_option linter.unusedVariables false`
info: Vsa/Sim/rows/ErrArmLinksB.lean:286:0: 'Vsa.Sim.errLinkB_hIfElse' depends on axioms: [propext, Classical.choice, Quot.sound]
warning: Vsa/Sim/rows/ErrArmLinksB.lean:291:59: unused variable `r`

Note: This linter can be disabled with `set_option linter.unusedVariables false`
info: Vsa/Sim/rows/ErrArmLinksB.lean:294:0: 'Vsa.Sim.errLinkB_hAndL' depends on axioms: [propext, Classical.choice, Quot.sound]
info: Vsa/Sim/rows/ErrArmLinksB.lean:305:0: 'Vsa.Sim.errLinkB_hWhileLoop' depends on axioms: [propext, Classical.choice, Quot.sound]
info: Vsa/Sim/rows/ErrArmLinksB.lean:315:0: 'Vsa.Sim.errLinkB_hAndR' depends on axioms: [propext, Classical.choice, Quot.sound]
warning: Vsa/Sim/rows/ErrArmLinksB.lean:320:71: unused variable `cnd`

Note: This linter can be disabled with `set_option linter.unusedVariables false`
warning: Vsa/Sim/rows/ErrArmLinksB.lean:321:7: unused variable `step`

Note: This linter can be disabled with `set_option linter.unusedVariables false`
warning: Vsa/Sim/rows/ErrArmLinksB.lean:321:28: unused variable `b`

Note: This linter can be disabled with `set_option linter.unusedVariables false`
info: Vsa/Sim/rows/ErrArmLinksB.lean:325:0: 'Vsa.Sim.errLinkB_hForInit' depends on axioms: [propext, Classical.choice, Quot.sound]
warning: Vsa/Sim/rows/ErrArmLinksB.lean:330:68: unused variable `args`

Note: This linter can be disabled with `set_option linter.unusedVariables false`
info: Vsa/Sim/rows/ErrArmLinksB.lean:333:0: 'Vsa.Sim.errLinkB_hCallF' depends on axioms: [propext, Classical.choice, Quot.sound]
warning: Vsa/Sim/rows/ErrArmLinksB.lean:338:70: unused variable `step`

Note: This linter can be disabled with `set_option linter.unusedVariables false`
warning: Vsa/Sim/rows/ErrArmLinksB.lean:339:7: unused variable `b`

Note: This linter can be disabled with `set_option linter.unusedVariables false`
info: Vsa/Sim/rows/ErrArmLinksB.lean:342:0: 'Vsa.Sim.errLinkB_hFlCond' depends on axioms: [propext, Classical.choice, Quot.sound]
info: Vsa/Sim/rows/ErrArmLinksB.lean:351:0: 'Vsa.Sim.errLinkB_hCallArgs' depends on axioms: [propext, Classical.choice, Quot.sound]
warning: Vsa/Sim/rows/ErrArmLinksB.lean:357:7: unused variable `step`

Note: This linter can be disabled with `set_option linter.unusedVariables false`
info: Vsa/Sim/rows/ErrArmLinksB.lean:360:0: 'Vsa.Sim.errLinkB_hFlBody' depends on axioms: [propext, Classical.choice, Quot.sound]
info: Vsa/Sim/rows/ErrArmLinksB.lean:370:0: 'Vsa.Sim.errLinkB_hCallC' depends on axioms: [propext, Classical.choice, Quot.sound]
info: Vsa/Sim/rows/ErrArmLinksB.lean:380:0: 'Vsa.Sim.errLinkB_hFlStep' depends on axioms: [propext, Classical.choice, Quot.sound]
ℹ [1117/1378] Replayed Vsa.Sim.rows.ErrReachSpan
info: Vsa/Sim/rows/ErrReachSpan.lean:83:0: 'Vsa.Sim.reachJal_of_span' depends on axioms: [propext, Classical.choice, Quot.sound]
info: Vsa/Sim/rows/ErrReachSpan.lean:98:0: 'Vsa.Sim.reachJal_of_armBranch_eq_span' depends on axioms: [propext, Classical.choice, Quot.sound]
info: Vsa/Sim/rows/ErrReachSpan.lean:128:0: 'Vsa.Sim.negTypeReach_of_span' depends on axioms: [propext, Classical.choice, Quot.sound]
info: Vsa/Sim/rows/ErrReachSpan.lean:149:0: 'Vsa.Sim.negType_hsite_of_span' depends on axioms: [propext, Classical.choice, Quot.sound]
ℹ [1151/1378] Replayed Vsa.Sim.ExitPathSpans
info: Vsa/Sim/ExitPathSpans.lean:244:0: 'Vsa.Sim.interpContSeg_of' depends on axioms: [propext, Classical.choice, Quot.sound]
ℹ [1152/1378] Replayed Vsa.Sim.TermCaseBundle
info: Vsa/Sim/TermCaseBundle.lean:183:0: 'Vsa.Sim.TermCaseBundle.term_sim_of_bundle' depends on axioms: [propext, Classical.choice, Quot.sound]
info: Vsa/Sim/TermCaseBundle.lean:184:0: 'Vsa.Sim.TermCaseBundle.execSeq_sim_of_bundle' depends on axioms: [propext, Classical.choice, Quot.sound]
info: Vsa/Sim/TermCaseBundle.lean:185:0: 'Vsa.Sim.TermCaseBundle.termSimClosed_of_bundle' depends on axioms: [propext, Classical.choice, Quot.sound]
ℹ [1153/1378] Replayed Vsa.Sim.rows.ArmPostGeom
info: Vsa/Sim/rows/ArmPostGeom.lean:130:0: 'Vsa.Sim.armPostGeom_of_addResid' depends on axioms: [propext, Classical.choice, Quot.sound]
info: Vsa/Sim/rows/ArmPostGeom.lean:131:0: 'Vsa.Sim.addResid_of_armPostGeom' depends on axioms: [propext, Classical.choice, Quot.sound]
info: Vsa/Sim/rows/ArmPostGeom.lean:132:0: 'Vsa.Sim.armPostGeom_of_subResid' depends on axioms: [propext, Classical.choice, Quot.sound]
info: Vsa/Sim/rows/ArmPostGeom.lean:133:0: 'Vsa.Sim.subResid_of_armPostGeom' depends on axioms: [propext, Classical.choice, Quot.sound]
info: Vsa/Sim/rows/ArmPostGeom.lean:416:0: 'Vsa.Sim.armPostGeomV_of_armPostGeom' depends on axioms: [propext, Classical.choice, Quot.sound]
info: Vsa/Sim/rows/ArmPostGeom.lean:417:0: 'Vsa.Sim.armPostGeomV_of_ltResid' depends on axioms: [propext, Classical.choice, Quot.sound]
info: Vsa/Sim/rows/ArmPostGeom.lean:418:0: 'Vsa.Sim.ltResid_of_armPostGeomV' depends on axioms: [propext, Classical.choice, Quot.sound]
info: Vsa/Sim/rows/ArmPostGeom.lean:419:0: 'Vsa.Sim.armPostGeomV_of_leResid' depends on axioms: [propext, Classical.choice, Quot.sound]
info: Vsa/Sim/rows/ArmPostGeom.lean:420:0: 'Vsa.Sim.leResid_of_armPostGeomV' depends on axioms: [propext, Classical.choice, Quot.sound]
info: Vsa/Sim/rows/ArmPostGeom.lean:421:0: 'Vsa.Sim.armPostGeomV_of_gtResid' depends on axioms: [propext, Classical.choice, Quot.sound]
info: Vsa/Sim/rows/ArmPostGeom.lean:422:0: 'Vsa.Sim.gtResid_of_armPostGeomV' depends on axioms: [propext, Classical.choice, Quot.sound]
info: Vsa/Sim/rows/ArmPostGeom.lean:423:0: 'Vsa.Sim.armPostGeomV_of_geResid' depends on axioms: [propext, Classical.choice, Quot.sound]
info: Vsa/Sim/rows/ArmPostGeom.lean:424:0: 'Vsa.Sim.geResid_of_armPostGeomV' depends on axioms: [propext, Classical.choice, Quot.sound]
info: Vsa/Sim/rows/ArmPostGeom.lean:425:0: 'Vsa.Sim.armPostGeomV_of_mulResid' depends on axioms: [propext, Classical.choice, Quot.sound]
info: Vsa/Sim/rows/ArmPostGeom.lean:426:0: 'Vsa.Sim.mulResid_of_armPostGeomV' depends on axioms: [propext, Classical.choice, Quot.sound]
info: Vsa/Sim/rows/ArmPostGeom.lean:427:0: 'Vsa.Sim.armPostGeomV_of_divResid' depends on axioms: [propext, Classical.choice, Quot.sound]
info: Vsa/Sim/rows/ArmPostGeom.lean:428:0: 'Vsa.Sim.divResid_of_armPostGeomV' depends on axioms: [propext, Classical.choice, Quot.sound]
info: Vsa/Sim/rows/ArmPostGeom.lean:429:0: 'Vsa.Sim.armPostGeomV_of_modResid' depends on axioms: [propext, Classical.choice, Quot.sound]
info: Vsa/Sim/rows/ArmPostGeom.lean:430:0: 'Vsa.Sim.modResid_of_armPostGeomV' depends on axioms: [propext, Classical.choice, Quot.sound]
ℹ [1155/1378] Replayed Vsa.Sim.TripleCatDemos
info: Vsa/Sim/TripleCatDemos.lean:132:0: 'Vsa.Sim.callSegConseq_dimap' depends on axioms: [propext, Classical.choice, Quot.sound]
info: Vsa/Sim/TripleCatDemos.lean:133:0: 'Vsa.Sim.bridgeNamesToVals_wired_dimap' depends on axioms: [propext, Classical.choice, Quot.sound]
info: Vsa/Sim/TripleCatDemos.lean:134:0: 'Vsa.Sim.ltResid_armPostGeomV_iso' depends on axioms: [propext, Classical.choice, Quot.sound]
info: Vsa/Sim/TripleCatDemos.lean:135:0: 'Vsa.Sim.transportLtResid' depends on axioms: [propext, Classical.choice, Quot.sound]
ℹ [1157/1378] Replayed Vsa.Sim.rows.BinArmBridge
info: Vsa/Sim/rows/BinArmBridge.lean:360:0: 'Vsa.Sim.blockA_binaryArm_budgeted' depends on axioms: [propext, Classical.choice, Quot.sound]
ℹ [1160/1378] Replayed Vsa.While.StringOrder
info: Vsa/While/StringOrder.lean:272:0: 'Vsa.While.strcmpSpecSign_neg_iff_lex' depends on axioms: [propext, Classical.choice, Quot.sound]
info: Vsa/While/StringOrder.lean:273:0: 'Vsa.While.strcmpSpecSign_pos_iff_lex' depends on axioms: [propext, Classical.choice, Quot.sound]
info: Vsa/While/StringOrder.lean:274:0: 'Vsa.While.eq_of_strcmpSpecSign_zero_ascii' depends on axioms: [propext, Classical.choice, Quot.sound]
info: Vsa/While/StringOrder.lean:275:0: 'Vsa.While.cstr_allNonzero' depends on axioms: [propext, Classical.choice, Quot.sound]
ℹ [1161/1378] Replayed Vsa.Sim.rows.StrCmpBlockC
info: Vsa/Sim/rows/StrCmpBlockC.lean:171:0: 'Vsa.Sim.strCmpCellResid_of' depends on axioms: [propext, Classical.choice, Quot.sound]
info: Vsa/Sim/rows/StrCmpBlockC.lean:172:0: 'Vsa.Sim.strCmpCell_lt_of' depends on axioms: [propext, Classical.choice, Quot.sound]
info: Vsa/Sim/rows/StrCmpBlockC.lean:173:0: 'Vsa.Sim.strCmpCell_le_of' depends on axioms: [propext, Classical.choice, Quot.sound]
info: Vsa/Sim/rows/StrCmpBlockC.lean:174:0: 'Vsa.Sim.strCmpCell_gt_of' depends on axioms: [propext, Classical.choice, Quot.sound]
info: Vsa/Sim/rows/StrCmpBlockC.lean:175:0: 'Vsa.Sim.strCmpCell_ge_of' depends on axioms: [propext, Classical.choice, Quot.sound]
ℹ [1162/1378] Replayed Vsa.Sim.rows.StrCmpOrderClose
info: Vsa/Sim/rows/StrCmpOrderClose.lean:223:0: 'Vsa.Sim.strCmpOrderBridge_lt' depends on axioms: [propext, Classical.choice, Quot.sound]
info: Vsa/Sim/rows/StrCmpOrderClose.lean:224:0: 'Vsa.Sim.strCmpOrderBridge_gt' depends on axioms: [propext, Classical.choice, Quot.sound]
info: Vsa/Sim/rows/StrCmpOrderClose.lean:225:0: 'Vsa.Sim.strCmpOrderBridge_le' depends on axioms: [propext, Classical.choice, Quot.sound]
info: Vsa/Sim/rows/StrCmpOrderClose.lean:226:0: 'Vsa.Sim.strCmpOrderBridge_ge' depends on axioms: [propext, Classical.choice, Quot.sound]
ℹ [1163/1378] Replayed Vsa.Sim.rows.StrArmChain
info: Vsa/Sim/rows/StrArmChain.lean:137:0: 'Vsa.Sim.strKindCheck_facts' depends on axioms: [propext, Classical.choice, Quot.sound]
info: Vsa/Sim/rows/StrArmChain.lean:138:0: 'Vsa.Sim.strKindCheckRow' depends on axioms: [propext, Classical.choice, Quot.sound]
info: Vsa/Sim/rows/StrArmChain.lean:237:0: 'Vsa.Sim.strRejoin_x11' depends on axioms: [propext, Quot.sound]
info: Vsa/Sim/rows/StrArmChain.lean:238:0: 'Vsa.Sim.strRejoin_x9' depends on axioms: [propext, Quot.sound]
info: Vsa/Sim/rows/StrArmChain.lean:239:0: 'Vsa.Sim.strRejoinRow' depends on axioms: [propext, Classical.choice, Quot.sound]
info: Vsa/Sim/rows/StrArmChain.lean:404:0: 'Vsa.Sim.strArmFront' depends on axioms: [propext, Classical.choice, Quot.sound]
info: Vsa/Sim/rows/StrArmChain.lean:470:0: 'Vsa.Sim.strArmMachineResid_of' depends on axioms: [propext, Classical.choice, Quot.sound]
info: Vsa/Sim/rows/StrArmChain.lean:471:0: 'Vsa.Sim.strArmMachineResid_lt' depends on axioms: [propext, Classical.choice, Quot.sound]
info: Vsa/Sim/rows/StrArmChain.lean:472:0: 'Vsa.Sim.strArmMachineResid_le' depends on axioms: [propext, Classical.choice, Quot.sound]
info: Vsa/Sim/rows/StrArmChain.lean:473:0: 'Vsa.Sim.strArmMachineResid_gt' depends on axioms: [propext, Classical.choice, Quot.sound]
info: Vsa/Sim/rows/StrArmChain.lean:474:0: 'Vsa.Sim.strArmMachineResid_ge' depends on axioms: [propext, Classical.choice, Quot.sound]
info: Vsa/Sim/rows/StrArmChain.lean:538:0: 'Vsa.Sim.strKindToStrcmp_seam' depends on axioms: [propext, Classical.choice, Quot.sound]
info: Vsa/Sim/rows/StrArmChain.lean:581:0: 'Vsa.Sim.strArmPrologue_of_parts' depends on axioms: [propext, Classical.choice, Quot.sound]
info: Vsa/Sim/rows/StrArmChain.lean:582:0: 'Vsa.Sim.strArmPrologue_lt' depends on axioms: [propext, Classical.choice, Quot.sound]
⚠ [1164/1378] Replayed Vsa.Sim.TermBundles
warning: Vsa/Sim/TermBundles.lean:174:7: unused variable `hφc`

Note: This linter can be disabled with `set_option linter.unusedVariables false`
warning: Vsa/Sim/TermBundles.lean:175:7: unused variable `hN`

Note: This linter can be disabled with `set_option linter.unusedVariables false`
warning: Vsa/Sim/TermBundles.lean:176:7: unused variable `hpre`

Note: This linter can be disabled with `set_option linter.unusedVariables false`
warning: Vsa/Sim/TermBundles.lean:177:7: unused variable `hsp`

Note: This linter can be disabled with `set_option linter.unusedVariables false`
warning: Vsa/Sim/TermBundles.lean:178:7: unused variable `hstrc`

Note: This linter can be disabled with `set_option linter.unusedVariables false`
warning: Vsa/Sim/TermBundles.lean:178:33: unused variable `hmask`

Note: This linter can be disabled with `set_option linter.unusedVariables false`
warning: Vsa/Sim/TermBundles.lean:178:57: unused variable `hraln4`

Note: This linter can be disabled with `set_option linter.unusedVariables false`
warning: Vsa/Sim/TermBundles.lean:179:7: unused variable `hstrwit`

Note: This linter can be disabled with `set_option linter.unusedVariables false`
warning: Vsa/Sim/TermBundles.lean:200:7: unused variable `hFS`

Note: This linter can be disabled with `set_option linter.unusedVariables false`
warning: Vsa/Sim/TermBundles.lean:202:7: unused variable `hD`

Note: This linter can be disabled with `set_option linter.unusedVariables false`
info: Vsa/Sim/TermBundles.lean:415:0: 'Vsa.Sim.eval_int_row_ofBundle' depends on axioms: [propext, Classical.choice, Quot.sound]
info: Vsa/Sim/TermBundles.lean:416:0: 'Vsa.Sim.bin_add_cell_ofBundle' depends on axioms: [propext, Classical.choice, Quot.sound]
ℹ [1165/1378] Replayed Vsa.Sim.rows.EvalVarRow
info: Vsa/Sim/rows/EvalVarRow.lean:126:0: 'Vsa.Sim.Rows.eval_var_row' depends on axioms: [propext, Classical.choice, Quot.sound]
info: Vsa/Sim/rows/EvalVarRow.lean:127:0: 'Vsa.Sim.Rows.eval_var_row_fills_hVar' depends on axioms: [propext, Classical.choice, Quot.sound]
ℹ [1166/1378] Replayed Vsa.Sim.rows.EvalVarBridge
info: Vsa/Sim/rows/EvalVarBridge.lean:416:0: 'Vsa.Sim.varBridge_prefix' depends on axioms: [propext, Classical.choice, Quot.sound]
info: Vsa/Sim/rows/EvalVarBridge.lean:417:0: 'Vsa.Sim.varBridge' depends on axioms: [propext, Classical.choice, Quot.sound]
info: Vsa/Sim/rows/EvalVarBridge.lean:418:0: 'Vsa.Sim.varLeafResid_of_rowResid' depends on axioms: [propext, Classical.choice, Quot.sound]
info: Vsa/Sim/rows/EvalVarBridge.lean:419:0: 'Vsa.Sim.eval_var_row_closed' depends on axioms: [propext, Classical.choice, Quot.sound]
ℹ [1167/1378] Replayed Vsa.Sim.rows.EvalVarBridgeCallee
info: Vsa/Sim/rows/EvalVarBridgeCallee.lean:212:0: 'Vsa.Sim.envGetFramed_triple' depends on axioms: [propext, Classical.choice, Quot.sound]
info: Vsa/Sim/rows/EvalVarBridgeCallee.lean:213:0: 'Vsa.Sim.varCallLinkage_callee' depends on axioms: [propext, Classical.choice, Quot.sound]
ℹ [1168/1378] Replayed Vsa.Sim.rows.EvalAssignRow
info: Vsa/Sim/rows/EvalAssignRow.lean:145:0: 'Vsa.Sim.Rows.eval_assign_row' depends on axioms: [propext, Classical.choice, Quot.sound]
info: Vsa/Sim/rows/EvalAssignRow.lean:146:0: 'Vsa.Sim.Rows.eval_assign_row_fills_hAssign' depends on axioms: [propext, Classical.choice, Quot.sound]
⚠ [1170/1378] Replayed Vsa.Sim.rows.ExecRecRows
warning: Vsa/Sim/rows/ExecRecRows.lean:242:25: unused variable `d`

Note: This linter can be disabled with `set_option linter.unusedVariables false`
warning: Vsa/Sim/rows/ExecRecRows.lean:242:35: unused variable `env`

Note: This linter can be disabled with `set_option linter.unusedVariables false`
warning: Vsa/Sim/rows/ExecRecRows.lean:312:25: unused variable `d`

Note: This linter can be disabled with `set_option linter.unusedVariables false`
ℹ [1171/1378] Replayed Vsa.Sim.rows.ExecVarInitRow
info: Vsa/Sim/rows/ExecVarInitRow.lean:196:0: 'Vsa.Sim.execVarDeclSimD' depends on axioms: [propext, Classical.choice, Quot.sound]
info: Vsa/Sim/rows/ExecVarInitRow.lean:197:0: 'Vsa.Sim.Rows.exec_varInit_row' depends on axioms: [propext, Classical.choice, Quot.sound]
info: Vsa/Sim/rows/ExecVarInitRow.lean:198:0: 'Vsa.Sim.Rows.exec_varInit_row_fills_hSVarInit' depends on axioms: [propext, Classical.choice, Quot.sound]
ℹ [1173/1378] Replayed Vsa.Sim.rows.BinStrReadback
info: Vsa/Sim/rows/BinStrReadback.lean:135:0: 'Vsa.Sim.strOperandsStaged_of_twoSubReturn' depends on axioms: [propext, Classical.choice, Quot.sound]
info: Vsa/Sim/rows/BinStrReadback.lean:195:0: 'Vsa.Sim.strReadbackToKindCheck' depends on axioms: [propext, Classical.choice, Quot.sound]
ℹ [1174/1378] Replayed Vsa.Sim.rows.BinIntReadback
info: Vsa/Sim/rows/BinIntReadback.lean:109:0: 'Vsa.Sim.intOperandsStaged_of_twoSubReturn' depends on axioms: [propext, Classical.choice, Quot.sound]
info: Vsa/Sim/rows/BinIntReadback.lean:135:0: 'Vsa.Sim.addResid_of_armPostGeomV' depends on axioms: [propext, Classical.choice, Quot.sound]
info: Vsa/Sim/rows/BinIntReadback.lean:181:0: 'Vsa.Sim.binIntCellResid_add_ofStaged' depends on axioms: [propext, Classical.choice, Quot.sound]
info: Vsa/Sim/rows/BinIntReadback.lean:205:0: 'Vsa.Sim.subResid_of_armPostGeomV' depends on axioms: [propext, Classical.choice, Quot.sound]
info: Vsa/Sim/rows/BinIntReadback.lean:436:0: 'Vsa.Sim.binIntCellResid_sub_ofStaged' depends on axioms: [propext, Classical.choice, Quot.sound]
info: Vsa/Sim/rows/BinIntReadback.lean:437:0: 'Vsa.Sim.binIntCellResid_lt_ofStaged' depends on axioms: [propext, Classical.choice, Quot.sound]
info: Vsa/Sim/rows/BinIntReadback.lean:438:0: 'Vsa.Sim.binIntCellResid_le_ofStaged' depends on axioms: [propext, Classical.choice, Quot.sound]
info: Vsa/Sim/rows/BinIntReadback.lean:439:0: 'Vsa.Sim.binIntCellResid_gt_ofStaged' depends on axioms: [propext, Classical.choice, Quot.sound]
info: Vsa/Sim/rows/BinIntReadback.lean:440:0: 'Vsa.Sim.binIntCellResid_ge_ofStaged' depends on axioms: [propext, Classical.choice, Quot.sound]
info: Vsa/Sim/rows/BinIntReadback.lean:441:0: 'Vsa.Sim.binIntCellResid_mul_ofStaged' depends on axioms: [propext, Classical.choice, Quot.sound]
info: Vsa/Sim/rows/BinIntReadback.lean:442:0: 'Vsa.Sim.binIntCellResid_div_ofStaged' depends on axioms: [propext, Classical.choice, Quot.sound]
info: Vsa/Sim/rows/BinIntReadback.lean:443:0: 'Vsa.Sim.binIntCellResid_mod_ofStaged' depends on axioms: [propext, Classical.choice, Quot.sound]
⚠ [1175/1378] Replayed Vsa.Sim.rows.StringifySpec
warning: Vsa/Sim/rows/StringifySpec.lean:174:5: unused variable `g`

Note: This linter can be disabled with `set_option linter.unusedVariables false`
warning: Vsa/Sim/rows/StringifySpec.lean:175:5: unused variable `N`

Note: This linter can be disabled with `set_option linter.unusedVariables false`
warning: Vsa/Sim/rows/StringifySpec.lean:175:23: unused variable `A`

Note: This linter can be disabled with `set_option linter.unusedVariables false`
warning: Vsa/Sim/rows/StringifySpec.lean:175:35: unused variable `SL`

Note: This linter can be disabled with `set_option linter.unusedVariables false`
warning: Vsa/Sim/rows/StringifySpec.lean:175:54: unused variable `φf`

Note: This linter can be disabled with `set_option linter.unusedVariables false`
warning: Vsa/Sim/rows/StringifySpec.lean:175:57: unused variable `φc`

Note: This linter can be disabled with `set_option linter.unusedVariables false`
warning: Vsa/Sim/rows/StringifySpec.lean:176:21: unused variable `aVal`

Note: This linter can be disabled with `set_option linter.unusedVariables false`
warning: Vsa/Sim/rows/StringifySpec.lean:176:46: unused variable `m0`

Note: This linter can be disabled with `set_option linter.unusedVariables false`
warning: Vsa/Sim/rows/StringifySpec.lean:177:5: unused variable `sp`

Note: This linter can be disabled with `set_option linter.unusedVariables false`
warning: Vsa/Sim/rows/StringifySpec.lean:177:8: unused variable `r`

Note: This linter can be disabled with `set_option linter.unusedVariables false`
warning: Vsa/Sim/rows/StringifySpec.lean:233:5: unused variable `g`

Note: This linter can be disabled with `set_option linter.unusedVariables false`
warning: Vsa/Sim/rows/StringifySpec.lean:234:5: unused variable `N`

Note: This linter can be disabled with `set_option linter.unusedVariables false`
warning: Vsa/Sim/rows/StringifySpec.lean:234:23: unused variable `A`

Note: This linter can be disabled with `set_option linter.unusedVariables false`
warning: Vsa/Sim/rows/StringifySpec.lean:234:35: unused variable `SL`

Note: This linter can be disabled with `set_option linter.unusedVariables false`
ℹ [1176/1378] Replayed Vsa.Sim.rows.StringifyStrdupTail
info: Vsa/Sim/rows/StringifyStrdupTail.lean:283:0: 'Vsa.Sim.ghostReseatS0' does not depend on any axioms
info: Vsa/Sim/rows/StringifyStrdupTail.lean:284:0: 'Vsa.Sim.ghostReseatS0_x8' depends on axioms: [propext]
info: Vsa/Sim/rows/StringifyStrdupTail.lean:285:0: 'Vsa.Sim.ghostReseatS0_ne' depends on axioms: [propext]
info: Vsa/Sim/rows/StringifyStrdupTail.lean:286:0: 'Vsa.Sim.StrdupTailExit' depends on axioms: [propext, Classical.choice, Quot.sound]
info: Vsa/Sim/rows/StringifyStrdupTail.lean:287:0: 'Vsa.Sim.stringifyStrdupTailContract' depends on axioms: [propext, Classical.choice, Quot.sound]
info: Vsa/Sim/rows/StringifyStrdupTail.lean:288:0: 'Vsa.Sim.stringifyStrdupTailResid_of_contract' depends on axioms: [propext, Classical.choice, Quot.sound]
info: Vsa/Sim/rows/StringifyStrdupTail.lean:289:0: 'Vsa.Sim.stringifyContract_of_call' depends on axioms: [propext, Classical.choice, Quot.sound]
ℹ [1177/1378] Replayed Vsa.Sim.rows.StringifyBridge
info: Vsa/Sim/rows/StringifyBridge.lean:282:0: 'Vsa.Sim.cstr_of_asciiZAt' depends on axioms: [propext, Classical.choice, Quot.sound]
info: Vsa/Sim/rows/StringifyBridge.lean:283:0: 'Vsa.Sim.cstring_of_asciiZAt' depends on axioms: [propext, Classical.choice, Quot.sound]
info: Vsa/Sim/rows/StringifyBridge.lean:284:0: 'Vsa.Sim.cstring_true_of' depends on axioms: [propext, Classical.choice, Quot.sound]
info: Vsa/Sim/rows/StringifyBridge.lean:285:0: 'Vsa.Sim.cstring_false_of' depends on axioms: [propext, Classical.choice, Quot.sound]
info: Vsa/Sim/rows/StringifyBridge.lean:286:0: 'Vsa.Sim.cstring_null_of' depends on axioms: [propext, Classical.choice, Quot.sound]
info: Vsa/Sim/rows/StringifyBridge.lean:287:0: 'Vsa.Sim.cstring_nativeFn_of' depends on axioms: [propext, Classical.choice, Quot.sound]
info: Vsa/Sim/rows/StringifyBridge.lean:288:0: 'Vsa.Sim.cstring_boolLit_of' depends on axioms: [propext, Classical.choice, Quot.sound]
info: Vsa/Sim/rows/StringifyBridge.lean:289:0: 'Vsa.Sim.cstring_null_of_wordBytes' depends on axioms: [propext, Classical.choice, Quot.sound]
info: Vsa/Sim/rows/StringifyBridge.lean:290:0: 'Vsa.Sim.stringifyContract_bool_of_call' depends on axioms: [propext, Classical.choice, Quot.sound]
info: Vsa/Sim/rows/StringifyBridge.lean:291:0: 'Vsa.Sim.stringifyContract_null_of_call' depends on axioms: [propext, Classical.choice, Quot.sound]
info: Vsa/Sim/rows/StringifyBridge.lean:292:0: 'Vsa.Sim.stringifyContract_native_of_call' depends on axioms: [propext, Classical.choice, Quot.sound]
info: Vsa/Sim/rows/StringifyBridge.lean:293:0: 'Vsa.Sim.boolBranchCallResid_of_halves' depends on axioms: [propext, Classical.choice, Quot.sound]
info: Vsa/Sim/rows/StringifyBridge.lean:294:0: 'Vsa.Sim.nullBranchCallResid_of_halves' depends on axioms: [propext, Classical.choice, Quot.sound]
info: Vsa/Sim/rows/StringifyBridge.lean:295:0: 'Vsa.Sim.nativeBranchCallResid_of_halves' depends on axioms: [propext, Classical.choice, Quot.sound]
info: Vsa/Sim/rows/StringifyBridge.lean:296:0: 'Vsa.Sim.stringifyContract_of_kinds' depends on axioms: [propext, Classical.choice, Quot.sound]
ℹ [1178/1378] Replayed Vsa.Sim.rows.StrConcatHeap
info: Vsa/Sim/rows/StrConcatHeap.lean:154:0: 'Vsa.Sim.StrConcatCBlockResid' depends on axioms: [propext, Classical.choice, Quot.sound]
info: Vsa/Sim/rows/StrConcatHeap.lean:155:0: 'Vsa.Sim.strConcatHeapResid_of_cblock' depends on axioms: [propext, Classical.choice, Quot.sound]
info: Vsa/Sim/rows/StrConcatHeap.lean:156:0: 'Vsa.Sim.strConcatCellResid_of_cblock' depends on axioms: [propext, Classical.choice, Quot.sound]
ℹ [1179/1378] Replayed Vsa.Sim.rows.ExecLeafD
info: Vsa/Sim/rows/ExecLeafD.lean:88:0: 'Vsa.Sim.execLeafWidenP_of_entry' depends on axioms: [propext, Classical.choice, Quot.sound]
info: Vsa/Sim/rows/ExecLeafD.lean:89:0: 'Vsa.Sim.execExitD_of_pinnedExecExit' depends on axioms: [propext, Classical.choice, Quot.sound]
⚠ [1181/1378] Replayed Vsa.Sim.rows.ExecIHWiden
warning: Vsa/Sim/rows/ExecIHWiden.lean:73:12: unused variable `aInterp`

Note: This linter can be disabled with `set_option linter.unusedVariables false`
warning: Vsa/Sim/rows/ExecIHWiden.lean:73:20: unused variable `aStmt`

Note: This linter can be disabled with `set_option linter.unusedVariables false`
warning: Vsa/Sim/rows/ExecIHWiden.lean:73:26: unused variable `aEnv`

Note: This linter can be disabled with `set_option linter.unusedVariables false`
info: Vsa/Sim/rows/ExecIHWiden.lean:116:0: 'Vsa.Sim.execIH_of_exitSim' depends on axioms: [propext, Classical.choice, Quot.sound]
info: Vsa/Sim/rows/ExecIHWiden.lean:117:0: 'Vsa.Sim.execIH_of_exitSim'' depends on axioms: [propext, Classical.choice, Quot.sound]
ℹ [1183/1378] Replayed Vsa.Sim.rows.ScaffoldRows
info: Vsa/Sim/rows/ScaffoldRows.lean:106:0: 'Vsa.Sim.ScaffoldRows.hInitNone_row' depends on axioms: [propext, Classical.choice, Quot.sound]
info: Vsa/Sim/rows/ScaffoldRows.lean:107:0: 'Vsa.Sim.ScaffoldRows.hInitSome_row' depends on axioms: [propext, Classical.choice, Quot.sound]
info: Vsa/Sim/rows/ScaffoldRows.lean:108:0: 'Vsa.Sim.ScaffoldRows.hFcNone_row' depends on axioms: [propext, Classical.choice, Quot.sound]
info: Vsa/Sim/rows/ScaffoldRows.lean:109:0: 'Vsa.Sim.ScaffoldRows.hFcSome_row' depends on axioms: [propext, Classical.choice, Quot.sound]
info: Vsa/Sim/rows/ScaffoldRows.lean:110:0: 'Vsa.Sim.ScaffoldRows.hEsNone_row' depends on axioms: [propext, Classical.choice, Quot.sound]
info: Vsa/Sim/rows/ScaffoldRows.lean:111:0: 'Vsa.Sim.ScaffoldRows.hEsSome_row' depends on axioms: [propext, Classical.choice, Quot.sound]
⚠ [1184/1378] Replayed Vsa.Sim.rows.SeqForRows
warning: Vsa/Sim/rows/SeqForRows.lean:84:41: unused variable `env`

Note: This linter can be disabled with `set_option linter.unusedVariables false`
info: Vsa/Sim/rows/SeqForRows.lean:101:0: 'Vsa.Sim.Rows.hSeqNil_row' depends on axioms: [propext, Classical.choice, Quot.sound]
warning: Vsa/Sim/rows/SeqForRows.lean:117:53: unused variable `ss`

Note: This linter can be disabled with `set_option linter.unusedVariables false`
info: Vsa/Sim/rows/SeqForRows.lean:140:0: 'Vsa.Sim.Rows.hSeqConsAbrupt_row' depends on axioms: [propext, Classical.choice, Quot.sound]
warning: Vsa/Sim/rows/SeqForRows.lean:159:53: unused variable `ss`

Note: This linter can be disabled with `set_option linter.unusedVariables false`
warning: Vsa/Sim/rows/SeqForRows.lean:160:25: unused variable `status`

Note: This linter can be disabled with `set_option linter.unusedVariables false`
info: Vsa/Sim/rows/SeqForRows.lean:191:0: 'Vsa.Sim.Rows.hSeqConsNormal_row' depends on axioms: [propext, Classical.choice, Quot.sound]
info: Vsa/Sim/rows/SeqForRows.lean:216:0: 'Vsa.Sim.Rows.hFlCondFalse_row' depends on axioms: [propext, Classical.choice, Quot.sound]
info: Vsa/Sim/rows/SeqForRows.lean:227:0: 'Vsa.Sim.Rows.hFlBodyBreak_row' depends on axioms: [propext, Classical.choice, Quot.sound]
info: Vsa/Sim/rows/SeqForRows.lean:239:0: 'Vsa.Sim.Rows.hFlBodyRet_row' depends on axioms: [propext, Classical.choice, Quot.sound]
info: Vsa/Sim/rows/SeqForRows.lean:254:0: 'Vsa.Sim.Rows.hFlLoop_row' depends on axioms: [propext, Classical.choice, Quot.sound]
⚠ [1186/1378] Replayed Vsa.Sim.rows.CallResidProviders
warning: Vsa/Sim/rows/CallResidProviders.lean:72:15: unused variable `env`

Note: This linter can be disabled with `set_option linter.unusedVariables false`
warning: Vsa/Sim/rows/CallResidProviders.lean:73:35: unused variable `stFin`

Note: This linter can be disabled with `set_option linter.unusedVariables false`
warning: Vsa/Sim/rows/CallResidProviders.lean:73:52: unused variable `e`

Note: This linter can be disabled with `set_option linter.unusedVariables false`
warning: Vsa/Sim/rows/CallResidProviders.lean:73:63: unused variable `es`

Note: This linter can be disabled with `set_option linter.unusedVariables false`
warning: Vsa/Sim/rows/CallResidProviders.lean:74:5: unused variable `v`

Note: This linter can be disabled with `set_option linter.unusedVariables false`
info: Vsa/Sim/rows/CallResidProviders.lean:333:0: 'Vsa.Sim.Rows.argsConsResid_of_oracle' depends on axioms: [propext, Classical.choice, Quot.sound]
info: Vsa/Sim/rows/CallResidProviders.lean:334:0: 'Vsa.Sim.Rows.argsNilResid_of_hop' depends on axioms: [propext, Classical.choice, Quot.sound]
info: Vsa/Sim/rows/CallResidProviders.lean:335:0: 'Vsa.Sim.Rows.nativePrintSpec_of_span' depends on axioms: [propext, Classical.choice, Quot.sound]
info: Vsa/Sim/rows/CallResidProviders.lean:336:0: 'Vsa.Sim.Rows.nativePrintlnSpec_of_span' depends on axioms: [propext, Classical.choice, Quot.sound]
info: Vsa/Sim/rows/CallResidProviders.lean:337:0: 'Vsa.Sim.Rows.nativeAssertOkSpec_of_span' depends on axioms: [propext, Classical.choice, Quot.sound]
info: Vsa/Sim/rows/CallResidProviders.lean:338:0: 'Vsa.Sim.Rows.eval_callPrint_row_of_span' depends on axioms: [propext, Classical.choice, Quot.sound]
ℹ [1188/1378] Replayed Vsa.Sim.LayoutInstance
info: Vsa/Sim/LayoutInstance.lean:169:0: 'Vsa.Sim.LayoutInstance.layoutGeomPredL' does not depend on any axioms
info: Vsa/Sim/LayoutInstance.lean:170:0: 'Vsa.Sim.LayoutInstance.geomFactsL' does not depend on any axioms
info: Vsa/Sim/LayoutInstance.lean:171:0: 'Vsa.Sim.LayoutInstance.jumpTableDisjoint' does not depend on any axioms
info: Vsa/Sim/LayoutInstance.lean:172:0: 'Vsa.Sim.LayoutInstance.interpRunCodeDisjoint' does not depend on any axioms
info: Vsa/Sim/LayoutInstance.lean:173:0: 'Vsa.Sim.LayoutInstance.layoutStaticsLoaded' depends on axioms: [propext, Classical.choice, Quot.sound]
ℹ [1190/1378] Replayed Vsa.Sim.EntryHaltsSpans
info: Vsa/Sim/EntryHaltsSpans.lean:312:0: 'Vsa.Sim.hEntryHalts_closed' depends on axioms: [propext, Classical.choice, Quot.sound]
ℹ [1191/1378] Replayed Vsa.Sim.EntrySeams
info: Vsa/Sim/EntrySeams.lean:240:0: 'Vsa.Sim.hEntryHalts_closed'' depends on axioms: [propext, Classical.choice, Quot.sound]
ℹ [1192/1378] Replayed Vsa.Sim.InterpInit
info: Vsa/Sim/InterpInit.lean:316:0: 'Vsa.Sim.initStore_eq_initSt' does not depend on any axioms
info: Vsa/Sim/InterpInit.lean:317:0: 'Vsa.Sim.interpInitStore_compose' depends on axioms: [propext, Classical.choice, Quot.sound]
info: Vsa/Sim/InterpInit.lean:318:0: 'Vsa.Sim.interpInitStoreRepr_of' depends on axioms: [propext, Classical.choice, Quot.sound]
info: Vsa/Sim/InterpInit.lean:319:0: 'Vsa.Sim.interpInitSegEntry_store' depends on axioms: [propext, Classical.choice, Quot.sound]
info: Vsa/Sim/InterpInit.lean:320:0: 'Vsa.Sim.interpInitStoreRepr_of_drive' depends on axioms: [propext, Classical.choice, Quot.sound]
ℹ [1193/1378] Replayed Vsa.Sim.StoreSeg
info: Vsa/Sim/StoreSeg.lean:199:0: 'Vsa.Sim.StoreSeg' depends on axioms: [propext, Classical.choice, Quot.sound]
info: Vsa/Sim/StoreSeg.lean:200:0: 'Vsa.Sim.initSeg_ent_storeSeg' depends on axioms: [propext, Classical.choice, Quot.sound]
info: Vsa/Sim/StoreSeg.lean:201:0: 'Vsa.Sim.storeSeg_ent_initSeg' depends on axioms: [propext, Classical.choice, Quot.sound]
info: Vsa/Sim/StoreSeg.lean:202:0: 'Vsa.Sim.storeChain1' depends on axioms: [propext, Classical.choice, Quot.sound]
info: Vsa/Sim/StoreSeg.lean:203:0: 'Vsa.Sim.storeChain3' depends on axioms: [propext, Classical.choice, Quot.sound]
info: Vsa/Sim/StoreSeg.lean:204:0: 'Vsa.Sim.storeChainList' depends on axioms: [propext, Classical.choice, Quot.sound]
info: Vsa/Sim/StoreSeg.lean:205:0: 'Vsa.Sim.interpInitStore_compose_viaStoreSeg' depends on axioms: [propext, Classical.choice, Quot.sound]
ℹ [1194/1378] Replayed Vsa.Sim.rows.CallClosureRow
info: Vsa/Sim/rows/CallClosureRow.lean:459:0: 'Vsa.Sim.foldStore_full' depends on axioms: [propext]
info: Vsa/Sim/rows/CallClosureRow.lean:460:0: 'Vsa.Sim.callClosureSim' depends on axioms: [propext, Classical.choice, Quot.sound]
info: Vsa/Sim/rows/CallClosureRow.lean:461:0: 'Vsa.Sim.closureParamsFold' depends on axioms: [propext, Classical.choice, Quot.sound]
info: Vsa/Sim/rows/CallClosureRow.lean:588:0: 'Vsa.Sim.Rows.eval_callClosure_row' depends on axioms: [propext, Classical.choice, Quot.sound]
info: Vsa/Sim/rows/CallClosureRow.lean:589:0: 'Vsa.Sim.Rows.eval_callClosure_row_fills_hCallClosure' depends on axioms: [propext, Classical.choice, Quot.sound]
ℹ [1195/1378] Replayed Vsa.Sim.rows.CallArmEpilogue
info: Vsa/Sim/rows/CallArmEpilogue.lean:144:0: 'Vsa.Sim.evalExit_rebase' depends on axioms: [propext, Classical.choice, Quot.sound]
info: Vsa/Sim/rows/CallArmEpilogue.lean:145:0: 'Vsa.Sim.blockD_v_phic' depends on axioms: [propext, Classical.choice, Quot.sound]
ℹ [1196/1378] Replayed Vsa.Sim.ArmSpecBridge
info: Vsa/Sim/ArmSpecBridge.lean:300:0: 'Vsa.Sim.fnArmSpec_of_geom' depends on axioms: [propext, Classical.choice, Quot.sound]
info: Vsa/Sim/ArmSpecBridge.lean:301:0: 'Vsa.Sim.assignArmSpec_of_machine' depends on axioms: [propext, Classical.choice, Quot.sound]
info: Vsa/Sim/ArmSpecBridge.lean:302:0: 'Vsa.Sim.callArmSpec_of_geom' depends on axioms: [propext, Classical.choice, Quot.sound]
ℹ [1197/1378] Replayed Vsa.Sim.rows.CallClosureArgLoopEntryGen
info: Vsa/Sim/rows/CallClosureArgLoopEntryGen.lean:59:0: 'Vsa.Sim.callClosureArgLoopEntryRow' depends on axioms: [propext, Classical.choice, Quot.sound]
ℹ [1198/1378] Replayed Vsa.Sim.rows.AssignArmEntryGen
info: Vsa/Sim/rows/AssignArmEntryGen.lean:83:0: 'Vsa.Sim.assignArmEntryBridge' depends on axioms: [propext, Classical.choice, Quot.sound]
ℹ [1199/1378] Replayed Vsa.Sim.rows.AssignArmStageGen
info: Vsa/Sim/rows/AssignArmStageGen.lean:89:0: 'Vsa.Sim.assignArmStageBridge' depends on axioms: [propext, Classical.choice, Quot.sound]
ℹ [1200/1378] Replayed Vsa.Sim.rows.AssignArmReturnGen
info: Vsa/Sim/rows/AssignArmReturnGen.lean:56:0: 'Vsa.Sim.assignArmReturnRow' depends on axioms: [propext, Classical.choice, Quot.sound]
ℹ [1201/1378] Replayed Vsa.Sim.rows.CallClosureEnvNewCallGen
info: Vsa/Sim/rows/CallClosureEnvNewCallGen.lean:82:0: 'Vsa.Sim.callClosureEnvNewCallBridge' depends on axioms: [propext, Classical.choice, Quot.sound]
ℹ [1202/1378] Replayed Vsa.Sim.rows.CallClosureEnvDefineCallGen
info: Vsa/Sim/rows/CallClosureEnvDefineCallGen.lean:79:0: 'Vsa.Sim.callClosureEnvDefineCallBridge' depends on axioms: [propext, Classical.choice, Quot.sound]
ℹ [1203/1378] Replayed Vsa.Sim.rows.CallClosureValueNullCallGen
info: Vsa/Sim/rows/CallClosureValueNullCallGen.lean:79:0: 'Vsa.Sim.callClosureValueNullCallBridge' depends on axioms: [propext, Classical.choice, Quot.sound]
ℹ [1204/1378] Replayed Vsa.Sim.rows.CallClosureRetCopyGen
info: Vsa/Sim/rows/CallClosureRetCopyGen.lean:65:0: 'Vsa.Sim.callClosureRetCopyRow' depends on axioms: [propext, Classical.choice, Quot.sound]
ℹ [1205/1378] Replayed Vsa.Sim.rows.FnArmMallocCallGen
info: Vsa/Sim/rows/FnArmMallocCallGen.lean:82:0: 'Vsa.Sim.fnArmMallocCallBridge' depends on axioms: [propext, Classical.choice, Quot.sound]
ℹ [1206/1378] Replayed Vsa.Sim.rows.FnArmClosureBuildGen
info: Vsa/Sim/rows/FnArmClosureBuildGen.lean:60:0: 'Vsa.Sim.fnArmClosureBuildRow' depends on axioms: [propext, Classical.choice, Quot.sound]
ℹ [1207/1378] Replayed Vsa.Sim.rows.CallArmCalleeEvalGen
info: Vsa/Sim/rows/CallArmCalleeEvalGen.lean:83:0: 'Vsa.Sim.callArmCalleeEvalBridge' depends on axioms: [propext, Classical.choice, Quot.sound]
⚠ [1208/1378] Replayed Vsa.Sim.rows.ExecRetNullGlue
warning: Vsa/Sim/rows/ExecRetNullGlue.lean:305:25: unused variable `d`

Note: This linter can be disabled with `set_option linter.unusedVariables false`
warning: Vsa/Sim/rows/ExecRetNullGlue.lean:305:35: unused variable `env`

Note: This linter can be disabled with `set_option linter.unusedVariables false`
warning: Vsa/Sim/rows/ExecRetNullGlue.lean:490:12: unused variable `ment`

Note: This linter can be disabled with `set_option linter.unusedVariables false`
warning: Vsa/Sim/rows/ExecRetNullGlue.lean:490:25: unused variable `v8`

Note: This linter can be disabled with `set_option linter.unusedVariables false`
warning: Vsa/Sim/rows/ExecRetNullGlue.lean:490:28: unused variable `v9`

Note: This linter can be disabled with `set_option linter.unusedVariables false`
warning: Vsa/Sim/rows/ExecRetNullGlue.lean:490:31: unused variable `v18`

Note: This linter can be disabled with `set_option linter.unusedVariables false`
warning: Vsa/Sim/rows/ExecRetNullGlue.lean:490:35: unused variable `v19`

Note: This linter can be disabled with `set_option linter.unusedVariables false`
info: Vsa/Sim/rows/ExecRetNullGlue.lean:514:0: 'Vsa.Sim.site_80004124_taken_es' depends on axioms: [propext, Classical.choice, Quot.sound]
info: Vsa/Sim/rows/ExecRetNullGlue.lean:515:0: 'Vsa.Sim.retNullGluePrefix' depends on axioms: [propext, Classical.choice, Quot.sound]
info: Vsa/Sim/rows/ExecRetNullGlue.lean:516:0: 'Vsa.Sim.nullBridgeSeam_oldEntry_false' depends on axioms: [propext, Classical.choice, Quot.sound]
info: Vsa/Sim/rows/ExecRetNullGlue.lean:517:0: 'Vsa.Sim.execRetNullGlue_closed' depends on axioms: [propext, Classical.choice, Quot.sound]
ℹ [1209/1378] Replayed Vsa.Sim.EnvCallBridge
info: Vsa/Sim/EnvCallBridge.lean:242:0: 'Vsa.Sim.StoreDefineAdvance.toStoreRepr' depends on axioms: [propext, Classical.choice, Quot.sound]
info: Vsa/Sim/EnvCallBridge.lean:243:0: 'Vsa.Sim.storeSeg_advance_define' depends on axioms: [propext, Classical.choice, Quot.sound]
info: Vsa/Sim/EnvCallBridge.lean:244:0: 'Vsa.Sim.envCallArmBridge' depends on axioms: [propext, Classical.choice, Quot.sound]
info: Vsa/Sim/EnvCallBridge.lean:245:0: 'Vsa.Sim.envDefineArmBridge' depends on axioms: [propext, Classical.choice, Quot.sound]
info: Vsa/Sim/EnvCallBridge.lean:246:0: 'Vsa.Sim.envSetArmBridge' depends on axioms: [propext, Classical.choice, Quot.sound]
ℹ [1210/1378] Replayed Vsa.Sim.EnvCallBridgeDemos
info: Vsa/Sim/EnvCallBridgeDemos.lean:213:0: 'Vsa.Sim.interpInitDefinePrint_seam' depends on axioms: [propext, Classical.choice, Quot.sound]
info: Vsa/Sim/EnvCallBridgeDemos.lean:214:0: 'Vsa.Sim.interpInitDefinePrintln_seam' depends on axioms: [propext, Classical.choice, Quot.sound]
info: Vsa/Sim/EnvCallBridgeDemos.lean:215:0: 'Vsa.Sim.interpInitDefineAssert_seam' depends on axioms: [propext, Classical.choice, Quot.sound]
ℹ [1211/1378] Replayed Vsa.Sim.EnvNewInitSeam
info: Vsa/Sim/EnvNewInitSeam.lean:184:0: 'Vsa.Sim.StoreFreshAdvance.toStoreRepr' depends on axioms: [propext, Classical.choice, Quot.sound]
info: Vsa/Sim/EnvNewInitSeam.lean:185:0: 'Vsa.Sim.storeSeg_fresh' depends on axioms: [propext, Classical.choice, Quot.sound]
info: Vsa/Sim/EnvNewInitSeam.lean:186:0: 'Vsa.Sim.envNewArmBridge' depends on axioms: [propext, Classical.choice, Quot.sound]
info: Vsa/Sim/EnvNewInitSeam.lean:187:0: 'Vsa.Sim.interpInitEnvNew_seam' depends on axioms: [propext, Classical.choice, Quot.sound]
ℹ [1214/1378] Replayed Vsa.Sim.DivCorrClose
info: Vsa/Sim/DivCorrClose.lean:206:0: 'Vsa.Sim.DivCorrClose.divStep_of_loopProgress' depends on axioms: [propext, Classical.choice, Quot.sound]
info: Vsa/Sim/DivCorrClose.lean:207:0: 'Vsa.Sim.DivCorrClose.divCorrFamily_of' depends on axioms: [propext, Classical.choice, Quot.sound]
info: Vsa/Sim/DivCorrClose.lean:208:0: 'Vsa.Sim.DivCorrClose.divFamily_closed' depends on axioms: [propext, Classical.choice, Quot.sound]
ℹ [1215/1378] Replayed Vsa.Sim.EntryDrive
info: Vsa/Sim/EntryDrive.lean:149:0: 'Vsa.Sim.DriveToLoopHead' depends on axioms: [propext, Classical.choice, Quot.sound]
info: Vsa/Sim/EntryDrive.lean:150:0: 'Vsa.Sim.interpInitStoreRepr_of_driveToLoopHead' depends on axioms: [propext, Classical.choice, Quot.sound]
info: Vsa/Sim/EntryDrive.lean:151:0: 'Vsa.Sim.divEntryDrive_of_driveToLoopHead' depends on axioms: [propext, Classical.choice, Quot.sound]
ℹ [1216/1378] Replayed Vsa.Sim.rows.DriveSpillGen
info: Vsa/Sim/rows/DriveSpillGen.lean:114:0: 'Vsa.Sim.driveSpillBridge' depends on axioms: [propext, Classical.choice, Quot.sound]
ℹ [1217/1378] Replayed Vsa.Sim.rows.DriveLoopSetupAGen
info: Vsa/Sim/rows/DriveLoopSetupAGen.lean:58:0: 'Vsa.Sim.driveLoopSetupARow' depends on axioms: [propext, Classical.choice, Quot.sound]
ℹ [1218/1378] Replayed Vsa.Sim.rows.DriveLoopSetupBGen
info: Vsa/Sim/rows/DriveLoopSetupBGen.lean:63:0: 'Vsa.Sim.driveLoopSetupBRow' depends on axioms: [propext, Classical.choice, Quot.sound]
ℹ [1219/1378] Replayed Vsa.Sim.DriveToLoopHeadSpans
info: Vsa/Sim/DriveToLoopHeadSpans.lean:282:0: 'Vsa.Sim.driveToLoopHead_of_spans' depends on axioms: [propext, Classical.choice, Quot.sound]
info: Vsa/Sim/DriveToLoopHeadSpans.lean:347:0: 'Vsa.Sim.driveToLoopHead_interpRunLayout' depends on axioms: [propext, Classical.choice, Quot.sound]
info: Vsa/Sim/DriveToLoopHeadSpans.lean:452:0: 'Vsa.Sim.hLoopA_of_row' depends on axioms: [propext, Classical.choice, Quot.sound]
info: Vsa/Sim/DriveToLoopHeadSpans.lean:453:0: 'Vsa.Sim.hLoopB_of_row' depends on axioms: [propext, Classical.choice, Quot.sound]
info: Vsa/Sim/DriveToLoopHeadSpans.lean:581:0: 'Vsa.Sim.hSplice_of_setjmpSpec' depends on axioms: [propext, Classical.choice, Quot.sound]
info: Vsa/Sim/DriveToLoopHeadSpans.lean:637:0: 'Vsa.Sim.driveToLoopHead_closed' depends on axioms: [propext, Classical.choice, Quot.sound]
ℹ [1220/1378] Replayed Vsa.Sim.DivLoopProgressClose
info: Vsa/Sim/DivLoopProgressClose.lean:186:0: 'Vsa.Sim.DivLoopProgressClose.divLoopProgress_of_seams' depends on axioms: [propext, Classical.choice, Quot.sound]
info: Vsa/Sim/DivLoopProgressClose.lean:187:0: 'Vsa.Sim.DivLoopProgressClose.divFamily_of_seams' depends on axioms: [propext, Classical.choice, Quot.sound]
ℹ [1221/1378] Replayed Vsa.Sim.InterpRunLoopSeamsClose
info: Vsa/Sim/InterpRunLoopSeamsClose.lean:230:0: 'Vsa.Sim.InterpRunLoopSeamsClose.iterFromCountedRun' depends on axioms: [propext, Classical.choice, Quot.sound]
info: Vsa/Sim/InterpRunLoopSeamsClose.lean:231:0: 'Vsa.Sim.InterpRunLoopSeamsClose.approxFromCountedRun' depends on axioms: [propext, Classical.choice, Quot.sound]
info: Vsa/Sim/InterpRunLoopSeamsClose.lean:232:0: 'Vsa.Sim.InterpRunLoopSeamsClose.interpRunLoopSeams_of_residuals' depends on axioms: [propext,
 Classical.choice,
 Quot.sound]
info: Vsa/Sim/InterpRunLoopSeamsClose.lean:233:0: 'Vsa.Sim.InterpRunLoopSeamsClose.divFamily_of_residuals' depends on axioms: [propext, Classical.choice, Quot.sound]
ℹ [1222/1378] Replayed Vsa.Sim.StepCount
info: Vsa/Sim/StepCount.lean:126:0: 'Vsa.Machine.Step.steps_succ' depends on axioms: [propext, Classical.choice, Quot.sound]
info: Vsa/Sim/StepCount.lean:127:0: 'Vsa.Machine.Steps.steps_le' depends on axioms: [propext, Classical.choice, Quot.sound]
info: Vsa/Sim/StepCount.lean:128:0: 'Vsa.Machine.Steps.toN_of_stepsField' depends on axioms: [propext, Classical.choice, Quot.sound]
info: Vsa/Sim/StepCount.lean:129:0: 'Vsa.Machine.Steps.toN_of_stepsEq' depends on axioms: [propext, Classical.choice, Quot.sound]
info: Vsa/Sim/StepCount.lean:175:0: 'Vsa.Sim.segToTripleN' depends on axioms: [propext, Classical.choice, Quot.sound]
info: Vsa/Sim/StepCount.lean:204:0: 'Vsa.Sim.segToTripleN_one' depends on axioms: [propext, Classical.choice, Quot.sound]
info: Vsa/Sim/StepCount.lean:205:0: 'Vsa.Sim.segToTripleN_succ' depends on axioms: [propext, Classical.choice, Quot.sound]
info: Vsa/Sim/StepCount.lean:304:0: 'Vsa.Sim.Landed.bind' depends on axioms: [propext, Classical.choice, Quot.sound]
info: Vsa/Sim/StepCount.lean:305:0: 'Vsa.Sim.Landed.of_triple' depends on axioms: [propext, Classical.choice, Quot.sound]
info: Vsa/Sim/StepCount.lean:306:0: 'Vsa.Sim.LandedN.bind' depends on axioms: [propext, Classical.choice, Quot.sound]
info: Vsa/Sim/StepCount.lean:307:0: 'Vsa.Sim.LandedN.of_tripleN' depends on axioms: [propext, Classical.choice, Quot.sound]
info: Vsa/Sim/StepCount.lean:340:0: 'Vsa.Sim.demoChainRowN' depends on axioms: [propext, Classical.choice, Quot.sound]
info: Vsa/Sim/StepCount.lean:341:0: 'Vsa.Sim.demoChainRow_one' depends on axioms: [propext, Classical.choice, Quot.sound]
ℹ [1223/1378] Replayed Vsa.Sim.rows.LoopHeadDispatchSeg
info: Vsa/Sim/rows/LoopHeadDispatchSeg.lean:58:0: 'Vsa.Sim.loopHeadDispatchRow' depends on axioms: [propext, Classical.choice, Quot.sound]
ℹ [1224/1378] Replayed Vsa.Sim.rows.LoopHeadArgSetupSeg
info: Vsa/Sim/rows/LoopHeadArgSetupSeg.lean:85:0: 'Vsa.Sim.loopHeadArgSetupBridge' depends on axioms: [propext, Classical.choice, Quot.sound]
ℹ [1225/1378] Replayed Vsa.Sim.rows.LoopHeadDispatch
info: Vsa/Sim/rows/LoopHeadDispatch.lean:174:0: 'Vsa.Sim.loopHeadDispatchLanded' depends on axioms: [propext, Classical.choice, Quot.sound]
info: Vsa/Sim/rows/LoopHeadDispatch.lean:385:0: 'Vsa.Sim.loopHeadDispatch_span' depends on axioms: [propext, Classical.choice, Quot.sound]
ℹ [1226/1378] Replayed Vsa.Sim.rows.InterpBackEdgeSeg
info: Vsa/Sim/rows/InterpBackEdgeSeg.lean:61:0: 'Vsa.Sim.interpBackEdgeRow' depends on axioms: [propext, Classical.choice, Quot.sound]
ℹ [1227/1378] Replayed Vsa.Sim.IterSeamAssembly
info: Vsa/Sim/IterSeamAssembly.lean:237:0: 'Vsa.Sim.IterSeamAssembly.iterSeam_of_geom' depends on axioms: [propext, Classical.choice, Quot.sound]
info: Vsa/Sim/IterSeamAssembly.lean:330:0: 'Vsa.Sim.IterSeamAssembly.iterSeam_of_resid' depends on axioms: [propext, Classical.choice, Quot.sound]
info: Vsa/Sim/IterSeamAssembly.lean:331:0: 'Vsa.Sim.IterSeamAssembly.interpRunLoopResiduals_of_iter' depends on axioms: [propext, Classical.choice, Quot.sound]
info: Vsa/Sim/IterSeamAssembly.lean:332:0: 'Vsa.Sim.IterSeamAssembly.divFamily_of_iterAssembly' depends on axioms: [propext, Classical.choice, Quot.sound]
ℹ [1228/1378] Replayed Vsa.Sim.ApproxSeamFold
info: Vsa/Sim/ApproxSeamFold.lean:153:0: 'Vsa.Sim.ApproxSeamFold.divg_iff_landedN' depends on axioms: [propext, Classical.choice, Quot.sound]
info: Vsa/Sim/ApproxSeamFold.lean:154:0: 'Vsa.Sim.ApproxSeamFold.divg_step' depends on axioms: [propext, Classical.choice, Quot.sound]
info: Vsa/Sim/ApproxSeamFold.lean:583:0: 'Vsa.Sim.ApproxSeamFold.allLB' depends on axioms: [propext, Classical.choice, Quot.sound]
info: Vsa/Sim/ApproxSeamFold.lean:593:0: 'Vsa.Sim.ApproxSeamFold.approxLB' depends on axioms: [propext, Classical.choice, Quot.sound]
info: Vsa/Sim/ApproxSeamFold.lean:646:0: 'Vsa.Sim.ApproxSeamFold.approxSeam_of_dispatch' depends on axioms: [propext, Classical.choice, Quot.sound]
info: Vsa/Sim/ApproxSeamFold.lean:683:0: 'Vsa.Sim.ApproxSeamFold.divFamily_of_assemblies' depends on axioms: [propext, Classical.choice, Quot.sound]
ℹ [1229/1378] Replayed Vsa.Sim.ApproxDispatchSuppliers
info: Vsa/Sim/ApproxDispatchSuppliers.lean:127:0: 'Vsa.Sim.ApproxDispatchSuppliers.sqEntryC_of_seg' depends on axioms: [propext, Classical.choice, Quot.sound]
info: Vsa/Sim/ApproxDispatchSuppliers.lean:159:0: 'Vsa.Sim.ApproxDispatchSuppliers.seqStep_class' depends on axioms: [propext, Classical.choice, Quot.sound]
info: Vsa/Sim/ApproxDispatchSuppliers.lean:367:0: 'Vsa.Sim.ApproxDispatchSuppliers.approxDispatch_of_armResid' depends on axioms: [propext, Classical.choice, Quot.sound]
info: Vsa/Sim/ApproxDispatchSuppliers.lean:397:0: 'Vsa.Sim.ApproxDispatchSuppliers.divFamily_of_armResid' depends on axioms: [propext, Classical.choice, Quot.sound]
ℹ [1230/1378] Replayed Vsa.Sim.ApproxArmReseat
info: Vsa/Sim/ApproxArmReseat.lean:375:0: 'Vsa.Sim.ApproxArmReseat.armResid_of_gap' depends on axioms: [propext, Classical.choice, Quot.sound]
info: Vsa/Sim/ApproxArmReseat.lean:395:0: 'Vsa.Sim.ApproxArmReseat.divFamily_of_armResidGap' depends on axioms: [propext, Classical.choice, Quot.sound]
ℹ [1231/1378] Replayed Vsa.Sim.ArmEntryWiden
info: Vsa/Sim/ArmEntryWiden.lean:86:0: 'Vsa.Sim.armEntry_widen' depends on axioms: [propext, Classical.choice, Quot.sound]
ℹ [1232/1378] Replayed Vsa.Sim.PreEpilogueWriteLog
info: Vsa/Sim/PreEpilogueWriteLog.lean:129:0: 'Vsa.Sim.valueRepr_closure_of_reads' depends on axioms: [propext, Classical.choice, Quot.sound]
info: Vsa/Sim/PreEpilogueWriteLog.lean:130:0: 'Vsa.Sim.preEpilogueV_of_writeLog' depends on axioms: [propext, Classical.choice, Quot.sound]
ℹ [1233/1378] Replayed Vsa.Sim.FnArmGeomReduce
info: Vsa/Sim/FnArmGeomReduce.lean:140:0: 'Vsa.Sim.fnArmGeom_hArm_of_seam' depends on axioms: [propext, Classical.choice, Quot.sound]
ℹ [1234/1378] Replayed Vsa.Sim.AllocClosure
info: Vsa/Sim/AllocClosure.lean:207:0: 'Vsa.Sim.storeRepr_pushClosure' depends on axioms: [propext, Classical.choice, Quot.sound]
ℹ [1235/1378] Replayed Vsa.Sim.rows.FnArmSeamReduce
info: Vsa/Sim/rows/FnArmSeamReduce.lean:83:0: 'Vsa.Sim.fnArmSeamRun_of_allocClosure' depends on axioms: [propext, Classical.choice, Quot.sound]
ℹ [1236/1378] Replayed Vsa.Sim.ArmSegSplit
info: Vsa/Sim/ArmSegSplit.lean:271:0: 'Vsa.Sim.evalEntry_of_jalPrefix' depends on axioms: [propext, Classical.choice, Quot.sound]
ℹ [1237/1378] Replayed Vsa.Sim.ArmSegSplitEval
info: Vsa/Sim/ArmSegSplitEval.lean:151:0: 'Vsa.Sim.landedN_eentryC_of_jalPrefix' depends on axioms: [propext, Classical.choice, Quot.sound]
info: Vsa/Sim/ArmSegSplitEval.lean:260:0: 'Vsa.Sim.landedN_eentryC_of_preBundle' depends on axioms: [propext, Classical.choice, Quot.sound]
info: Vsa/Sim/ArmSegSplitEval.lean:293:0: 'Vsa.Sim.unaryE_split' depends on axioms: [propext, Classical.choice, Quot.sound]
info: Vsa/Sim/ArmSegSplitEval.lean:316:0: 'Vsa.Sim.evalChildSplit_of_stage' depends on axioms: [propext, Classical.choice, Quot.sound]
info: Vsa/Sim/ArmSegSplitEval.lean:332:0: 'Vsa.Sim.binaryL_split' depends on axioms: [propext, Classical.choice, Quot.sound]
info: Vsa/Sim/ArmSegSplitEval.lean:356:0: 'Vsa.Sim.binaryR_split' depends on axioms: [propext, Classical.choice, Quot.sound]
info: Vsa/Sim/ArmSegSplitEval.lean:368:0: 'Vsa.Sim.logicalL_split' depends on axioms: [propext, Classical.choice, Quot.sound]
info: Vsa/Sim/ArmSegSplitEval.lean:383:0: 'Vsa.Sim.logicalR_split' depends on axioms: [propext, Classical.choice, Quot.sound]
info: Vsa/Sim/ArmSegSplitEval.lean:397:0: 'Vsa.Sim.assignE_split' depends on axioms: [propext, Classical.choice, Quot.sound]
info: Vsa/Sim/ArmSegSplitEval.lean:410:0: 'Vsa.Sim.callF_split' depends on axioms: [propext, Classical.choice, Quot.sound]
info: Vsa/Sim/ArmSegSplitEval.lean:432:0: 'Vsa.Sim.stmtExpr_split' depends on axioms: [propext, Classical.choice, Quot.sound]
info: Vsa/Sim/ArmSegSplitEval.lean:443:0: 'Vsa.Sim.stmtRet_split' depends on axioms: [propext, Classical.choice, Quot.sound]
info: Vsa/Sim/ArmSegSplitEval.lean:455:0: 'Vsa.Sim.stmtVarInit_split' depends on axioms: [propext, Classical.choice, Quot.sound]
info: Vsa/Sim/ArmSegSplitEval.lean:467:0: 'Vsa.Sim.stmtIfCond_split' depends on axioms: [propext, Classical.choice, Quot.sound]
info: Vsa/Sim/ArmSegSplitEval.lean:479:0: 'Vsa.Sim.stmtWhileCond_split' depends on axioms: [propext, Classical.choice, Quot.sound]
info: Vsa/Sim/ArmSegSplitEval.lean:492:0: 'Vsa.Sim.flCond_split' depends on axioms: [propext, Classical.choice, Quot.sound]
info: Vsa/Sim/ArmSegSplitEval.lean:508:0: 'Vsa.Sim.flStep_split' depends on axioms: [propext, Classical.choice, Quot.sound]
info: Vsa/Sim/ArmSegSplitEval.lean:521:0: 'Vsa.Sim.argsHead_split' depends on axioms: [propext, Classical.choice, Quot.sound]
info: Vsa/Sim/ArmSegSplitEval.lean:661:0: 'Vsa.Sim.armResidGap_evalChildFields' depends on axioms: [propext, Classical.choice, Quot.sound]
ℹ [1238/1378] Replayed Vsa.Sim.ArmSegSplitExec
info: Vsa/Sim/ArmSegSplitExec.lean:202:0: 'Vsa.Sim.execEntry_of_jalPrefix' depends on axioms: [propext, Classical.choice, Quot.sound]
ℹ [1239/1378] Replayed Vsa.Sim.ArmSegSplitSeg
info: Vsa/Sim/ArmSegSplitSeg.lean:108:0: 'Vsa.Sim.segEntry_of_jalPrefix' depends on axioms: [propext, Classical.choice, Quot.sound]
ℹ [1240/1378] Replayed Vsa.Sim.ArmSegSplitNonEval
info: Vsa/Sim/ArmSegSplitNonEval.lean:144:0: 'Vsa.Sim.landedN_sEntryC_of_preBundle' depends on axioms: [propext, Classical.choice, Quot.sound]
info: Vsa/Sim/ArmSegSplitNonEval.lean:212:0: 'Vsa.Sim.landedN_segEntry_of_preBundle' depends on axioms: [propext, Classical.choice, Quot.sound]
info: Vsa/Sim/ArmSegSplitNonEval.lean:231:0: 'Vsa.Sim.landedN_aEntryC_of_preBundle' depends on axioms: [propext, Classical.choice, Quot.sound]
info: Vsa/Sim/ArmSegSplitNonEval.lean:247:0: 'Vsa.Sim.landedN_cEntryC_of_preBundle' depends on axioms: [propext, Classical.choice, Quot.sound]
info: Vsa/Sim/ArmSegSplitNonEval.lean:263:0: 'Vsa.Sim.landedN_fEntryC_of_preBundle' depends on axioms: [propext, Classical.choice, Quot.sound]
info: Vsa/Sim/ArmSegSplitNonEval.lean:279:0: 'Vsa.Sim.execChildSplit_of_stage' depends on axioms: [propext, Classical.choice, Quot.sound]
info: Vsa/Sim/ArmSegSplitNonEval.lean:292:0: 'Vsa.Sim.argsChildSplit_of_stage' depends on axioms: [propext, Classical.choice, Quot.sound]
info: Vsa/Sim/ArmSegSplitNonEval.lean:305:0: 'Vsa.Sim.calleeChildSplit_of_stage' depends on axioms: [propext, Classical.choice, Quot.sound]
info: Vsa/Sim/ArmSegSplitNonEval.lean:318:0: 'Vsa.Sim.forChildSplit_of_stage' depends on axioms: [propext, Classical.choice, Quot.sound]
info: Vsa/Sim/ArmSegSplitNonEval.lean:340:0: 'Vsa.Sim.stmtIfThen_split' depends on axioms: [propext, Classical.choice, Quot.sound]
info: Vsa/Sim/ArmSegSplitNonEval.lean:352:0: 'Vsa.Sim.stmtIfElse_split' depends on axioms: [propext, Classical.choice, Quot.sound]
info: Vsa/Sim/ArmSegSplitNonEval.lean:364:0: 'Vsa.Sim.stmtWhileBody_split' depends on axioms: [propext, Classical.choice, Quot.sound]
info: Vsa/Sim/ArmSegSplitNonEval.lean:381:0: 'Vsa.Sim.stmtWhileLoop_split' depends on axioms: [propext, Classical.choice, Quot.sound]
info: Vsa/Sim/ArmSegSplitNonEval.lean:395:0: 'Vsa.Sim.stmtForInit_split' depends on axioms: [propext, Classical.choice, Quot.sound]
info: Vsa/Sim/ArmSegSplitNonEval.lean:406:0: 'Vsa.Sim.flBody_split' depends on axioms: [propext, Classical.choice, Quot.sound]
info: Vsa/Sim/ArmSegSplitNonEval.lean:420:0: 'Vsa.Sim.callArgs_split' depends on axioms: [propext, Classical.choice, Quot.sound]
info: Vsa/Sim/ArmSegSplitNonEval.lean:431:0: 'Vsa.Sim.argsTail_split' depends on axioms: [propext, Classical.choice, Quot.sound]
info: Vsa/Sim/ArmSegSplitNonEval.lean:446:0: 'Vsa.Sim.callC_split' depends on axioms: [propext, Classical.choice, Quot.sound]
info: Vsa/Sim/ArmSegSplitNonEval.lean:464:0: 'Vsa.Sim.stmtForLoop_split' depends on axioms: [propext, Classical.choice, Quot.sound]
info: Vsa/Sim/ArmSegSplitNonEval.lean:483:0: 'Vsa.Sim.flLoop_split' depends on axioms: [propext, Classical.choice, Quot.sound]
info: Vsa/Sim/ArmSegSplitNonEval.lean:648:0: 'Vsa.Sim.armResidGap_nonEvalChildFields' depends on axioms: [propext, Classical.choice, Quot.sound]
ℹ [1241/1378] Replayed Vsa.Sim.StagePreSuppliers
info: Vsa/Sim/StagePreSuppliers.lean:219:0: 'Vsa.Sim.blockB_unary_stagePre' depends on axioms: [propext, Classical.choice, Quot.sound]
info: Vsa/Sim/StagePreSuppliers.lean:517:0: 'Vsa.Sim.blockB_binary_leftStagePre' depends on axioms: [propext, Classical.choice, Quot.sound]
ℹ [1242/1378] Replayed Vsa.Sim.ArmSegSplitSqEntry
info: Vsa/Sim/ArmSegSplitSqEntry.lean:117:0: 'Vsa.Sim.landedN_sqEntryC_of_preBundle' depends on axioms: [propext, Classical.choice, Quot.sound]
info: Vsa/Sim/ArmSegSplitSqEntry.lean:155:0: 'Vsa.Sim.stmtBlock_split' depends on axioms: [propext, Classical.choice, Quot.sound]
info: Vsa/Sim/ArmSegSplitSqEntry.lean:201:0: 'Vsa.Sim.callBody_split' depends on axioms: [propext, Classical.choice, Quot.sound]
info: Vsa/Sim/ArmSegSplitSqEntry.lean:252:0: 'Vsa.Sim.seqHead_split' depends on axioms: [propext, Classical.choice, Quot.sound]
info: Vsa/Sim/ArmSegSplitSqEntry.lean:305:0: 'Vsa.Sim.armResidGap_sqEntryFields' depends on axioms: [propext, Classical.choice, Quot.sound]
ℹ [1243/1378] Replayed Vsa.Sim.MidArmCombinator
info: Vsa/Sim/MidArmCombinator.lean:496:0: 'Vsa.Sim.binaryR_midStagePre' depends on axioms: [propext, Classical.choice, Quot.sound]
info: Vsa/Sim/MidArmCombinator.lean:573:0: 'Vsa.Sim.binaryR_midStage1' depends on axioms: [propext, Classical.choice, Quot.sound]
ℹ [1244/1378] Replayed Vsa.Sim.StagePreSuppliers2
info: Vsa/Sim/StagePreSuppliers2.lean:302:0: 'Vsa.Sim.blockB_logical_stagePre' depends on axioms: [propext, Classical.choice, Quot.sound]
ℹ [1245/1378] Replayed Vsa.Sim.ApproxArmResidGapAssembly
info: Vsa/Sim/ApproxArmResidGapAssembly.lean:136:0: 'Vsa.Sim.armResidGap_of_stages' depends on axioms: [propext, Classical.choice, Quot.sound]
info: Vsa/Sim/ApproxArmResidGapAssembly.lean:156:0: 'Vsa.Sim.divFamily_of_armStages' depends on axioms: [propext, Classical.choice, Quot.sound]
ℹ [1246/1378] Replayed Vsa.Sim.rows.StrdupStrlenArgGen
info: Vsa/Sim/rows/StrdupStrlenArgGen.lean:55:0: 'Vsa.Sim.strdupStrlenArgRow' depends on axioms: [propext, Classical.choice, Quot.sound]
ℹ [1247/1378] Replayed Vsa.Sim.rows.StrdupMallocArgGen
info: Vsa/Sim/rows/StrdupMallocArgGen.lean:58:0: 'Vsa.Sim.strdupMallocArgRow' depends on axioms: [propext, Classical.choice, Quot.sound]
ℹ [1248/1378] Replayed Vsa.Sim.rows.StrdupMemcpyArg
info: Vsa/Sim/rows/StrdupMemcpyArg.lean:90:0: 'Vsa.Sim.strdupMemcpyArgRow' depends on axioms: [propext, Classical.choice, Quot.sound]
ℹ [1249/1378] Replayed Vsa.Sim.rows.StrdupTailBridges
info: Vsa/Sim/rows/StrdupTailBridges.lean:101:0: 'Vsa.Sim.strdupTail_strlenPre_seg' depends on axioms: [propext, Classical.choice, Quot.sound]
info: Vsa/Sim/rows/StrdupTailBridges.lean:102:0: 'Vsa.Sim.strdupTail_mallocPre_seg' depends on axioms: [propext, Classical.choice, Quot.sound]
info: Vsa/Sim/rows/StrdupTailBridges.lean:103:0: 'Vsa.Sim.strdupTail_memcpyPre_seg' depends on axioms: [propext, Classical.choice, Quot.sound]
ℹ [1250/1378] Replayed Vsa.Sim.rows.StrcpyContract
info: Vsa/Sim/rows/StrcpyContract.lean:87:0: 'Vsa.Sim.StrcpyContract' depends on axioms: [propext, Classical.choice, Quot.sound]
ℹ [1251/1378] Replayed Vsa.Sim.rows.StrdupEpilogueSeg
info: Vsa/Sim/rows/StrdupEpilogueSeg.lean:109:0: 'Vsa.Sim.strdupEpilogueRow' depends on axioms: [propext, Classical.choice, Quot.sound]
ℹ [1252/1378] Replayed Vsa.Sim.rows.StrcpyContractInhab
info: Vsa/Sim/rows/StrcpyContractInhab.lean:172:0: 'Vsa.Sim.cstr_shift_copy' depends on axioms: [propext, Classical.choice, Quot.sound]
info: Vsa/Sim/rows/StrcpyContractInhab.lean:173:0: 'Vsa.Sim.cstring_shift_copy' depends on axioms: [propext, Classical.choice, Quot.sound]
info: Vsa/Sim/rows/StrcpyContractInhab.lean:174:0: 'Vsa.Sim.strcpyContractCpw_of_full' depends on axioms: [propext, Classical.choice, Quot.sound]
ℹ [1253/1378] Replayed Vsa.Sim.rows.ConcatMallocArg
info: Vsa/Sim/rows/ConcatMallocArg.lean:57:0: 'Vsa.Sim.concatMallocArgRow' depends on axioms: [propext, Classical.choice, Quot.sound]
ℹ [1254/1378] Replayed Vsa.Sim.rows.ConcatMemcpyArg
info: Vsa/Sim/rows/ConcatMemcpyArg.lean:57:0: 'Vsa.Sim.concatMemcpyArgRow' depends on axioms: [propext, Classical.choice, Quot.sound]
ℹ [1255/1378] Replayed Vsa.Sim.rows.ConcatStrcpyArg
info: Vsa/Sim/rows/ConcatStrcpyArg.lean:57:0: 'Vsa.Sim.concatStrcpyArgRow' depends on axioms: [propext, Classical.choice, Quot.sound]
ℹ [1256/1378] Replayed Vsa.Sim.rows.ConcatCBlockStaging
info: Vsa/Sim/rows/ConcatCBlockStaging.lean:103:0: 'Vsa.Sim.concatCBlock_mallocArg_seg' depends on axioms: [propext, Classical.choice, Quot.sound]
info: Vsa/Sim/rows/ConcatCBlockStaging.lean:104:0: 'Vsa.Sim.concatCBlock_memcpyArg_seg' depends on axioms: [propext, Classical.choice, Quot.sound]
info: Vsa/Sim/rows/ConcatCBlockStaging.lean:105:0: 'Vsa.Sim.concatCBlock_strcpyArg_seg' depends on axioms: [propext, Classical.choice, Quot.sound]
ℹ [1258/1378] Replayed Vsa.Sim.rows.StrdupTailJalSeams
info: Vsa/Sim/rows/StrdupTailJalSeams.lean:127:0: 'Vsa.Sim.strdupTail_strlen_run' depends on axioms: [propext, Classical.choice, Quot.sound]
info: Vsa/Sim/rows/StrdupTailJalSeams.lean:212:0: 'Vsa.Sim.strdupTailBridgeStrlenPre_closed' depends on axioms: [propext, Classical.choice, Quot.sound]
info: Vsa/Sim/rows/StrdupTailJalSeams.lean:283:0: 'Vsa.Sim.strdupTail_malloc_run' depends on axioms: [propext, Classical.choice, Quot.sound]
info: Vsa/Sim/rows/StrdupTailJalSeams.lean:364:0: 'Vsa.Sim.strdupTail_memcpy_run' depends on axioms: [propext, Classical.choice, Quot.sound]
ℹ [1259/1378] Replayed Vsa.Sim.rows.StrdupTailContractClose
info: Vsa/Sim/rows/StrdupTailContractClose.lean:159:0: 'Vsa.Sim.strdupTailBridgeMallocPre_closed' depends on axioms: [propext, Classical.choice, Quot.sound]
info: Vsa/Sim/rows/StrdupTailContractClose.lean:282:0: 'Vsa.Sim.strdupMemcpy_prune_null' depends on axioms: [propext, Classical.choice, Quot.sound]
info: Vsa/Sim/rows/StrdupTailContractClose.lean:331:0: 'Vsa.Sim.strdupMemcpyArg_a2_reload' depends on axioms: [propext, Classical.choice, Quot.sound]
info: Vsa/Sim/rows/StrdupTailContractClose.lean:355:0: 'Vsa.Sim.strdupMemcpy_frame_obstruction' does not depend on any axioms
info: Vsa/Sim/rows/StrdupTailContractClose.lean:547:0: 'Vsa.Sim.StrdupMemcpyContent' depends on axioms: [propext, Classical.choice, Quot.sound]
info: Vsa/Sim/rows/StrdupTailContractClose.lean:548:0: 'Vsa.Sim.strdupTailMemcpyBridge_of' depends on axioms: [propext, Classical.choice, Quot.sound]
info: Vsa/Sim/rows/StrdupTailContractClose.lean:626:0: 'Vsa.Sim.strdupTailBridgeEpilogue_closed' depends on axioms: [propext, Classical.choice, Quot.sound]
info: Vsa/Sim/rows/StrdupTailContractClose.lean:707:0: 'Vsa.Sim.stringifyStrdupTailContract_closed' depends on axioms: [propext, Classical.choice, Quot.sound]
ℹ [1260/1378] Replayed Vsa.Sim.rows.CStringAppend
info: Vsa/Sim/rows/CStringAppend.lean:117:0: 'Vsa.Sim.cstr_append' depends on axioms: [propext, Classical.choice, Quot.sound]
info: Vsa/Sim/rows/CStringAppend.lean:118:0: 'Vsa.Sim.cStrChars_of_copy' depends on axioms: [propext, Classical.choice, Quot.sound]
info: Vsa/Sim/rows/CStringAppend.lean:119:0: 'Vsa.Sim.cstring_append' depends on axioms: [propext, Classical.choice, Quot.sound]
info: Vsa/Sim/rows/CStringAppend.lean:120:0: 'Vsa.Sim.concatReadback' depends on axioms: [propext, Classical.choice, Quot.sound]
ℹ [1261/1378] Replayed Vsa.Sim.SeqHeadStages
info: Vsa/Sim/SeqHeadStages.lean:118:0: 'Vsa.Sim.execEntry_recast_depth' depends on axioms: [propext, Classical.choice, Quot.sound]
info: Vsa/Sim/SeqHeadStages.lean:204:0: 'Vsa.Sim.seqHeadStagePre_of_span' depends on axioms: [propext, Classical.choice, Quot.sound]
ℹ [1262/1378] Replayed Vsa.Sim.ArmStagesPartial
info: Vsa/Sim/ArmStagesPartial.lean:156:0: 'Vsa.Sim.divFamily_of_armStageComponents' depends on axioms: [propext, Classical.choice, Quot.sound]
ℹ [1263/1378] Replayed Vsa.Sim.rows.ConcatHeapCore
info: Vsa/Sim/rows/ConcatHeapCore.lean:139:0: 'Vsa.Sim.concatFront' depends on axioms: [propext, Classical.choice, Quot.sound]
info: Vsa/Sim/rows/ConcatHeapCore.lean:140:0: 'Vsa.Sim.concatMiddle' depends on axioms: [propext, Classical.choice, Quot.sound]
info: Vsa/Sim/rows/ConcatHeapCore.lean:141:0: 'Vsa.Sim.concatTail' depends on axioms: [propext, Classical.choice, Quot.sound]
info: Vsa/Sim/rows/ConcatHeapCore.lean:142:0: 'Vsa.Sim.concatHeapCore' depends on axioms: [propext, Classical.choice, Quot.sound]
ℹ [1264/1378] Replayed Vsa.Sim.rows.ConcatSeams
info: Vsa/Sim/rows/ConcatSeams.lean:256:0: 'Vsa.Sim.concatMallocSlot' depends on axioms: [propext, Classical.choice, Quot.sound]
info: Vsa/Sim/rows/ConcatSeams.lean:257:0: 'Vsa.Sim.concatFreeSlot' depends on axioms: [propext, Classical.choice, Quot.sound]
info: Vsa/Sim/rows/ConcatSeams.lean:258:0: 'Vsa.Sim.concatOOM_prune' depends on axioms: [propext, Classical.choice, Quot.sound]
info: Vsa/Sim/rows/ConcatSeams.lean:259:0: 'Vsa.Sim.concatValueStrSeam_readback' depends on axioms: [propext, Classical.choice, Quot.sound]
info: Vsa/Sim/rows/ConcatSeams.lean:260:0: 'Vsa.Sim.concatCBlockTriple_of' depends on axioms: [propext, Classical.choice, Quot.sound]
ℹ [1265/1378] Replayed Vsa.Sim.rows.ConcatStringifyLArg
info: Vsa/Sim/rows/ConcatStringifyLArg.lean:88:0: 'Vsa.Sim.concatStringifyLArgBridge' depends on axioms: [propext, Classical.choice, Quot.sound]
ℹ [1266/1378] Replayed Vsa.Sim.rows.ConcatDispatchChain
info: Vsa/Sim/rows/ConcatDispatchChain.lean:338:0: 'Vsa.Sim.evalConcatDispatchChain_run' depends on axioms: [propext, Classical.choice, Quot.sound]
info: Vsa/Sim/rows/ConcatDispatchChain.lean:483:0: 'Vsa.Sim.evalConcatDispatch_run' depends on axioms: [propext, Classical.choice, Quot.sound]
info: Vsa/Sim/rows/ConcatDispatchChain.lean:536:0: 'Vsa.Sim.concatDispatch_toTriple' depends on axioms: [propext, Classical.choice, Quot.sound]
ℹ [1267/1378] Replayed Vsa.Sim.rows.ConcatStringifyRArg
info: Vsa/Sim/rows/ConcatStringifyRArg.lean:63:0: 'Vsa.Sim.concatStringifyRArgSeg_seg' depends on axioms: [propext, Classical.choice, Quot.sound]
info: Vsa/Sim/rows/ConcatStringifyRArg.lean:140:0: 'Vsa.Sim.concatStringifyRArgBridge' depends on axioms: [propext, Classical.choice, Quot.sound]
ℹ [1268/1378] Replayed Vsa.Sim.rows.StringifyIntTail
info: Vsa/Sim/rows/StringifyIntTail.lean:91:0: 'Vsa.Sim.IntBranchCallResid' depends on axioms: [propext, Classical.choice, Quot.sound]
info: Vsa/Sim/rows/StringifyIntTail.lean:92:0: 'Vsa.Sim.stringifyContract_int_of_call' depends on axioms: [propext, Classical.choice, Quot.sound]
info: Vsa/Sim/rows/StringifyIntTail.lean:117:0: 'Vsa.Sim.intBranchCallResid_of_halves' depends on axioms: [propext, Classical.choice, Quot.sound]
ℹ [1269/1378] Replayed Vsa.Sim.rows.BlockCConcat
info: Vsa/Sim/rows/BlockCConcat.lean:171:0: 'Vsa.Sim.concatStringifySpan' depends on axioms: [propext, Classical.choice, Quot.sound]
info: Vsa/Sim/rows/BlockCConcat.lean:172:0: 'Vsa.Sim.blockC_concat' depends on axioms: [propext, Classical.choice, Quot.sound]
info: Vsa/Sim/rows/BlockCConcat.lean:173:0: 'Vsa.Sim.binArmStrResid_of_cblock' depends on axioms: [propext, Classical.choice, Quot.sound]
info: Vsa/Sim/rows/BlockCConcat.lean:174:0: 'Vsa.Sim.ConcatDispatchResid' depends on axioms: [propext, Classical.choice, Quot.sound]
info: Vsa/Sim/rows/BlockCConcat.lean:175:0: 'Vsa.Sim.blockC_concat_of_dispatchResid' depends on axioms: [propext, Classical.choice, Quot.sound]
info: Vsa/Sim/rows/BlockCConcat.lean:240:0: 'Vsa.Sim.concatDispatchResid_closed' depends on axioms: [propext, Classical.choice, Quot.sound]
info: Vsa/Sim/rows/BlockCConcat.lean:241:0: 'Vsa.Sim.blockC_concat_str_closed' depends on axioms: [propext, Classical.choice, Quot.sound]
ℹ [1270/1378] Replayed Vsa.Sim.rows.UnaryLogicalArmBridge
info: Vsa/Sim/rows/UnaryLogicalArmBridge.lean:222:0: 'Vsa.Sim.blockA_unaryArm' depends on axioms: [propext, Classical.choice, Quot.sound]
info: Vsa/Sim/rows/UnaryLogicalArmBridge.lean:381:0: 'Vsa.Sim.blockA_logicalArm' depends on axioms: [propext, Classical.choice, Quot.sound]
ℹ [1271/1378] Replayed Vsa.Sim.EvalChildFieldCombinator
info: Vsa/Sim/EvalChildFieldCombinator.lean:86:0: 'Vsa.Sim.evalChildField_of_blockA_stage' depends on axioms: [propext, Classical.choice, Quot.sound]
info: Vsa/Sim/EvalChildFieldCombinator.lean:149:0: 'Vsa.Sim.binaryL_field_of_extras' depends on axioms: [propext, Classical.choice, Quot.sound]
info: Vsa/Sim/EvalChildFieldCombinator.lean:198:0: 'Vsa.Sim.unaryE_field_of_extras' depends on axioms: [propext, Classical.choice, Quot.sound]
info: Vsa/Sim/EvalChildFieldCombinator.lean:254:0: 'Vsa.Sim.logicalL_field_of_extras' depends on axioms: [propext, Classical.choice, Quot.sound]
ℹ [1272/1378] Replayed Vsa.Sim.MidArmFieldIH
info: Vsa/Sim/MidArmFieldIH.lean:167:0: 'Vsa.Sim.midStage1_of_marshal' depends on axioms: [propext, Classical.choice, Quot.sound]
info: Vsa/Sim/MidArmFieldIH.lean:283:0: 'Vsa.Sim.midArmField_of_IH' depends on axioms: [propext, Classical.choice, Quot.sound]
ℹ [1273/1378] Replayed Vsa.Sim.MidArmFieldWire
info: Vsa/Sim/MidArmFieldWire.lean:151:0: 'Vsa.Sim.jalPreBundle_of_midArmBundle' depends on axioms: [propext, Classical.choice, Quot.sound]
info: Vsa/Sim/MidArmFieldWire.lean:186:0: 'Vsa.Sim.binaryR_field_of_stage' depends on axioms: [propext, Classical.choice, Quot.sound]
info: Vsa/Sim/MidArmFieldWire.lean:201:0: 'Vsa.Sim.logicalR_field_of_stage' depends on axioms: [propext, Classical.choice, Quot.sound]
ℹ [1274/1378] Replayed Vsa.Sim.rows.AssignArmStagePre
info: Vsa/Sim/rows/AssignArmStagePre.lean:488:0: 'Vsa.Sim.blockB_assign_stagePre' depends on axioms: [propext, Classical.choice, Quot.sound]
info: Vsa/Sim/rows/AssignArmStagePre.lean:573:0: 'Vsa.Sim.assignE_field_of_dispatch' depends on axioms: [propext, Classical.choice, Quot.sound]
ℹ [1275/1378] Replayed Vsa.Sim.rows.CallArmStagePre
info: Vsa/Sim/rows/CallArmStagePre.lean:461:0: 'Vsa.Sim.blockB_call_stagePre' depends on axioms: [propext, Classical.choice, Quot.sound]
info: Vsa/Sim/rows/CallArmStagePre.lean:537:0: 'Vsa.Sim.callF_field_of_dispatch' depends on axioms: [propext, Classical.choice, Quot.sound]
⚠ [1276/1378] Replayed Vsa.Sim.ArmSegSplitExecEval
warning: Vsa/Sim/ArmSegSplitExecEval.lean:59:8: unused variable `r`

Note: This linter can be disabled with `set_option linter.unusedVariables false`
warning: Vsa/Sim/ArmSegSplitExecEval.lean:59:50: unused variable `v8`

Note: This linter can be disabled with `set_option linter.unusedVariables false`
warning: Vsa/Sim/ArmSegSplitExecEval.lean:59:53: unused variable `v9`

Note: This linter can be disabled with `set_option linter.unusedVariables false`
warning: Vsa/Sim/ArmSegSplitExecEval.lean:59:56: unused variable `v18`

Note: This linter can be disabled with `set_option linter.unusedVariables false`
info: Vsa/Sim/ArmSegSplitExecEval.lean:238:0: 'Vsa.Sim.execEvalEntry_of_jalPrefix' depends on axioms: [propext, Classical.choice, Quot.sound]
info: Vsa/Sim/ArmSegSplitExecEval.lean:325:0: 'Vsa.Sim.landedN_eentryC_of_execPreBundle' depends on axioms: [propext, Classical.choice, Quot.sound]
info: Vsa/Sim/ArmSegSplitExecEval.lean:338:0: 'Vsa.Sim.execEvalChildSplit_of_stage' depends on axioms: [propext, Classical.choice, Quot.sound]
info: Vsa/Sim/ArmSegSplitExecEval.lean:355:0: 'Vsa.Sim.stmtExpr_split'' depends on axioms: [propext, Classical.choice, Quot.sound]
info: Vsa/Sim/ArmSegSplitExecEval.lean:364:0: 'Vsa.Sim.stmtRet_split'' depends on axioms: [propext, Classical.choice, Quot.sound]
info: Vsa/Sim/ArmSegSplitExecEval.lean:374:0: 'Vsa.Sim.stmtVarInit_split'' depends on axioms: [propext, Classical.choice, Quot.sound]
info: Vsa/Sim/ArmSegSplitExecEval.lean:384:0: 'Vsa.Sim.stmtIfCond_split'' depends on axioms: [propext, Classical.choice, Quot.sound]
info: Vsa/Sim/ArmSegSplitExecEval.lean:394:0: 'Vsa.Sim.stmtWhileCond_split'' depends on axioms: [propext, Classical.choice, Quot.sound]
info: Vsa/Sim/ArmSegSplitExecEval.lean:404:0: 'Vsa.Sim.flCond_split'' depends on axioms: [propext, Classical.choice, Quot.sound]
ℹ [1277/1378] Replayed Vsa.Sim.rows.StmtExprArmStagePre
info: Vsa/Sim/rows/StmtExprArmStagePre.lean:415:0: 'Vsa.Sim.blockB_stmtExpr_stagePre' depends on axioms: [propext, Classical.choice, Quot.sound]
info: Vsa/Sim/rows/StmtExprArmStagePre.lean:531:0: 'Vsa.Sim.stmtExpr_field_of_dispatch' depends on axioms: [propext, Classical.choice, Quot.sound]
ℹ [1278/1378] Replayed Vsa.Sim.rows.StmtRetArmStagePre
info: Vsa/Sim/rows/StmtRetArmStagePre.lean:369:0: 'Vsa.Sim.blockB_stmtRet_stagePre' depends on axioms: [propext, Classical.choice, Quot.sound]
info: Vsa/Sim/rows/StmtRetArmStagePre.lean:467:0: 'Vsa.Sim.stmtRet_field_of_dispatch' depends on axioms: [propext, Classical.choice, Quot.sound]
ℹ [1279/1378] Replayed Vsa.Sim.rows.StmtVarInitArmStagePre
info: Vsa/Sim/rows/StmtVarInitArmStagePre.lean:364:0: 'Vsa.Sim.blockB_stmtVarInit_stagePre' depends on axioms: [propext, Classical.choice, Quot.sound]
info: Vsa/Sim/rows/StmtVarInitArmStagePre.lean:462:0: 'Vsa.Sim.stmtVarInit_field_of_dispatch' depends on axioms: [propext, Classical.choice, Quot.sound]
ℹ [1281/1378] Replayed Vsa.Sim.rows.StmtIfCondArmStagePre
info: Vsa/Sim/rows/StmtIfCondArmStagePre.lean:329:0: 'Vsa.Sim.blockB_stmtIfCond_stagePre' depends on axioms: [propext, Classical.choice, Quot.sound]
info: Vsa/Sim/rows/StmtIfCondArmStagePre.lean:428:0: 'Vsa.Sim.stmtIfCond_field_of_dispatch' depends on axioms: [propext, Classical.choice, Quot.sound]
ℹ [1282/1378] Replayed Vsa.Sim.rows.StmtWhileCondArmStagePre
info: Vsa/Sim/rows/StmtWhileCondArmStagePre.lean:327:0: 'Vsa.Sim.blockB_stmtWhileCond_stagePre' depends on axioms: [propext, Classical.choice, Quot.sound]
info: Vsa/Sim/rows/StmtWhileCondArmStagePre.lean:433:0: 'Vsa.Sim.stmtWhileCond_field_of_dispatch' depends on axioms: [propext, Classical.choice, Quot.sound]
ℹ [1283/1378] Replayed Vsa.Sim.rows.FlCondArmStagePre
info: Vsa/Sim/rows/FlCondArmStagePre.lean:366:0: 'Vsa.Sim.blockB_flCond_stagePre' depends on axioms: [propext, Classical.choice, Quot.sound]
info: Vsa/Sim/rows/FlCondArmStagePre.lean:446:0: 'Vsa.Sim.flCond_field_of_dispatch' depends on axioms: [propext, Classical.choice, Quot.sound]
ℹ [1284/1378] Replayed Vsa.Sim.CallSpec
info: Vsa/Sim/CallSpec.lean:174:0: 'Vsa.Sim.AInvStableOn.mono' depends on axioms: [propext, Classical.choice, Quot.sound]
info: Vsa/Sim/CallSpec.lean:226:0: 'Vsa.Sim.strlenCallSpec_sat' depends on axioms: [propext, Classical.choice, Quot.sound]
info: Vsa/Sim/CallSpec.lean:301:0: 'Vsa.Sim.mallocCallSpec_sat' depends on axioms: [propext, Classical.choice, Quot.sound]
info: Vsa/Sim/CallSpec.lean:367:0: 'Vsa.Sim.memcpyByteCallSpec_sat' depends on axioms: [propext, Classical.choice, Quot.sound]
ℹ [1285/1378] Replayed Vsa.Sim.SpliceFold
info: Vsa/Sim/SpliceFold.lean:81:0: 'Vsa.Sim.spliceFold' depends on axioms: [propext, Classical.choice, Quot.sound]
info: Vsa/Sim/SpliceFold.lean:82:0: 'Vsa.Sim.SpliceChain.callStep' depends on axioms: [propext, Classical.choice, Quot.sound]
info: Vsa/Sim/SpliceFold.lean:83:0: 'Vsa.Sim.SpliceChain.stepConseq' depends on axioms: [propext, Classical.choice, Quot.sound]
info: Vsa/Sim/SpliceFold.lean:84:0: 'Vsa.Sim.spliceFoldDemo3' depends on axioms: [propext, Classical.choice, Quot.sound]
ℹ [1286/1378] Replayed Vsa.Sim.CallFrameMeta
info: Vsa/Sim/CallFrameMeta.lean:167:0: 'Vsa.Sim.outL_of_logInRZ' depends on axioms: [propext, Quot.sound]
info: Vsa/Sim/CallFrameMeta.lean:168:0: 'Vsa.Sim.writeLog_rz_out' depends on axioms: [propext, Classical.choice, Quot.sound]
info: Vsa/Sim/CallFrameMeta.lean:169:0: 'Vsa.Sim.MemPredStableOn.mono' depends on axioms: [propext, Classical.choice, Quot.sound]
info: Vsa/Sim/CallFrameMeta.lean:170:0: 'Vsa.Sim.loaded_writeLog_of_rz' depends on axioms: [propext, Classical.choice, Quot.sound]
info: Vsa/Sim/CallFrameMeta.lean:171:0: 'Vsa.Sim.rzSeamFrame_of_run' depends on axioms: [propext, Classical.choice, Quot.sound]
ℹ [1287/1378] Replayed Vsa.Sim.rows.CallClosureSplice
info: Vsa/Sim/rows/CallClosureSplice.lean:283:0: 'Vsa.Sim.callClosureEntrySplice' depends on axioms: [propext, Classical.choice, Quot.sound]
info: Vsa/Sim/rows/CallClosureSplice.lean:335:0: 'Vsa.Sim.closureRepr_of_storeRepr' depends on axioms: [propext, Classical.choice, Quot.sound]
info: Vsa/Sim/rows/CallClosureSplice.lean:336:0: 'Vsa.Sim.envNewParentLink_of_storeRepr' depends on axioms: [propext, Classical.choice, Quot.sound]
info: Vsa/Sim/rows/CallClosureSplice.lean:337:0: 'Vsa.Sim.envNewParentSel_of_storeRepr' depends on axioms: [propext, Classical.choice, Quot.sound]
info: Vsa/Sim/rows/CallClosureSplice.lean:397:0: 'Vsa.Sim.callClosureRet_of_status' depends on axioms: [propext, Classical.choice, Quot.sound]
info: Vsa/Sim/rows/CallClosureSplice.lean:422:0: 'Vsa.Sim.callerSlotsSurviveBody' depends on axioms: [propext, Classical.choice, Quot.sound]
info: Vsa/Sim/rows/CallClosureSplice.lean:446:0: 'Vsa.Sim.s7ImageAtBody' depends on axioms: [propext, Classical.choice, Quot.sound]
info: Vsa/Sim/rows/CallClosureSplice.lean:492:0: 'Vsa.Sim.callClosureGeom_of' depends on axioms: [propext, Classical.choice, Quot.sound]
info: Vsa/Sim/rows/CallClosureSplice.lean:582:0: 'Vsa.Sim.callClosureEnvNewSpill_logInRZ' depends on axioms: [propext, Classical.choice, Quot.sound]
info: Vsa/Sim/rows/CallClosureSplice.lean:583:0: 'Vsa.Sim.callClosureArgSpill_logInRZ' depends on axioms: [propext, Classical.choice, Quot.sound]
info: Vsa/Sim/rows/CallClosureSplice.lean:584:0: 'Vsa.Sim.callClosureValueNull_log_nil' depends on axioms: [propext, Quot.sound]
info: Vsa/Sim/rows/CallClosureSplice.lean:585:0: 'Vsa.Sim.callClosureEnvNewSeamFrame' depends on axioms: [propext, Classical.choice, Quot.sound]
info: Vsa/Sim/rows/CallClosureSplice.lean:586:0: 'Vsa.Sim.callParamFoldSeam_of' depends on axioms: [propext, Classical.choice, Quot.sound]
ℹ [1288/1378] Replayed Vsa.Sim.rows.ArgsHeadArmStagePre
info: Vsa/Sim/rows/ArgsHeadArmStagePre.lean:156:0: 'Vsa.Sim.argsHeadBodyBridge' depends on axioms: [propext, Classical.choice, Quot.sound]
info: Vsa/Sim/rows/ArgsHeadArmStagePre.lean:248:0: 'Vsa.Sim.argsHead_field_of_dispatch' depends on axioms: [propext, Classical.choice, Quot.sound]
ℹ [1289/1378] Replayed Vsa.Sim.rows.StmtWhileBodyArmStagePre
info: Vsa/Sim/rows/StmtWhileBodyArmStagePre.lean:128:0: 'Vsa.Sim.stmtWhileBodyBridge' depends on axioms: [propext, Classical.choice, Quot.sound]
info: Vsa/Sim/rows/StmtWhileBodyArmStagePre.lean:213:0: 'Vsa.Sim.stmtWhileBody_field_of_dispatch' depends on axioms: [propext, Classical.choice, Quot.sound]
ℹ [1290/1378] Replayed Vsa.Sim.rows.StmtForInitArmStagePre
info: Vsa/Sim/rows/StmtForInitArmStagePre.lean:116:0: 'Vsa.Sim.stmtForInitBodyBridge' depends on axioms: [propext, Classical.choice, Quot.sound]
info: Vsa/Sim/rows/StmtForInitArmStagePre.lean:174:0: 'Vsa.Sim.stmtForInit_field_of_dispatch' depends on axioms: [propext, Classical.choice, Quot.sound]
ℹ [1291/1378] Replayed Vsa.Sim.rows.FlBodyArmStagePre
info: Vsa/Sim/rows/FlBodyArmStagePre.lean:114:0: 'Vsa.Sim.flBodyBodyBridge' depends on axioms: [propext, Classical.choice, Quot.sound]
info: Vsa/Sim/rows/FlBodyArmStagePre.lean:166:0: 'Vsa.Sim.flBody_field_of_dispatch' depends on axioms: [propext, Classical.choice, Quot.sound]
ℹ [1292/1378] Replayed Vsa.Sim.ArmStagesWave34
info: Vsa/Sim/ArmStagesWave34.lean:345:0: 'Vsa.Sim.divFamily_wave34' depends on axioms: [propext, Classical.choice, Quot.sound]
info: Vsa/Sim/ArmStagesWave34.lean:370:0: 'Vsa.Sim.divFamily_wave40' depends on axioms: [propext, Classical.choice, Quot.sound]
info: Vsa/Sim/ArmStagesWave34.lean:497:0: 'Vsa.Sim.divFamily_wave42' depends on axioms: [propext, Classical.choice, Quot.sound]
info: Vsa/Sim/ArmStagesWave34.lean:499:0: 'Vsa.Sim.evalChildStages_ublracSEA_wired' depends on axioms: [propext, Classical.choice, Quot.sound]
info: Vsa/Sim/ArmStagesWave34.lean:664:0: 'Vsa.Sim.nonEvalChildStages_mk' depends on axioms: [propext, Classical.choice, Quot.sound]
info: Vsa/Sim/ArmStagesWave34.lean:665:0: 'Vsa.Sim.nonEvalChildStages_wave43_wired' depends on axioms: [propext, Classical.choice, Quot.sound]
ℹ [1293/1378] Replayed Vsa.Sim.rows.FnArmClosureBuild
info: Vsa/Sim/rows/FnArmClosureBuild.lean:144:0: 'Vsa.Sim.fnArmClosureBuildSeg' depends on axioms: [propext, Quot.sound]
info: Vsa/Sim/rows/FnArmClosureBuild.lean:145:0: 'Vsa.Sim.fnArmClosureBuild_reads' depends on axioms: [propext, Classical.choice, Quot.sound]
ℹ [1294/1378] Replayed Vsa.Sim.rows.AllocClosureInhab
info: Vsa/Sim/rows/AllocClosureInhab.lean:348:0: 'Vsa.Sim.allocClosureContract_of' depends on axioms: [propext, Classical.choice, Quot.sound]
ℹ [1295/1378] Replayed Vsa.Sim.rows.AllocBuildEntrySplice
info: Vsa/Sim/rows/AllocBuildEntrySplice.lean:109:0: 'Vsa.Sim.fnArmReloadRow' depends on axioms: [propext, Classical.choice, Quot.sound]
info: Vsa/Sim/rows/AllocBuildEntrySplice.lean:167:0: 'Vsa.Sim.allocBuildEntry_hEntry' depends on axioms: [propext, Classical.choice, Quot.sound]
info: Vsa/Sim/rows/AllocBuildEntrySplice.lean:221:0: 'Vsa.Sim.fnArmSeamRun_of_hEntry' depends on axioms: [propext, Classical.choice, Quot.sound]
ℹ [1296/1378] Replayed Vsa.Sim.rows.FnArmSeams
info: Vsa/Sim/rows/FnArmSeams.lean:121:0: 'Vsa.Sim.prune_of_exit' depends on axioms: [propext, Classical.choice, Quot.sound]
info: Vsa/Sim/rows/FnArmSeams.lean:294:0: 'Vsa.Sim.allocBuildEntry_tail' depends on axioms: [propext, Classical.choice, Quot.sound]
info: Vsa/Sim/rows/FnArmSeams.lean:421:0: 'Vsa.Sim.staging_of_link' depends on axioms: [propext, Classical.choice, Quot.sound]
info: Vsa/Sim/rows/FnArmSeams.lean:423:0: 'Vsa.Sim.staging_of_link' depends on axioms: [propext, Classical.choice, Quot.sound]
info: Vsa/Sim/rows/FnArmSeams.lean:470:0: 'Vsa.Sim.fnArmSeamRun_of_seams' depends on axioms: [propext, Classical.choice, Quot.sound]
ℹ [1297/1378] Replayed Vsa.Sim.rows.StoreReprPhicRebase
info: Vsa/Sim/rows/StoreReprPhicRebase.lean:130:0: 'Vsa.Sim.valueRepr_phic_mono' depends on axioms: [propext, Classical.choice, Quot.sound]
info: Vsa/Sim/rows/StoreReprPhicRebase.lean:131:0: 'Vsa.Sim.frameRepr_phic_mono' depends on axioms: [propext, Classical.choice, Quot.sound]
info: Vsa/Sim/rows/StoreReprPhicRebase.lean:132:0: 'Vsa.Sim.storeRepr_phic_mono' depends on axioms: [propext, Classical.choice, Quot.sound]
ℹ [1298/1378] Replayed Vsa.Sim.rows.FnResidSupply
info: Vsa/Sim/rows/FnResidSupply.lean:300:0: 'Vsa.Sim.fnArmGeom_hArm_offdiag' depends on axioms: [propext, Classical.choice, Quot.sound]
info: Vsa/Sim/rows/FnResidSupply.lean:301:0: 'Vsa.Sim.store_size_of_allocClosure' depends on axioms: [propext]
info: Vsa/Sim/rows/FnResidSupply.lean:302:0: 'Vsa.Sim.fnResid_of_pipeline' depends on axioms: [propext, Classical.choice, Quot.sound]
info: Vsa/Sim/rows/FnResidSupply.lean:303:0: 'Vsa.Sim.fnResid_of_pipeline_wf' depends on axioms: [propext, Classical.choice, Quot.sound]
info: Vsa/Sim/rows/FnResidSupply.lean:304:0: 'Vsa.Sim.fnResid_from_bundle' depends on axioms: [propext, Classical.choice, Quot.sound]
ℹ [1299/1378] Replayed Vsa.Sim.MemcpySpecFramedWord
info: Vsa/Sim/MemcpySpecFramedWord.lean:739:0: 'Vsa.Sim.abiPreserved_notWrittenW' depends on axioms: [propext]
info: Vsa/Sim/MemcpySpecFramedWord.lean:740:0: 'Vsa.Sim.dispatch_to_word_framed' depends on axioms: [propext, Classical.choice, Quot.sound]
info: Vsa/Sim/MemcpySpecFramedWord.lean:741:0: 'Vsa.Sim.wordloop_abi' depends on axioms: [propext, Classical.choice, Quot.sound]
info: Vsa/Sim/MemcpySpecFramedWord.lean:742:0: 'Vsa.Sim.epilogue_notail_framed' depends on axioms: [propext, Classical.choice, Quot.sound]
info: Vsa/Sim/MemcpySpecFramedWord.lean:743:0: 'Vsa.Sim.epilogue_to_bytehead_framed' depends on axioms: [propext, Classical.choice, Quot.sound]
info: Vsa/Sim/MemcpySpecFramedWord.lean:744:0: 'Vsa.Sim.epilogue_tail_framed' depends on axioms: [propext, Classical.choice, Quot.sound]
info: Vsa/Sim/MemcpySpecFramedWord.lean:745:0: 'Vsa.Sim.memcpy_spec_framed_word' depends on axioms: [propext, Classical.choice, Quot.sound]
⚠ [1300/1378] Replayed Vsa.Sim.rows.ErrFamilyAssembly
warning: Vsa/Sim/rows/ErrFamilyAssembly.lean:133:49: unused variable `d`

Note: This linter can be disabled with `set_option linter.unusedVariables false`
warning: Vsa/Sim/rows/ErrFamilyAssembly.lean:134:7: unused variable `vs`

Note: This linter can be disabled with `set_option linter.unusedVariables false`
warning: Vsa/Sim/rows/ErrFamilyAssembly.lean:206:46: unused variable `d`

Note: This linter can be disabled with `set_option linter.unusedVariables false`
warning: Vsa/Sim/rows/ErrFamilyAssembly.lean:207:5: unused variable `vs`

Note: This linter can be disabled with `set_option linter.unusedVariables false`
info: Vsa/Sim/rows/ErrFamilyAssembly.lean:218:0: 'Vsa.Sim.ErrSharedInputs.toShared' depends on axioms: [propext, Classical.choice, Quot.sound]
info: Vsa/Sim/rows/ErrFamilyAssembly.lean:219:0: 'Vsa.Sim.errFamily_ofArmLinks' depends on axioms: [propext, Classical.choice, Quot.sound]
info: Vsa/Sim/rows/ErrFamilyAssembly.lean:220:0: 'Vsa.Sim.errFamily_ofWork' depends on axioms: [propext, Classical.choice, Quot.sound]
ℹ [1301/1378] Replayed Vsa.Sim.rows.LayoutGround
info: Vsa/Sim/rows/LayoutGround.lean:65:0: 'Vsa.Sim.LayoutGround.ground_interpRunEntry' does not depend on any axioms
info: Vsa/Sim/rows/LayoutGround.lean:66:0: 'Vsa.Sim.LayoutGround.ground_interpRunCode' does not depend on any axioms
info: Vsa/Sim/rows/LayoutGround.lean:67:0: 'Vsa.Sim.LayoutGround.ground_evalExprEntry' does not depend on any axioms
info: Vsa/Sim/rows/LayoutGround.lean:68:0: 'Vsa.Sim.LayoutGround.ground_execStmtEntry' does not depend on any axioms
info: Vsa/Sim/rows/LayoutGround.lean:69:0: 'Vsa.Sim.LayoutGround.ground_runtimeErrorEntry' does not depend on any axioms
info: Vsa/Sim/rows/LayoutGround.lean:70:0: 'Vsa.Sim.LayoutGround.ground_exitEntry' does not depend on any axioms
info: Vsa/Sim/rows/LayoutGround.lean:71:0: 'Vsa.Sim.LayoutGround.ground_stackSL' does not depend on any axioms
info: Vsa/Sim/rows/LayoutGround.lean:72:0: 'Vsa.Sim.LayoutGround.ground_spEntry' does not depend on any axioms
info: Vsa/Sim/rows/LayoutGround.lean:73:0: 'Vsa.Sim.LayoutGround.ground_tohostAddr' does not depend on any axioms
info: Vsa/Sim/rows/LayoutGround.lean:74:0: 'Vsa.Sim.LayoutGround.ground_atInterpRun' depends on axioms: [propext, Classical.choice, Quot.sound]
⚠ [1304/1378] Replayed Vsa.Sim.TermAssembly
warning: Vsa/Sim/TermAssembly.lean:426:53: unused variable `d`

Note: This linter can be disabled with `set_option linter.unusedVariables false`
warning: Vsa/Sim/TermAssembly.lean:428:75: unused variable `x`

Note: This linter can be disabled with `set_option linter.unusedVariables false`
warning: Vsa/Sim/TermAssembly.lean:433:75: unused variable `op`

Note: This linter can be disabled with `set_option linter.unusedVariables false`
warning: Vsa/Sim/TermAssembly.lean:433:90: unused variable `r`

Note: This linter can be disabled with `set_option linter.unusedVariables false`
warning: Vsa/Sim/TermAssembly.lean:435:75: unused variable `op`

Note: This linter can be disabled with `set_option linter.unusedVariables false`
warning: Vsa/Sim/TermAssembly.lean:442:73: unused variable `r`

Note: This linter can be disabled with `set_option linter.unusedVariables false`
warning: Vsa/Sim/TermAssembly.lean:448:74: unused variable `r`

Note: This linter can be disabled with `set_option linter.unusedVariables false`
warning: Vsa/Sim/TermAssembly.lean:454:74: unused variable `op`

Note: This linter can be disabled with `set_option linter.unusedVariables false`
warning: Vsa/Sim/TermAssembly.lean:459:84: unused variable `args`

Note: This linter can be disabled with `set_option linter.unusedVariables false`
warning: Vsa/Sim/TermAssembly.lean:468:87: unused variable `es`

Note: This linter can be disabled with `set_option linter.unusedVariables false`
warning: Vsa/Sim/TermAssembly.lean:473:42: unused variable `st`

Note: This linter can be disabled with `set_option linter.unusedVariables false`
warning: Vsa/Sim/TermAssembly.lean:473:56: unused variable `d`

Note: This linter can be disabled with `set_option linter.unusedVariables false`
warning: Vsa/Sim/TermAssembly.lean:473:79: unused variable `vs`

Note: This linter can be disabled with `set_option linter.unusedVariables false`
warning: Vsa/Sim/TermAssembly.lean:475:55: unused variable `d`

Note: This linter can be disabled with `set_option linter.unusedVariables false`
warning: Vsa/Sim/TermAssembly.lean:476:7: unused variable `vs`

Note: This linter can be disabled with `set_option linter.unusedVariables false`
warning: Vsa/Sim/TermAssembly.lean:477:50: unused variable `d`

Note: This linter can be disabled with `set_option linter.unusedVariables false`
warning: Vsa/Sim/TermAssembly.lean:495:41: unused variable `st`

Note: This linter can be disabled with `set_option linter.unusedVariables false`
warning: Vsa/Sim/TermAssembly.lean:495:55: unused variable `d`

Note: This linter can be disabled with `set_option linter.unusedVariables false`
warning: Vsa/Sim/TermAssembly.lean:497:42: unused variable `st`

Note: This linter can be disabled with `set_option linter.unusedVariables false`
warning: Vsa/Sim/TermAssembly.lean:497:56: unused variable `d`

Note: This linter can be disabled with `set_option linter.unusedVariables false`
warning: Vsa/Sim/TermAssembly.lean:501:75: unused variable `x`

Note: This linter can be disabled with `set_option linter.unusedVariables false`
warning: Vsa/Sim/TermAssembly.lean:507:87: unused variable `t`

Note: This linter can be disabled with `set_option linter.unusedVariables false`
warning: Vsa/Sim/TermAssembly.lean:508:7: unused variable `e`

Note: This linter can be disabled with `set_option linter.unusedVariables false`
warning: Vsa/Sim/TermAssembly.lean:511:7: unused variable `e`

Note: This linter can be disabled with `set_option linter.unusedVariables false`
warning: Vsa/Sim/TermAssembly.lean:514:87: unused variable `t`

Note: This linter can be disabled with `set_option linter.unusedVariables false`
warning: Vsa/Sim/TermAssembly.lean:518:90: unused variable `b`

Note: This linter can be disabled with `set_option linter.unusedVariables false`
warning: Vsa/Sim/TermAssembly.lean:529:89: unused variable `cnd`

Note: This linter can be disabled with `set_option linter.unusedVariables false`
warning: Vsa/Sim/TermAssembly.lean:530:7: unused variable `step`

Note: This linter can be disabled with `set_option linter.unusedVariables false`
warning: Vsa/Sim/TermAssembly.lean:530:28: unused variable `b`

Note: This linter can be disabled with `set_option linter.unusedVariables false`
warning: Vsa/Sim/TermAssembly.lean:541:87: unused variable `step`

Note: This linter can be disabled with `set_option linter.unusedVariables false`
warning: Vsa/Sim/TermAssembly.lean:542:7: unused variable `b`

Note: This linter can be disabled with `set_option linter.unusedVariables false`
warning: Vsa/Sim/TermAssembly.lean:545:7: unused variable `step`

Note: This linter can be disabled with `set_option linter.unusedVariables false`
warning: Vsa/Sim/TermAssembly.lean:556:86: unused variable `ss`

Note: This linter can be disabled with `set_option linter.unusedVariables false`
info: Vsa/Sim/TermAssembly.lean:597:0: 'Vsa.Sim.TermAssembly.termCases_of_residuals' depends on axioms: [propext, Classical.choice, Quot.sound]
info: Vsa/Sim/TermAssembly.lean:598:0: 'Vsa.Sim.TermAssembly.hterm_of_residuals' depends on axioms: [propext, Classical.choice, Quot.sound]
info: Vsa/Sim/TermAssembly.lean:599:0: 'Vsa.Sim.TermAssembly.hdivFam_of_residuals' depends on axioms: [propext, Classical.choice, Quot.sound]
info: Vsa/Sim/TermAssembly.lean:600:0: 'Vsa.Sim.TermAssembly.divStep_vacuous' depends on axioms: [propext, Classical.choice, Quot.sound]
info: Vsa/Sim/TermAssembly.lean:601:0: 'Vsa.Sim.TermAssembly.errFamily_ofShared' depends on axioms: [propext, Classical.choice, Quot.sound]
info: Vsa/Sim/TermAssembly.lean:602:0: 'Vsa.Sim.TermAssembly.interpSim_of_residuals' depends on axioms: [propext, Classical.choice, Quot.sound]
ℹ [1305/1378] Replayed Vsa.Sim.EndToEnd
info: Vsa/Sim/EndToEnd.lean:78:0: 'Vsa.Sim.EndToEnd.interpSim_ofWork' depends on axioms: [propext, Classical.choice, Quot.sound]
info: Vsa/Sim/EndToEnd.lean:79:0: 'Vsa.Sim.EndToEnd.endToEnd' depends on axioms: [propext, Classical.choice, Quot.sound]
info: Vsa/Sim/EndToEnd.lean:80:0: 'Vsa.Sim.EndToEnd.endToEnd_refinement' depends on axioms: [propext, Classical.choice, Quot.sound]
ℹ [1306/1378] Replayed Vsa.Sim.rows.CallClosureEnvNewMarshal
info: Vsa/Sim/rows/CallClosureEnvNewMarshal.lean:129:0: 'Vsa.Sim.allocFrame_inv' does not depend on any axioms
info: Vsa/Sim/rows/CallClosureEnvNewMarshal.lean:130:0: 'Vsa.Sim.pushFrameMap_extends' does not depend on any axioms
info: Vsa/Sim/rows/CallClosureEnvNewMarshal.lean:131:0: 'Vsa.Sim.pushFrameMap_fresh' does not depend on any axioms
info: Vsa/Sim/rows/CallClosureEnvNewMarshal.lean:132:0: 'Vsa.Sim.storeRepr_allocFrame' depends on axioms: [propext, Classical.choice, Quot.sound]
ℹ [1307/1378] Replayed Vsa.Sim.rows.CallClosureDispatchStage
info: Vsa/Sim/rows/CallClosureDispatchStage.lean:105:0: 'Vsa.Sim.callClosureDispatchStageSeg_seg' depends on axioms: [propext, Classical.choice, Quot.sound]
info: Vsa/Sim/rows/CallClosureDispatchStage.lean:195:0: 'Vsa.Sim.callClosureDispatchStageBridge' depends on axioms: [propext, Classical.choice, Quot.sound]
ℹ [1308/1378] Replayed Vsa.Sim.rows.CallClosureFoldStage
info: Vsa/Sim/rows/CallClosureFoldStage.lean:76:0: 'Vsa.Sim.callClosureFoldStageSeg_seg' depends on axioms: [propext, Classical.choice, Quot.sound]
info: Vsa/Sim/rows/CallClosureFoldStage.lean:155:0: 'Vsa.Sim.callClosureFoldStageBridge' depends on axioms: [propext, Classical.choice, Quot.sound]
ℹ [1309/1378] Replayed Vsa.Sim.rows.CallClosureEnvNewRet
info: Vsa/Sim/rows/CallClosureEnvNewRet.lean:55:0: 'Vsa.Sim.callClosureEnvNewRetBypassSeg_seg' depends on axioms: [propext, Classical.choice, Quot.sound]
info: Vsa/Sim/rows/CallClosureEnvNewRet.lean:69:0: 'Vsa.Sim.callClosureEnvNewRetFoldSeg_seg' depends on axioms: [propext, Classical.choice, Quot.sound]
info: Vsa/Sim/rows/CallClosureEnvNewRet.lean:126:0: 'Vsa.Sim.callClosureEnvNewRetBypassRow' depends on axioms: [propext, Classical.choice, Quot.sound]
info: Vsa/Sim/rows/CallClosureEnvNewRet.lean:151:0: 'Vsa.Sim.callClosureEnvNewRetFoldRow' depends on axioms: [propext, Classical.choice, Quot.sound]
ℹ [1310/1378] Replayed Vsa.Sim.rows.CallClosureBodyEntry
info: Vsa/Sim/rows/CallClosureBodyEntry.lean:50:0: 'Vsa.Sim.callClosureBodyEntrySeg_seg' depends on axioms: [propext, Classical.choice, Quot.sound]
info: Vsa/Sim/rows/CallClosureBodyEntry.lean:64:0: 'Vsa.Sim.callClosureBodyBypassSeg_seg' depends on axioms: [propext, Classical.choice, Quot.sound]
info: Vsa/Sim/rows/CallClosureBodyEntry.lean:115:0: 'Vsa.Sim.callClosureBodyEntryRow' depends on axioms: [propext, Classical.choice, Quot.sound]
info: Vsa/Sim/rows/CallClosureBodyEntry.lean:138:0: 'Vsa.Sim.callClosureBodyBypassRow' depends on axioms: [propext, Classical.choice, Quot.sound]
ℹ [1311/1378] Replayed Vsa.Sim.rows.CallClosureFoldBack
info: Vsa/Sim/rows/CallClosureFoldBack.lean:53:0: 'Vsa.Sim.callClosureFoldBackLoopSeg_seg' depends on axioms: [propext, Classical.choice, Quot.sound]
info: Vsa/Sim/rows/CallClosureFoldBack.lean:64:0: 'Vsa.Sim.callClosureFoldBackExitSeg_seg' depends on axioms: [propext, Classical.choice, Quot.sound]
info: Vsa/Sim/rows/CallClosureFoldBack.lean:120:0: 'Vsa.Sim.callClosureFoldBackLoopRow' depends on axioms: [propext, Classical.choice, Quot.sound]
info: Vsa/Sim/rows/CallClosureFoldBack.lean:145:0: 'Vsa.Sim.callClosureFoldBackExitRow' depends on axioms: [propext, Classical.choice, Quot.sound]
ℹ [1312/1378] Replayed Vsa.Sim.rows.CallClosureRetClass
info: Vsa/Sim/rows/CallClosureRetClass.lean:65:0: 'Vsa.Sim.callClosureRetClassSeg_seg' depends on axioms: [propext, Classical.choice, Quot.sound]
info: Vsa/Sim/rows/CallClosureRetClass.lean:107:0: 'Vsa.Sim.callClosureRetClassRow' depends on axioms: [propext, Classical.choice, Quot.sound]
ℹ [1313/1378] Replayed Vsa.Sim.rows.CallClosureNormalRet
info: Vsa/Sim/rows/CallClosureNormalRet.lean:55:0: 'Vsa.Sim.callClosureNormalDepthSeg_seg' depends on axioms: [propext, Classical.choice, Quot.sound]
info: Vsa/Sim/rows/CallClosureNormalRet.lean:110:0: 'Vsa.Sim.callClosureNormalDepthBridge' depends on axioms: [propext, Classical.choice, Quot.sound]
info: Vsa/Sim/rows/CallClosureNormalRet.lean:121:0: 'Vsa.Sim.callClosureNormalJoinSeg_seg' depends on axioms: [propext, Classical.choice, Quot.sound]
info: Vsa/Sim/rows/CallClosureNormalRet.lean:161:0: 'Vsa.Sim.callClosureNormalJoinRow' depends on axioms: [propext, Classical.choice, Quot.sound]
ℹ [1314/1378] Replayed Vsa.Sim.rows.CallClosureBodyExit
info: Vsa/Sim/rows/CallClosureBodyExit.lean:52:0: 'Vsa.Sim.callClosureBodyExitRetSeg_seg' depends on axioms: [propext, Classical.choice, Quot.sound]
info: Vsa/Sim/rows/CallClosureBodyExit.lean:68:0: 'Vsa.Sim.callClosureBodyExitNormalSeg_seg' depends on axioms: [propext, Classical.choice, Quot.sound]
info: Vsa/Sim/rows/CallClosureBodyExit.lean:123:0: 'Vsa.Sim.callClosureBodyExitRetRow' depends on axioms: [propext, Classical.choice, Quot.sound]
info: Vsa/Sim/rows/CallClosureBodyExit.lean:148:0: 'Vsa.Sim.callClosureBodyExitNormalRow' depends on axioms: [propext, Classical.choice, Quot.sound]
ℹ [1315/1378] Replayed Vsa.Sim.rows.BlockAUnaryArmGen
info: Vsa/Sim/rows/BlockAUnaryArmGen.lean:164:0: 'Vsa.Sim.blockA_unaryGenArm' depends on axioms: [propext, Classical.choice, Quot.sound]
ℹ [1316/1378] Replayed Vsa.Sim.rows.BlockALogicalArmGen
info: Vsa/Sim/rows/BlockALogicalArmGen.lean:178:0: 'Vsa.Sim.blockA_logicalGenArm' depends on axioms: [propext, Classical.choice, Quot.sound]
ℹ [1317/1378] Replayed Vsa.Sim.rows.StrdupTailSpliceFold
info: Vsa/Sim/rows/StrdupTailSpliceFold.lean:122:0: 'Vsa.Sim.stringifyStrdupTailContract_viaSpliceFold' depends on axioms: [propext, Classical.choice, Quot.sound]
info: Vsa/Sim/rows/StrdupTailSpliceFold.lean:179:0: 'Vsa.Sim.strdupMallocSpill_logInRZ' depends on axioms: [propext, Classical.choice, Quot.sound]
info: Vsa/Sim/rows/StrdupTailSpliceFold.lean:180:0: 'Vsa.Sim.strdupAInvStableSpill_of_rz' depends on axioms: [propext, Classical.choice, Quot.sound]
ℹ [1319/1378] Replayed Vsa.Sim.DeriveMetaDemo
info: Vsa/Sim/DeriveMetaDemo.lean:27:0: #verify_slots Vsa.Sim.TermCaseBundle.TermCases: all 36 slots OK
  ✓ hInt ⟵ eval_int_row (after 1 residual(s))
  ✓ hStr ⟵ eval_str_row (after 1 residual(s))
  ✓ hBool ⟵ eval_bool_row (after 1 residual(s))
  ✓ hNull ⟵ eval_null_row (after 1 residual(s))
  ✓ hVar ⟵ eval_var_row (after 1 residual(s))
  ✓ hAssign ⟵ eval_assign_row (after 1 residual(s))
  ✓ hBinary ⟵ eval_binary_row (after 18 residual(s))
  ✓ hOrTrue ⟵ eval_orTrue_row (after 1 residual(s))
  ✓ hOrFalse ⟵ eval_orFalse_row (after 1 residual(s))
  ✓ hAndFalse ⟵ eval_andFalse_row (after 1 residual(s))
  ✓ hAndTrue ⟵ eval_andTrue_row (after 1 residual(s))
  ✓ hNeg ⟵ eval_neg_row (after 1 residual(s))
  ✓ hNot ⟵ eval_not_row (after 1 residual(s))
  ✓ hCall ⟵ eval_call_row (after 1 residual(s))
  ✓ hFn ⟵ eval_fn_row (after 1 residual(s))
  ✓ hArgsNil ⟵ eval_argsNil_row (after 1 residual(s))
  ✓ hArgsCons ⟵ eval_argsCons_row (after 1 residual(s))
  ✓ hCallPrint ⟵ eval_callPrint_row (after 1 residual(s))
  ✓ hCallPrintln ⟵ eval_callPrintln_row (after 1 residual(s))
  ✓ hCallAssertOk ⟵ eval_callAssertOk_row (after 1 residual(s))
  ✓ hSExpr ⟵ exec_expr_row (after 1 residual(s))
  ✓ hSVarInit ⟵ exec_varInit_row (after 1 residual(s))
  ✓ hSVarNull ⟵ exec_varNull_row (after 1 residual(s))
  ✓ hSBlock ⟵ exec_block_row (after 1 residual(s))
  ✓ hSIfTrue ⟵ exec_ifTrue_row (after 1 residual(s))
  ✓ hSIfFalse ⟵ exec_ifFalse_row (after 1 residual(s))
  ✓ hSIfNone ⟵ exec_ifNone_row (after 1 residual(s))
  ✓ hSWhileFalse ⟵ exec_whileFalse_row (after 1 residual(s))
  ✓ hSWhileBreak ⟵ exec_whileBreak_row (after 1 residual(s))
  ✓ hSWhileRet ⟵ exec_whileRet_row (after 1 residual(s))
  ✓ hSWhileLoop ⟵ exec_whileLoop_row (after 1 residual(s))
  ✓ hSForStart ⟵ exec_forStart_row (after 1 residual(s))
  ✓ hSRet ⟵ exec_ret_row (after 1 residual(s))
  ✓ hSRetNull ⟵ exec_retNull_row (after 1 residual(s))
  ✓ hSBrk ⟵ exec_brk_row (after 1 residual(s))
  ✓ hSCont ⟵ exec_cont_row (after 1 residual(s))
ℹ [1320/1378] Replayed Vsa.Sim.DeriveMetaTowers
info: Vsa/Sim/DeriveMetaTowers.lean:70:0: 'Vsa.Sim.ArmEntryK.destruct' depends on axioms: [propext, Classical.choice, Quot.sound]
info: Vsa/Sim/DeriveMetaTowers.lean:71:0: 'Vsa.Sim.ArmEntryK.mk'' depends on axioms: [propext, Classical.choice, Quot.sound]
info: Vsa/Sim/DeriveMetaTowers.lean:72:0: 'Vsa.Sim.TwoSubReturn.destruct' depends on axioms: [propext, Classical.choice, Quot.sound]
info: Vsa/Sim/DeriveMetaTowers.lean:73:0: 'Vsa.Sim.TwoSubReturn.mk'' depends on axioms: [propext, Classical.choice, Quot.sound]
ℹ [1321/1378] Replayed Vsa.Sim.DeriveRow
info: Vsa/Sim/DeriveRow.lean:74:0: 'Vsa.Sim.segRow_of_hpost' depends on axioms: [propext, Classical.choice, Quot.sound]
info: Vsa/Sim/DeriveRow.lean:128:0: 'Vsa.Sim.demoRowGen' depends on axioms: [propext, Classical.choice, Quot.sound]
ℹ [1322/1378] Replayed Vsa.Sim.rows.NativeAddrResolve
info: Vsa/Sim/rows/NativeAddrResolve.lean:161:0: 'Vsa.Sim.nativeAddr_of_valueRepr' depends on axioms: [propext, Classical.choice, Quot.sound]
info: Vsa/Sim/rows/NativeAddrResolve.lean:162:0: 'Vsa.Sim.nativeKind_of_valueRepr' depends on axioms: [propext, Classical.choice, Quot.sound]
info: Vsa/Sim/rows/NativeAddrResolve.lean:163:0: 'Vsa.Sim.nativeName_of_valueRepr' depends on axioms: [propext, Classical.choice, Quot.sound]
info: Vsa/Sim/rows/NativeAddrResolve.lean:164:0: 'Vsa.Sim.jalrStep_of_obs' depends on axioms: [propext, Classical.choice, Quot.sound]
info: Vsa/Sim/rows/NativeAddrResolve.lean:165:0: 'Vsa.Sim.nativeJalrStep' depends on axioms: [propext, Classical.choice, Quot.sound]
ℹ [1323/1378] Replayed Vsa.Sim.rows.NativeArmSplice
info: Vsa/Sim/rows/NativeArmSplice.lean:423:0: 'Vsa.Sim.nativeJoin' depends on axioms: [propext, Classical.choice, Quot.sound]
info: Vsa/Sim/rows/NativeArmSplice.lean:424:0: 'Vsa.Sim.nativeArmSplice' depends on axioms: [propext, Classical.choice, Quot.sound]
info: Vsa/Sim/rows/NativeArmSplice.lean:425:0: 'Vsa.Sim.nativeAssertOkSpec_of_splice' depends on axioms: [propext, Classical.choice, Quot.sound]
info: Vsa/Sim/rows/NativeArmSplice.lean:426:0: 'Vsa.Sim.nativePrintSpec_of_splice' depends on axioms: [propext, Classical.choice, Quot.sound]
info: Vsa/Sim/rows/NativeArmSplice.lean:427:0: 'Vsa.Sim.nativePrintlnSpec_of_splice' depends on axioms: [propext, Classical.choice, Quot.sound]
ℹ [1324/1378] Replayed Vsa.Sim.rows.NativeArmDispatch
info: Vsa/Sim/rows/NativeArmDispatch.lean:84:0: 'Vsa.Sim.nativeDispatchStageSeg_seg' depends on axioms: [propext, Classical.choice, Quot.sound]
info: Vsa/Sim/rows/NativeArmDispatch.lean:167:0: 'Vsa.Sim.nativeDispatchStageBridge' depends on axioms: [propext, Classical.choice, Quot.sound]
info: Vsa/Sim/rows/NativeArmDispatch.lean:212:0: 'Vsa.Sim.nativeDispatchJalSeam_of' depends on axioms: [propext, Classical.choice, Quot.sound]
ℹ [1325/1378] Replayed Vsa.Sim.rows.NativeBodyAssert
info: Vsa/Sim/rows/NativeBodyAssert.lean:96:0: 'Vsa.Sim.nativeAssertInternalAbi_closed' depends on axioms: [propext, Classical.choice, Quot.sound]
info: Vsa/Sim/rows/NativeBodyAssert.lean:223:0: 'Vsa.Sim.nativeBodyAssert' depends on axioms: [propext, Classical.choice, Quot.sound]
info: Vsa/Sim/rows/NativeBodyAssert.lean:272:0: 'Vsa.Sim.nativeAssertOkSpec_of_dispatch' depends on axioms: [propext, Classical.choice, Quot.sound]
ℹ [1326/1378] Replayed Vsa.Sim.rows.NativeBodyPrint
info: Vsa/Sim/rows/NativeBodyPrint.lean:408:0: 'Vsa.Sim.nativeBodyOut' depends on axioms: [propext, Classical.choice, Quot.sound]
info: Vsa/Sim/rows/NativeBodyPrint.lean:523:0: 'Vsa.Sim.nativeBodyPrint' depends on axioms: [propext, Classical.choice, Quot.sound]
info: Vsa/Sim/rows/NativeBodyPrint.lean:524:0: 'Vsa.Sim.nativeBodyPrintln' depends on axioms: [propext, Classical.choice, Quot.sound]
info: Vsa/Sim/rows/NativeBodyPrint.lean:525:0: 'Vsa.Sim.nativePrintSpec_of_internal' depends on axioms: [propext, Classical.choice, Quot.sound]
info: Vsa/Sim/rows/NativeBodyPrint.lean:526:0: 'Vsa.Sim.nativePrintlnSpec_of_internal' depends on axioms: [propext, Classical.choice, Quot.sound]
info: Vsa/Sim/rows/NativeBodyPrint.lean:527:0: 'Vsa.Sim.printedPrefix_full' depends on axioms: [propext]
info: Vsa/Sim/rows/NativeBodyPrint.lean:528:0: 'Vsa.Sim.printedPrefix_step' depends on axioms: [propext, Quot.sound]
ℹ [1327/1378] Replayed Vsa.Sim.rows.CallCruxMarshal
info: Vsa/Sim/rows/CallCruxMarshal.lean:98:0: 'Vsa.Sim.segToTripleOut' depends on axioms: [propext, Classical.choice, Quot.sound]
info: Vsa/Sim/rows/CallCruxMarshal.lean:120:0: 'Vsa.Sim.outRepr_transport' depends on axioms: [propext, Quot.sound]
info: Vsa/Sim/rows/CallCruxMarshal.lean:145:0: 'Vsa.Sim.gholds_reg' depends on axioms: [propext, Classical.choice, Quot.sound]
info: Vsa/Sim/rows/CallCruxMarshal.lean:160:0: 'Vsa.Sim.gprGet_x2' depends on axioms: [propext, Classical.choice, Quot.sound]
info: Vsa/Sim/rows/CallCruxMarshal.lean:198:0: 'Vsa.Sim.foldBackLoop_passthrough' depends on axioms: [propext, Classical.choice, Quot.sound]
info: Vsa/Sim/rows/CallCruxMarshal.lean:220:0: 'Vsa.Sim.normalJoin_exit' depends on axioms: [propext, Classical.choice, Quot.sound]
info: Vsa/Sim/rows/CallCruxMarshal.lean:242:0: 'Vsa.Sim.foldStore_succ' depends on axioms: [propext, Quot.sound]
ℹ [1328/1378] Replayed Vsa.Sim.rows.LayoutJumpTableGen
info: Vsa/Sim/rows/LayoutJumpTableGen.lean:58:0: 'Vsa.Sim.LayoutJumpTableGen.groundSlot_0' depends on axioms: [propext, Classical.choice, Quot.sound]
info: Vsa/Sim/rows/LayoutJumpTableGen.lean:73:0: 'Vsa.Sim.LayoutJumpTableGen.groundSlot_1' depends on axioms: [propext, Classical.choice, Quot.sound]
info: Vsa/Sim/rows/LayoutJumpTableGen.lean:88:0: 'Vsa.Sim.LayoutJumpTableGen.groundSlot_2' depends on axioms: [propext, Classical.choice, Quot.sound]
info: Vsa/Sim/rows/LayoutJumpTableGen.lean:103:0: 'Vsa.Sim.LayoutJumpTableGen.groundSlot_3' depends on axioms: [propext, Classical.choice, Quot.sound]
info: Vsa/Sim/rows/LayoutJumpTableGen.lean:118:0: 'Vsa.Sim.LayoutJumpTableGen.groundSlot_4' depends on axioms: [propext, Classical.choice, Quot.sound]
info: Vsa/Sim/rows/LayoutJumpTableGen.lean:133:0: 'Vsa.Sim.LayoutJumpTableGen.groundSlot_5' depends on axioms: [propext, Classical.choice, Quot.sound]
info: Vsa/Sim/rows/LayoutJumpTableGen.lean:148:0: 'Vsa.Sim.LayoutJumpTableGen.groundSlot_6' depends on axioms: [propext, Classical.choice, Quot.sound]
info: Vsa/Sim/rows/LayoutJumpTableGen.lean:163:0: 'Vsa.Sim.LayoutJumpTableGen.groundSlot_7' depends on axioms: [propext, Classical.choice, Quot.sound]
info: Vsa/Sim/rows/LayoutJumpTableGen.lean:178:0: 'Vsa.Sim.LayoutJumpTableGen.groundSlot_8' depends on axioms: [propext, Classical.choice, Quot.sound]
info: Vsa/Sim/rows/LayoutJumpTableGen.lean:193:0: 'Vsa.Sim.LayoutJumpTableGen.groundSlot_9' depends on axioms: [propext, Classical.choice, Quot.sound]
info: Vsa/Sim/rows/LayoutJumpTableGen.lean:208:0: 'Vsa.Sim.LayoutJumpTableGen.groundSlot_10' depends on axioms: [propext, Classical.choice, Quot.sound]
ℹ [1329/1378] Replayed Vsa.Sim.rows.FnArmSeamSupply
info: Vsa/Sim/rows/FnArmSeamSupply.lean:71:0: 'Vsa.Sim.fnSlot_grounded' depends on axioms: [propext, Classical.choice, Quot.sound]
info: Vsa/Sim/rows/FnArmSeamSupply.lean:160:0: 'Vsa.Sim.fnResidBundle_of_parts' depends on axioms: [propext, Classical.choice, Quot.sound]
info: Vsa/Sim/rows/FnArmSeamSupply.lean:195:0: 'Vsa.Sim.fnResid_of_parts' depends on axioms: [propext, Classical.choice, Quot.sound]
ℹ [1330/1378] Replayed Vsa.Sim.rows.CallCruxMarshal2
info: Vsa/Sim/rows/CallCruxMarshal2.lean:99:0: 'Vsa.Sim.define_frames_getElem_self' depends on axioms: [propext, Quot.sound]
info: Vsa/Sim/rows/CallCruxMarshal2.lean:100:0: 'Vsa.Sim.define_frames_getElem_ne' depends on axioms: [propext, Quot.sound]
info: Vsa/Sim/rows/CallCruxMarshal2.lean:136:0: 'Vsa.Sim.storeDefineAdvance_of' depends on axioms: [propext, Classical.choice, Quot.sound]
info: Vsa/Sim/rows/CallCruxMarshal2.lean:153:0: 'Vsa.Sim.foldStoreAdvance_toStoreRepr' depends on axioms: [propext, Classical.choice, Quot.sound]
info: Vsa/Sim/rows/CallCruxMarshal2.lean:336:0: 'Vsa.Sim.foldDefineReturn_step' depends on axioms: [propext, Classical.choice, Quot.sound]
info: Vsa/Sim/rows/CallCruxMarshal2.lean:369:0: 'Vsa.Sim.callParamFoldSeamStep' depends on axioms: [propext, Classical.choice, Quot.sound]
ℹ [1331/1378] Replayed Vsa.Sim.rows.CallCruxMarshal3
info: Vsa/Sim/rows/CallCruxMarshal3.lean:67:0: 'Vsa.Sim.foldBackLoop_facts_last_false' depends on axioms: [propext, Classical.choice, Quot.sound]
info: Vsa/Sim/rows/CallCruxMarshal3.lean:85:0: 'Vsa.Sim.foldBackLoop5_facts_last_false' depends on axioms: [propext, Classical.choice, Quot.sound]
info: Vsa/Sim/rows/CallCruxMarshal3.lean:106:0: 'Vsa.Sim.foldDefineReturn_last_false' depends on axioms: [propext, Classical.choice, Quot.sound]
ℹ [1332/1378] Replayed Vsa.Sim.rows.CallCruxMarshal4
info: Vsa/Sim/rows/CallCruxMarshal4.lean:134:0: 'Vsa.Sim.bridgeOfSegOut' depends on axioms: [propext, Classical.choice, Quot.sound]
info: Vsa/Sim/rows/CallCruxMarshal4.lean:397:0: 'Vsa.Sim.valueNullHandoffSplice' depends on axioms: [propext, Classical.choice, Quot.sound]
info: Vsa/Sim/rows/CallCruxMarshal4.lean:555:0: 'Vsa.Sim.foldDefineExitReturn_step' depends on axioms: [propext, Classical.choice, Quot.sound]
info: Vsa/Sim/rows/CallCruxMarshal4.lean:606:0: 'Vsa.Sim.foldToHandoff_of' depends on axioms: [propext, Classical.choice, Quot.sound]
ℹ [1333/1378] Replayed Vsa.Sim.rows.ArmDispatchCombinator
info: Vsa/Sim/rows/ArmDispatchCombinator.lean:218:0: 'Vsa.Sim.evalArmDispatch_of_slot' depends on axioms: [propext, Classical.choice, Quot.sound]
ℹ [1334/1378] Replayed Vsa.Sim.rows.ArmDispatchCombinatorExec
info: Vsa/Sim/rows/ArmDispatchCombinatorExec.lean:288:0: 'Vsa.Sim.execArmDispatch_of_slot' depends on axioms: [propext, Classical.choice, Quot.sound]
ℹ [1335/1378] Replayed Vsa.Sim.rows.ArmDispatchInstancesEval
info: Vsa/Sim/rows/ArmDispatchInstancesEval.lean:63:0: 'Vsa.Sim.assignArmDispatch_of_resid' depends on axioms: [propext, Classical.choice, Quot.sound]
info: Vsa/Sim/rows/ArmDispatchInstancesEval.lean:79:0: 'Vsa.Sim.callArmDispatch_of_resid' depends on axioms: [propext, Classical.choice, Quot.sound]
ℹ [1336/1378] Replayed Vsa.Sim.rows.ArmDispatchInstancesExec
info: Vsa/Sim/rows/ArmDispatchInstancesExec.lean:85:0: 'Vsa.Sim.stmtExprArmDispatch_of_resid' depends on axioms: [propext, Classical.choice, Quot.sound]
info: Vsa/Sim/rows/ArmDispatchInstancesExec.lean:111:0: 'Vsa.Sim.stmtRetArmDispatch_of_resid' depends on axioms: [propext, Classical.choice, Quot.sound]
info: Vsa/Sim/rows/ArmDispatchInstancesExec.lean:138:0: 'Vsa.Sim.stmtVarInitArmDispatch_of_resid' depends on axioms: [propext, Classical.choice, Quot.sound]
info: Vsa/Sim/rows/ArmDispatchInstancesExec.lean:181:0: 'Vsa.Sim.stmtIfCondArmDispatch_of_resid' depends on axioms: [propext, Classical.choice, Quot.sound]
info: Vsa/Sim/rows/ArmDispatchInstancesExec.lean:213:0: 'Vsa.Sim.stmtWhileCondArmDispatch_of_resid' depends on axioms: [propext, Classical.choice, Quot.sound]
ℹ [1337/1378] Replayed Vsa.Sim.ArmSegSplitTwins
info: Vsa/Sim/ArmSegSplitTwins.lean:134:0: 'Vsa.Sim.sEntryC_false_at_dispatchHead' depends on axioms: [propext, Classical.choice, Quot.sound]
info: Vsa/Sim/ArmSegSplitTwins.lean:245:0: 'Vsa.Sim.gregsHopInto_of_jx0Site' depends on axioms: [propext, Classical.choice, Quot.sound]
info: Vsa/Sim/ArmSegSplitTwins.lean:246:0: 'Vsa.Sim.gregsHopInto_of_branchTakenSite' depends on axioms: [propext, Classical.choice, Quot.sound]
info: Vsa/Sim/ArmSegSplitTwins.lean:247:0: 'Vsa.Sim.stepInto_of_jalrSite' depends on axioms: [propext, Classical.choice, Quot.sound]
info: Vsa/Sim/ArmSegSplitTwins.lean:350:0: 'Vsa.Sim.execEntry_of_jTailRedispatch' depends on axioms: [propext, Classical.choice, Quot.sound]
info: Vsa/Sim/ArmSegSplitTwins.lean:407:0: 'Vsa.Sim.landedN_sDispatchC_of_preBundle' depends on axioms: [propext, Classical.choice, Quot.sound]
info: Vsa/Sim/ArmSegSplitTwins.lean:420:0: 'Vsa.Sim.execTailChildSplit_of_stage' depends on axioms: [propext, Classical.choice, Quot.sound]
info: Vsa/Sim/ArmSegSplitTwins.lean:435:0: 'Vsa.Sim.stmtIfThen_splitT' depends on axioms: [propext, Classical.choice, Quot.sound]
info: Vsa/Sim/ArmSegSplitTwins.lean:449:0: 'Vsa.Sim.stmtIfElse_splitT' depends on axioms: [propext, Classical.choice, Quot.sound]
info: Vsa/Sim/ArmSegSplitTwins.lean:495:0: 'Vsa.Sim.segPreBundleB_of_jal' depends on axioms: [propext, Classical.choice, Quot.sound]
info: Vsa/Sim/ArmSegSplitTwins.lean:530:0: 'Vsa.Sim.landedN_segEntry_of_preBundleB' depends on axioms: [propext, Classical.choice, Quot.sound]
info: Vsa/Sim/ArmSegSplitTwins.lean:543:0: 'Vsa.Sim.landedN_aEntryC_of_preBundleB' depends on axioms: [propext, Classical.choice, Quot.sound]
info: Vsa/Sim/ArmSegSplitTwins.lean:556:0: 'Vsa.Sim.landedN_cEntryC_of_preBundleB' depends on axioms: [propext, Classical.choice, Quot.sound]
info: Vsa/Sim/ArmSegSplitTwins.lean:569:0: 'Vsa.Sim.landedN_fEntryC_of_preBundleB' depends on axioms: [propext, Classical.choice, Quot.sound]
info: Vsa/Sim/ArmSegSplitTwins.lean:608:0: 'Vsa.Sim.argsChildSplit_of_stageB' depends on axioms: [propext, Classical.choice, Quot.sound]
info: Vsa/Sim/ArmSegSplitTwins.lean:609:0: 'Vsa.Sim.calleeChildSplit_of_stageB' depends on axioms: [propext, Classical.choice, Quot.sound]
info: Vsa/Sim/ArmSegSplitTwins.lean:610:0: 'Vsa.Sim.forChildSplit_of_stageB' depends on axioms: [propext, Classical.choice, Quot.sound]
info: Vsa/Sim/ArmSegSplitTwins.lean:622:0: 'Vsa.Sim.callArgs_splitB' depends on axioms: [propext, Classical.choice, Quot.sound]
info: Vsa/Sim/ArmSegSplitTwins.lean:633:0: 'Vsa.Sim.argsTail_splitB' depends on axioms: [propext, Classical.choice, Quot.sound]
info: Vsa/Sim/ArmSegSplitTwins.lean:648:0: 'Vsa.Sim.callC_splitB' depends on axioms: [propext, Classical.choice, Quot.sound]
info: Vsa/Sim/ArmSegSplitTwins.lean:667:0: 'Vsa.Sim.stmtForLoop_splitB' depends on axioms: [propext, Classical.choice, Quot.sound]
info: Vsa/Sim/ArmSegSplitTwins.lean:685:0: 'Vsa.Sim.flLoop_splitB' depends on axioms: [propext, Classical.choice, Quot.sound]
info: Vsa/Sim/ArmSegSplitTwins.lean:708:0: 'Vsa.Sim.flStep_split'' depends on axioms: [propext, Classical.choice, Quot.sound]
ℹ [1338/1378] Replayed Vsa.Sim.rows.StmtIfThenArmStagePre
info: Vsa/Sim/rows/StmtIfThenArmStagePre.lean:118:0: 'Vsa.Sim.stmtIfThenTailRow' depends on axioms: [propext, Classical.choice, Quot.sound]
info: Vsa/Sim/rows/StmtIfThenArmStagePre.lean:132:0: 'Vsa.Sim.stmtIfThenTail_a4_computed' depends on axioms: [propext, Quot.sound]
info: Vsa/Sim/rows/StmtIfThenArmStagePre.lean:152:0: 'Vsa.Sim.stmtIfThenTail_target_not_sEntryC' depends on axioms: [propext, Classical.choice, Quot.sound]
info: Vsa/Sim/rows/StmtIfThenArmStagePre.lean:219:0: 'Vsa.Sim.stmtIfThen_tailField_of_dispatch' depends on axioms: [propext, Classical.choice, Quot.sound]
info: Vsa/Sim/rows/StmtIfThenArmStagePre.lean:237:0: 'Vsa.Sim.stmtIfThen_amended_of_dispatch' depends on axioms: [propext, Classical.choice, Quot.sound]
ℹ [1339/1378] Replayed Vsa.Sim.rows.FlStepArmStagePre
info: Vsa/Sim/rows/FlStepArmStagePre.lean:120:0: 'Vsa.Sim.flStepBridge' depends on axioms: [propext, Classical.choice, Quot.sound]
info: Vsa/Sim/rows/FlStepArmStagePre.lean:181:0: 'Vsa.Sim.flStep_stageField_of_dispatch' depends on axioms: [propext, Classical.choice, Quot.sound]
info: Vsa/Sim/rows/FlStepArmStagePre.lean:200:0: 'Vsa.Sim.flStep_field_of_dispatch' depends on axioms: [propext, Classical.choice, Quot.sound]
ℹ [1340/1378] Replayed Vsa.Sim.rows.StmtForLoopSegPreB
info: Vsa/Sim/rows/StmtForLoopSegPreB.lean:94:0: 'Vsa.Sim.forLoopSegPreB_of_inv' depends on axioms: [propext, Classical.choice, Quot.sound]
info: Vsa/Sim/rows/StmtForLoopSegPreB.lean:128:0: 'Vsa.Sim.stmtForLoop_field_of_dispatch' depends on axioms: [propext, Classical.choice, Quot.sound]
ℹ [1341/1378] Replayed Vsa.Sim.rows.ValuePrintArms
info: Vsa/Sim/rows/ValuePrintArms.lean:317:0: 'Vsa.Sim.vpIntArmRow' depends on axioms: [propext, Classical.choice, Quot.sound]
info: Vsa/Sim/rows/ValuePrintArms.lean:318:0: 'Vsa.Sim.vpStrArmRow' depends on axioms: [propext, Classical.choice, Quot.sound]
info: Vsa/Sim/rows/ValuePrintArms.lean:319:0: 'Vsa.Sim.vpNativeArmRow' depends on axioms: [propext, Classical.choice, Quot.sound]
info: Vsa/Sim/rows/ValuePrintArms.lean:320:0: 'Vsa.Sim.vpNullArmRow' depends on axioms: [propext, Classical.choice, Quot.sound]
info: Vsa/Sim/rows/ValuePrintArms.lean:321:0: 'Vsa.Sim.vpBoolTrueArmRow' depends on axioms: [propext, Classical.choice, Quot.sound]
info: Vsa/Sim/rows/ValuePrintArms.lean:322:0: 'Vsa.Sim.vpBoolFalseArmRow' depends on axioms: [propext, Classical.choice, Quot.sound]
info: Vsa/Sim/rows/ValuePrintArms.lean:323:0: 'Vsa.Sim.vpClosureArmRow' depends on axioms: [propext, Classical.choice, Quot.sound]
ℹ [1343/1378] Replayed Vsa.Sim.FnSummary
info: Vsa/Sim/FnSummary.lean:112:0: 'Vsa.Sim.FnSummary.weaken' depends on axioms: [propext, Classical.choice, Quot.sound]
info: Vsa/Sim/FnSummary.lean:113:0: 'Vsa.Sim.FnSummary.seq' depends on axioms: [propext, Classical.choice, Quot.sound]
info: Vsa/Sim/FnSummary.lean:114:0: 'Vsa.Sim.FnSummary.callSplice' depends on axioms: [propext, Classical.choice, Quot.sound]
info: Vsa/Sim/FnSummary.lean:115:0: 'Vsa.Sim.tailJump_of_summary' depends on axioms: [propext, Classical.choice, Quot.sound]
info: Vsa/Sim/FnSummary.lean:116:0: 'Vsa.Sim.FnSummary.tailJump' depends on axioms: [propext, Classical.choice, Quot.sound]
ℹ [1344/1378] Replayed Vsa.Sim.SegToTripleFramed
info: Vsa/Sim/SegToTripleFramed.lean:69:0: 'Vsa.Sim.segToTripleFramed' depends on axioms: [propext, Classical.choice, Quot.sound]
info: Vsa/Sim/SegToTripleFramed.lean:214:0: 'Vsa.Sim.segRowFramed' depends on axioms: [propext, Classical.choice, Quot.sound]
ℹ [1345/1378] Replayed Vsa.Sim.HtifStepObs
info: Vsa/Sim/HtifStepObs.lean:898:0: 'Vsa.Sim.goodstate_sigmaPutcharFinal' depends on axioms: [propext, Classical.choice, Quot.sound]
info: Vsa/Sim/HtifStepObs.lean:899:0: 'Vsa.Sim.goodstate_sigmaTick_putchar' depends on axioms: [propext, Classical.choice, Quot.sound]
info: Vsa/Sim/HtifStepObs.lean:900:0: 'Vsa.Sim.try_step_tohost_putchar' depends on axioms: [propext, Classical.choice, Quot.sound]
info: Vsa/Sim/HtifStepObs.lean:901:0: 'Vsa.Sim.stepOnce_tohost_putchar_notick' depends on axioms: [propext, Classical.choice, Quot.sound]
info: Vsa/Sim/HtifStepObs.lean:902:0: 'Vsa.Sim.stepOnce_tohost_putchar_tick' depends on axioms: [propext, Classical.choice, Quot.sound]
info: Vsa/Sim/HtifStepObs.lean:903:0: 'Vsa.Sim.step_tohost_putchar_notick' depends on axioms: [propext, Classical.choice, Quot.sound]
info: Vsa/Sim/HtifStepObs.lean:904:0: 'Vsa.Sim.step_tohost_putchar_tick' depends on axioms: [propext, Classical.choice, Quot.sound]
info: Vsa/Sim/HtifStepObs.lean:905:0: 'Vsa.Sim.stepObs_tohost_putchar' depends on axioms: [propext, Classical.choice, Quot.sound]
ℹ [1346/1378] Replayed Vsa.Sim.rows.FnWrite
info: Vsa/Sim/rows/FnWrite.lean:55:0: 'Vsa.Sim.writeX003cTRow' depends on axioms: [propext, Classical.choice, Quot.sound]
info: Vsa/Sim/rows/FnWrite.lean:88:0: 'Vsa.Sim.writeX003cFRow' depends on axioms: [propext, Classical.choice, Quot.sound]
info: Vsa/Sim/rows/FnWrite.lean:123:0: 'Vsa.Sim.writeX0040Row' depends on axioms: [propext, Classical.choice, Quot.sound]
info: Vsa/Sim/rows/FnWrite.lean:159:0: 'Vsa.Sim.writeX004cRow' depends on axioms: [propext, Classical.choice, Quot.sound]
info: Vsa/Sim/rows/FnWrite.lean:193:0: 'Vsa.Sim.writeX0060TRow' depends on axioms: [propext, Classical.choice, Quot.sound]
info: Vsa/Sim/rows/FnWrite.lean:227:0: 'Vsa.Sim.writeX0060FRow' depends on axioms: [propext, Classical.choice, Quot.sound]
ℹ [1347/1378] Replayed Vsa.Sim.rows.FnWriteFold
info: Vsa/Sim/rows/FnWriteFold.lean:871:0: 'Vsa.Sim.write_summary' depends on axioms: [propext, Classical.choice, Quot.sound]
ℹ [1348/1378] Replayed Vsa.Sim.rows.FnWriteR
info: Vsa/Sim/rows/FnWriteR.lean:63:0: 'Vsa.Sim.write_rX04fcRow' depends on axioms: [propext, Classical.choice, Quot.sound]
info: Vsa/Sim/rows/FnWriteR.lean:96:0: 'Vsa.Sim.write_rX0524TRow' depends on axioms: [propext, Classical.choice, Quot.sound]
info: Vsa/Sim/rows/FnWriteR.lean:129:0: 'Vsa.Sim.write_rX0524FRow' depends on axioms: [propext, Classical.choice, Quot.sound]
info: Vsa/Sim/rows/FnWriteR.lean:172:0: 'Vsa.Sim.write_rX053cTRow' depends on axioms: [propext, Classical.choice, Quot.sound]
info: Vsa/Sim/rows/FnWriteR.lean:205:0: 'Vsa.Sim.write_rX053cFRow' depends on axioms: [propext, Classical.choice, Quot.sound]
ℹ [1349/1378] Replayed Vsa.Sim.rows.FnWriteRFold
info: Vsa/Sim/rows/FnWriteRFold.lean:950:0: 'Vsa.Sim.write_r_summary' depends on axioms: [propext, Classical.choice, Quot.sound]
ℹ [1350/1378] Replayed Vsa.Sim.rows.FnSwrite
info: Vsa/Sim/rows/FnSwrite.lean:63:0: 'Vsa.Sim.swriteXefd4TRow' depends on axioms: [propext, Classical.choice, Quot.sound]
info: Vsa/Sim/rows/FnSwrite.lean:104:0: 'Vsa.Sim.swriteXefd4FRow' depends on axioms: [propext, Classical.choice, Quot.sound]
info: Vsa/Sim/rows/FnSwrite.lean:147:0: 'Vsa.Sim.swriteXeff8Row' depends on axioms: [propext, Classical.choice, Quot.sound]
info: Vsa/Sim/rows/FnSwrite.lean:186:0: 'Vsa.Sim.swriteXf024Row' depends on axioms: [propext, Classical.choice, Quot.sound]
info: Vsa/Sim/rows/FnSwrite.lean:223:0: 'Vsa.Sim.swriteXf044Row' depends on axioms: [propext, Classical.choice, Quot.sound]
ℹ [1351/1378] Replayed Vsa.Sim.rows.FnSwriteFold
info: Vsa/Sim/rows/FnSwriteFold.lean:832:0: 'Vsa.Sim.swrite_summary' depends on axioms: [propext, Classical.choice, Quot.sound]
ℹ [1356/1378] Replayed Vsa.Sim.rows.FnLockStubsFold
info: Vsa/Sim/rows/FnLockStubsFold.lean:124:0: 'Vsa.Sim.lockAcquire_summary' depends on axioms: [propext, Classical.choice, Quot.sound]
info: Vsa/Sim/rows/FnLockStubsFold.lean:181:0: 'Vsa.Sim.lockRelease_summary' depends on axioms: [propext, Classical.choice, Quot.sound]
ℹ [1358/1378] Replayed Vsa.Sim.rows.FnSfvwrite_r
info: Vsa/Sim/rows/FnSfvwrite_r.lean:55:0: 'Vsa.Sim.sfvwrite_rXde8cFRow' depends on axioms: [propext, Classical.choice, Quot.sound]
info: Vsa/Sim/rows/FnSfvwrite_r.lean:98:0: 'Vsa.Sim.sfvwrite_rXde94FRow' depends on axioms: [propext, Classical.choice, Quot.sound]
info: Vsa/Sim/rows/FnSfvwrite_r.lean:131:0: 'Vsa.Sim.sfvwrite_rXdec0FRow' depends on axioms: [propext, Classical.choice, Quot.sound]
info: Vsa/Sim/rows/FnSfvwrite_r.lean:170:0: 'Vsa.Sim.sfvwrite_rXdec8FRow' depends on axioms: [propext, Classical.choice, Quot.sound]
info: Vsa/Sim/rows/FnSfvwrite_r.lean:205:0: 'Vsa.Sim.sfvwrite_rXdee4Row' depends on axioms: [propext, Classical.choice, Quot.sound]
info: Vsa/Sim/rows/FnSfvwrite_r.lean:240:0: 'Vsa.Sim.sfvwrite_rXdef4TRow' depends on axioms: [propext, Classical.choice, Quot.sound]
info: Vsa/Sim/rows/FnSfvwrite_r.lean:275:0: 'Vsa.Sim.sfvwrite_rXdef4FRow' depends on axioms: [propext, Classical.choice, Quot.sound]
info: Vsa/Sim/rows/FnSfvwrite_r.lean:309:0: 'Vsa.Sim.sfvwrite_rXdf00TRow' depends on axioms: [propext, Classical.choice, Quot.sound]
info: Vsa/Sim/rows/FnSfvwrite_r.lean:344:0: 'Vsa.Sim.sfvwrite_rXdf10Row' depends on axioms: [propext, Classical.choice, Quot.sound]
info: Vsa/Sim/rows/FnSfvwrite_r.lean:377:0: 'Vsa.Sim.sfvwrite_rXdf20FRow' depends on axioms: [propext, Classical.choice, Quot.sound]
info: Vsa/Sim/rows/FnSfvwrite_r.lean:415:0: 'Vsa.Sim.sfvwrite_rXdf24FRow' depends on axioms: [propext, Classical.choice, Quot.sound]
info: Vsa/Sim/rows/FnSfvwrite_r.lean:451:0: 'Vsa.Sim.sfvwrite_rXdf3cRow' depends on axioms: [propext, Classical.choice, Quot.sound]
info: Vsa/Sim/rows/FnSfvwrite_r.lean:498:0: 'Vsa.Sim.sfvwrite_rXe0bcRow' depends on axioms: [propext, Classical.choice, Quot.sound]
ℹ [1359/1378] Replayed Vsa.Sim.rows.TransportSfvwrite_r
info: Vsa/Sim/rows/TransportSfvwrite_r.lean:1371:0: 'Vsa.Sim.Code.sfvwrite_rLoaded_of_agree_lo' depends on axioms: [propext, Classical.choice, Quot.sound]
⚠ [1360/1378] Replayed Vsa.Sim.rows.FnSfvwriteFold
warning: Vsa/Sim/rows/FnSfvwriteFold.lean:253:32: unused variable `hg`

Note: This linter can be disabled with `set_option linter.unusedVariables false`
warning: Vsa/Sim/rows/FnSfvwriteFold.lean:277:36: unused variable `hg`

Note: This linter can be disabled with `set_option linter.unusedVariables false`
warning: Vsa/Sim/rows/FnSfvwriteFold.lean:1035:34: unused variable `hg`

Note: This linter can be disabled with `set_option linter.unusedVariables false`
warning: Vsa/Sim/rows/FnSfvwriteFold.lean:1041:35: unused variable `hg`

Note: This linter can be disabled with `set_option linter.unusedVariables false`
warning: Vsa/Sim/rows/FnSfvwriteFold.lean:1295:10: This simp argument is unused:
  sfvE_s1

Hint: Omit it from the simp argument list.
  simp only [sfvLog1, sfvLog2, sfvE_s0, sfvE_s4,
  ̲  ̲ ̲ ̲ ̲ ̲ ̲ ̲ ̲ ̲sfvE_s5, sfvE_ra, s̵f̵v̵E̵_̵s̵1̵,̵ ̵sfvE_s2, sfvE_s3, sfvE_s6, List.cons_append, List.nil_append]

Note: This linter can be disabled with `set_option linter.unusedSimpArgs false`
warning: Vsa/Sim/rows/FnSfvwriteFold.lean:1326:19: This simp argument is unused:
  sfvE_s2

Hint: Omit it from the simp argument list.
  simp only [sfvLog1, sfvLog2, sfvE_s0, sfvE_s4, sfvE_s5,
  ̲  ̲ ̲ ̲ ̲ ̲ ̲ ̲ ̲ ̲sfvE_ra, sfvE_s1, s̵f̵v̵E̵_̵s̵2̵,̵ ̵sfvE_s3, sfvE_s6, List.cons_append, List.nil_append]

Note: This linter can be disabled with `set_option linter.unusedSimpArgs false`
warning: Vsa/Sim/rows/FnSfvwriteFold.lean:1356:28: This simp argument is unused:
  sfvE_s3

Hint: Omit it from the simp argument list.
  simp only [sfvLog1, sfvLog2, sfvE_s0, sfvE_s4, sfvE_s5, sfvE_ra,
            sfvE_s1, sfvE_s2, sfvE_s3̵,̵ ̵s̵f̵v̵E̵_̵s̵6, List.cons_append, List.nil_append]

Note: This linter can be disabled with `set_option linter.unusedSimpArgs false`
warning: Vsa/Sim/rows/FnSfvwriteFold.lean:1386:37: This simp argument is unused:
  sfvE_s6

Hint: Omit it from the simp argument list.
  simp only [sfvLog1, sfvLog2, sfvE_s0, sfvE_s4, sfvE_s5, sfvE_ra,
             ̲sfvE_s1, sfvE_s2, sfvE_s3, s̵f̵v̵E̵_̵s̵6̵,̵ ̵List.cons_append, List.nil_append]

Note: This linter can be disabled with `set_option linter.unusedSimpArgs false`
warning: Vsa/Sim/rows/FnSfvwriteFold.lean:1421:117: This simp argument is unused:
  sfvE_ra

Hint: Omit it from the simp argument list.
  simp only [sfvLog1, sfvLog2, sfvE_s0,
  ̲  ̲ ̲ ̲ ̲ ̲ ̲ ̲ ̲ ̲sfvE_s4, sfvE_s5, s̵f̵v̵E̵_̵r̵a̵,̵sfvE_s1, sfvE_s2, sfvE_s3, sfvE_s6, List.cons_append, List.nil_append]

Note: This linter can be disabled with `set_option linter.unusedSimpArgs false`
warning: Vsa/Sim/rows/FnSfvwriteFold.lean:1452:57: This simp argument is unused:
  sfvE_s0

Hint: Omit it from the simp argument list.
  simp only [sfvLog1, sfvLog2, s̵f̵v̵E̵_̵s̵0̵,̵ ̵sfvE_s4, sfvE_s5, sfvE_ra, sfvE_s1,
  ̲  ̲ ̲ ̲ ̲ ̲ ̲ ̲ ̲ ̲ ̲sfvE_s2, sfvE_s3, sfvE_s6, List.cons_append, List.nil_append]

Note: This linter can be disabled with `set_option linter.unusedSimpArgs false`
warning: Vsa/Sim/rows/FnSfvwriteFold.lean:1483:54: This simp argument is unused:
  sfvE_s4

Hint: Omit it from the simp argument list.
  simp only [sfvLog1, sfvLog2, sfvE_s0, s̵f̵v̵E̵_̵s̵4̵,̵ ̵sfvE_s5, sfvE_ra, sfvE_s1, sfvE_s2, sfvE_s3,
  ̲  ̲ ̲ ̲ ̲ ̲ ̲ ̲ ̲ ̲sfvE_s6, List.cons_append, List.nil_append]

Note: This linter can be disabled with `set_option linter.unusedSimpArgs false`
warning: Vsa/Sim/rows/FnSfvwriteFold.lean:1513:63: This simp argument is unused:
  sfvE_s5

Hint: Omit it from the simp argument list.
  simp only [sfvLog1, sfvLog2, sfvE_s0, sfvE_s4, s̵f̵v̵E̵_̵s̵5̵,̵ ̵sfvE_ra, sfvE_s1, sfvE_s2, sfvE_s3,
  ̲  ̲ ̲ ̲ ̲ ̲ ̲ ̲ ̲ ̲sfvE_s6, List.cons_append, List.nil_append]

Note: This linter can be disabled with `set_option linter.unusedSimpArgs false`
info: Vsa/Sim/rows/FnSfvwriteFold.lean:2784:0: 'Vsa.Sim.sfvwrite_unbuf_summary' depends on axioms: [propext, Classical.choice, Quot.sound]
ℹ [1362/1378] Replayed Vsa.Sim.rows.Field_hInt
info: Vsa/Sim/rows/Field_hInt.lean:46:0: 'Vsa.Sim.Rows.field_hInt' depends on axioms: [propext, Classical.choice, Quot.sound]
info: Vsa/Sim/rows/Field_hInt.lean:47:0: 'Vsa.Sim.Rows.skelHInt_discharged' depends on axioms: [propext, Classical.choice, Quot.sound]
ℹ [1363/1378] Replayed Vsa.Sim.rows.Field_hNull
info: Vsa/Sim/rows/Field_hNull.lean:84:0: 'Vsa.Sim.Rows.field_hNull_of_geom' depends on axioms: [propext, Classical.choice, Quot.sound]
info: Vsa/Sim/rows/Field_hNull.lean:85:0: 'Vsa.Sim.Rows.field_hNull' depends on axioms: [propext, Classical.choice, Quot.sound]
info: Vsa/Sim/rows/Field_hNull.lean:86:0: 'Vsa.Sim.Rows.skelHNull_discharged' depends on axioms: [propext, Classical.choice, Quot.sound]
ℹ [1364/1378] Replayed Vsa.Sim.rows.Field_hBool
info: Vsa/Sim/rows/Field_hBool.lean:74:0: 'Vsa.Sim.Rows.field_hBool_of_geom' depends on axioms: [propext, Classical.choice, Quot.sound]
info: Vsa/Sim/rows/Field_hBool.lean:75:0: 'Vsa.Sim.Rows.field_hBool' depends on axioms: [propext, Classical.choice, Quot.sound]
info: Vsa/Sim/rows/Field_hBool.lean:76:0: 'Vsa.Sim.Rows.skelHBool_discharged' depends on axioms: [propext, Classical.choice, Quot.sound]
ℹ [1365/1378] Replayed Vsa.Sim.rows.Field_hStr
info: Vsa/Sim/rows/Field_hStr.lean:176:0: 'Vsa.Sim.Rows.field_hStr_of_geom' depends on axioms: [propext, Classical.choice, Quot.sound]
info: Vsa/Sim/rows/Field_hStr.lean:177:0: 'Vsa.Sim.Rows.field_hStr_of_payload' depends on axioms: [propext, Classical.choice, Quot.sound]
info: Vsa/Sim/rows/Field_hStr.lean:178:0: 'Vsa.Sim.Rows.strPayloadGeom_of_astRegion' depends on axioms: [propext, Classical.choice, Quot.sound]
info: Vsa/Sim/rows/Field_hStr.lean:179:0: 'Vsa.Sim.Rows.field_hStr_of_astRegion' depends on axioms: [propext, Classical.choice, Quot.sound]
ℹ [1366/1378] Replayed Vsa.Sim.RepackTac
info: Vsa/Sim/RepackTac.lean:202:0: 'Vsa.Sim.repackDemoA' does not depend on any axioms
info: Vsa/Sim/RepackTac.lean:203:0: 'Vsa.Sim.repackDemoB' depends on axioms: [propext, Classical.choice, Quot.sound]
info: Vsa/Sim/RepackTac.lean:204:0: 'Vsa.Sim.repackDemoC' depends on axioms: [propext, Classical.choice, Quot.sound]
ℹ [1367/1378] Replayed Vsa.Sim.rows.ErrSegCrt0
info: Vsa/Sim/rows/ErrSegCrt0.lean:163:0: 'Vsa.Sim.crt0ExitSeg_of' depends on axioms: [propext, Classical.choice, Quot.sound]
ℹ [1368/1378] Replayed Vsa.Sim.rows.ErrSegMain
info: Vsa/Sim/rows/ErrSegMain.lean:286:0: 'Vsa.Sim.mainErrorSeg_of' depends on axioms: [propext, Classical.choice, Quot.sound]
ℹ [1369/1378] Replayed Vsa.Sim.rows.CallCruxMarshal5
info: Vsa/Sim/rows/CallCruxMarshal5.lean:121:0: 'Vsa.Sim.segExitJoin_frame_x8_false' depends on axioms: [propext, Classical.choice, Quot.sound]
info: Vsa/Sim/rows/CallCruxMarshal5.lean:195:0: 'Vsa.Sim.normalDepthBridgeOut' depends on axioms: [propext, Classical.choice, Quot.sound]
info: Vsa/Sim/rows/CallCruxMarshal5.lean:236:0: 'Vsa.Sim.normalJoinRowOut' depends on axioms: [propext, Classical.choice, Quot.sound]
⚠ [1370/1378] Replayed Vsa.Sim.rows.StoreWF
warning: Vsa/Sim/rows/StoreWF.lean:339:7: unused variable `hcb`

Note: This linter can be disabled with `set_option linter.unusedVariables false`
warning: Vsa/Sim/rows/StoreWF.lean:340:7: unused variable `hvs`

Note: This linter can be disabled with `set_option linter.unusedVariables false`
warning: Vsa/Sim/rows/StoreWF.lean:832:8: unused variable `st`

Note: This linter can be disabled with `set_option linter.unusedVariables false`
warning: Vsa/Sim/rows/StoreWF.lean:832:11: unused variable `d`

Note: This linter can be disabled with `set_option linter.unusedVariables false`
warning: Vsa/Sim/rows/StoreWF.lean:832:13: unused variable `a`

Note: This linter can be disabled with `set_option linter.unusedVariables false`
warning: Vsa/Sim/rows/StoreWF.lean:832:15: unused variable `e`

Note: This linter can be disabled with `set_option linter.unusedVariables false`
warning: Vsa/Sim/rows/StoreWF.lean:832:17: unused variable `st'`

Note: This linter can be disabled with `set_option linter.unusedVariables false`
warning: Vsa/Sim/rows/StoreWF.lean:832:21: unused variable `v`

Note: This linter can be disabled with `set_option linter.unusedVariables false`
warning: Vsa/Sim/rows/StoreWF.lean:833:8: unused variable `st`

Note: This linter can be disabled with `set_option linter.unusedVariables false`
warning: Vsa/Sim/rows/StoreWF.lean:833:11: unused variable `d`

Note: This linter can be disabled with `set_option linter.unusedVariables false`
warning: Vsa/Sim/rows/StoreWF.lean:833:13: unused variable `a`

Note: This linter can be disabled with `set_option linter.unusedVariables false`
warning: Vsa/Sim/rows/StoreWF.lean:833:15: unused variable `es`

Note: This linter can be disabled with `set_option linter.unusedVariables false`
warning: Vsa/Sim/rows/StoreWF.lean:833:18: unused variable `st'`

Note: This linter can be disabled with `set_option linter.unusedVariables false`
warning: Vsa/Sim/rows/StoreWF.lean:833:22: unused variable `vs`

Note: This linter can be disabled with `set_option linter.unusedVariables false`
warning: Vsa/Sim/rows/StoreWF.lean:834:8: unused variable `st`

Note: This linter can be disabled with `set_option linter.unusedVariables false`
warning: Vsa/Sim/rows/StoreWF.lean:834:11: unused variable `d`

Note: This linter can be disabled with `set_option linter.unusedVariables false`
warning: Vsa/Sim/rows/StoreWF.lean:834:13: unused variable `fv`

Note: This linter can be disabled with `set_option linter.unusedVariables false`
warning: Vsa/Sim/rows/StoreWF.lean:834:16: unused variable `vs`

Note: This linter can be disabled with `set_option linter.unusedVariables false`
warning: Vsa/Sim/rows/StoreWF.lean:834:19: unused variable `st'`

Note: This linter can be disabled with `set_option linter.unusedVariables false`
warning: Vsa/Sim/rows/StoreWF.lean:834:23: unused variable `v`

Note: This linter can be disabled with `set_option linter.unusedVariables false`
warning: Vsa/Sim/rows/StoreWF.lean:835:8: unused variable `st`

Note: This linter can be disabled with `set_option linter.unusedVariables false`
warning: Vsa/Sim/rows/StoreWF.lean:835:11: unused variable `d`

Note: This linter can be disabled with `set_option linter.unusedVariables false`
warning: Vsa/Sim/rows/StoreWF.lean:835:13: unused variable `a`

Note: This linter can be disabled with `set_option linter.unusedVariables false`
warning: Vsa/Sim/rows/StoreWF.lean:835:15: unused variable `s`

Note: This linter can be disabled with `set_option linter.unusedVariables false`
warning: Vsa/Sim/rows/StoreWF.lean:835:17: unused variable `st'`

Note: This linter can be disabled with `set_option linter.unusedVariables false`
warning: Vsa/Sim/rows/StoreWF.lean:835:21: unused variable `status`

Note: This linter can be disabled with `set_option linter.unusedVariables false`
warning: Vsa/Sim/rows/StoreWF.lean:836:8: unused variable `st`

Note: This linter can be disabled with `set_option linter.unusedVariables false`
warning: Vsa/Sim/rows/StoreWF.lean:836:11: unused variable `d`

Note: This linter can be disabled with `set_option linter.unusedVariables false`
warning: Vsa/Sim/rows/StoreWF.lean:836:13: unused variable `a`

Note: This linter can be disabled with `set_option linter.unusedVariables false`
warning: Vsa/Sim/rows/StoreWF.lean:836:15: unused variable `init`

Note: This linter can be disabled with `set_option linter.unusedVariables false`
warning: Vsa/Sim/rows/StoreWF.lean:836:20: unused variable `st'`

Note: This linter can be disabled with `set_option linter.unusedVariables false`
warning: Vsa/Sim/rows/StoreWF.lean:837:8: unused variable `st`

Note: This linter can be disabled with `set_option linter.unusedVariables false`
warning: Vsa/Sim/rows/StoreWF.lean:837:11: unused variable `d`

Note: This linter can be disabled with `set_option linter.unusedVariables false`
warning: Vsa/Sim/rows/StoreWF.lean:837:13: unused variable `a`

Note: This linter can be disabled with `set_option linter.unusedVariables false`
warning: Vsa/Sim/rows/StoreWF.lean:837:15: unused variable `cnd`

Note: This linter can be disabled with `set_option linter.unusedVariables false`
warning: Vsa/Sim/rows/StoreWF.lean:837:19: unused variable `step`

Note: This linter can be disabled with `set_option linter.unusedVariables false`
warning: Vsa/Sim/rows/StoreWF.lean:837:24: unused variable `b`

Note: This linter can be disabled with `set_option linter.unusedVariables false`
warning: Vsa/Sim/rows/StoreWF.lean:837:26: unused variable `st'`

Note: This linter can be disabled with `set_option linter.unusedVariables false`
warning: Vsa/Sim/rows/StoreWF.lean:837:30: unused variable `status`

Note: This linter can be disabled with `set_option linter.unusedVariables false`
warning: Vsa/Sim/rows/StoreWF.lean:838:8: unused variable `st`

Note: This linter can be disabled with `set_option linter.unusedVariables false`
warning: Vsa/Sim/rows/StoreWF.lean:838:11: unused variable `d`

Note: This linter can be disabled with `set_option linter.unusedVariables false`
warning: Vsa/Sim/rows/StoreWF.lean:838:13: unused variable `a`

Note: This linter can be disabled with `set_option linter.unusedVariables false`
warning: Vsa/Sim/rows/StoreWF.lean:838:15: unused variable `cnd`

Note: This linter can be disabled with `set_option linter.unusedVariables false`
warning: Vsa/Sim/rows/StoreWF.lean:838:19: unused variable `st'`

Note: This linter can be disabled with `set_option linter.unusedVariables false`
warning: Vsa/Sim/rows/StoreWF.lean:839:8: unused variable `st`

Note: This linter can be disabled with `set_option linter.unusedVariables false`
warning: Vsa/Sim/rows/StoreWF.lean:839:11: unused variable `d`

Note: This linter can be disabled with `set_option linter.unusedVariables false`
warning: Vsa/Sim/rows/StoreWF.lean:839:13: unused variable `a`

Note: This linter can be disabled with `set_option linter.unusedVariables false`
warning: Vsa/Sim/rows/StoreWF.lean:839:15: unused variable `step`

Note: This linter can be disabled with `set_option linter.unusedVariables false`
warning: Vsa/Sim/rows/StoreWF.lean:839:20: unused variable `st'`

Note: This linter can be disabled with `set_option linter.unusedVariables false`
warning: Vsa/Sim/rows/StoreWF.lean:840:8: unused variable `st`

Note: This linter can be disabled with `set_option linter.unusedVariables false`
warning: Vsa/Sim/rows/StoreWF.lean:840:11: unused variable `d`

Note: This linter can be disabled with `set_option linter.unusedVariables false`
warning: Vsa/Sim/rows/StoreWF.lean:840:13: unused variable `a`

Note: This linter can be disabled with `set_option linter.unusedVariables false`
warning: Vsa/Sim/rows/StoreWF.lean:840:15: unused variable `ss`

Note: This linter can be disabled with `set_option linter.unusedVariables false`
warning: Vsa/Sim/rows/StoreWF.lean:840:18: unused variable `st'`

Note: This linter can be disabled with `set_option linter.unusedVariables false`
warning: Vsa/Sim/rows/StoreWF.lean:840:22: unused variable `status`

Note: This linter can be disabled with `set_option linter.unusedVariables false`
info: Vsa/Sim/rows/StoreWF.lean:903:0: 'Vsa.Sim.storeClosuresBounded_mutual' depends on axioms: [propext, Classical.choice, Quot.sound]
info: Vsa/Sim/rows/StoreWF.lean:904:0: 'Vsa.Sim.evalE_storeClosuresBounded' depends on axioms: [propext, Classical.choice, Quot.sound]
info: Vsa/Sim/rows/StoreWF.lean:905:0: 'Vsa.Sim.execSeq_storeClosuresBounded' depends on axioms: [propext, Classical.choice, Quot.sound]
info: Vsa/Sim/rows/StoreWF.lean:906:0: 'Vsa.Sim.storeClosuresBounded_initSt' depends on axioms: [propext, Quot.sound]
info: Vsa/Sim/rows/StoreWF.lean:907:0: 'Vsa.Sim.storeClosuresBounded_invariant' depends on axioms: [propext, Classical.choice, Quot.sound]
ℹ [1371/1378] Replayed Vsa.Sim.rows.LayoutVpTableGen
info: Vsa/Sim/rows/LayoutVpTableGen.lean:70:0: 'Vsa.Sim.LayoutVpTableGen.vpGroundSlot_0' depends on axioms: [propext, Classical.choice, Quot.sound]
info: Vsa/Sim/rows/LayoutVpTableGen.lean:85:0: 'Vsa.Sim.LayoutVpTableGen.vpGroundSlot_1' depends on axioms: [propext, Classical.choice, Quot.sound]
info: Vsa/Sim/rows/LayoutVpTableGen.lean:100:0: 'Vsa.Sim.LayoutVpTableGen.vpGroundSlot_2' depends on axioms: [propext, Classical.choice, Quot.sound]
info: Vsa/Sim/rows/LayoutVpTableGen.lean:115:0: 'Vsa.Sim.LayoutVpTableGen.vpGroundSlot_3' depends on axioms: [propext, Classical.choice, Quot.sound]
info: Vsa/Sim/rows/LayoutVpTableGen.lean:130:0: 'Vsa.Sim.LayoutVpTableGen.vpGroundSlot_4' depends on axioms: [propext, Classical.choice, Quot.sound]
info: Vsa/Sim/rows/LayoutVpTableGen.lean:145:0: 'Vsa.Sim.LayoutVpTableGen.vpGroundSlot_5' depends on axioms: [propext, Classical.choice, Quot.sound]
ℹ [1372/1378] Replayed Vsa.Sim.rows.CallArgsSegPreB
info: Vsa/Sim/rows/CallArgsSegPreB.lean:91:0: 'Vsa.Sim.gregsHopInto_of_branchNotTakenSite' depends on axioms: [propext, Classical.choice, Quot.sound]
info: Vsa/Sim/rows/CallArgsSegPreB.lean:134:0: 'Vsa.Sim.callArgsSegPreB_of_inv' depends on axioms: [propext, Classical.choice, Quot.sound]
info: Vsa/Sim/rows/CallArgsSegPreB.lean:164:0: 'Vsa.Sim.callArgs_field_of_dispatch' depends on axioms: [propext, Classical.choice, Quot.sound]
ℹ [1373/1378] Replayed Vsa.Sim.rows.SnprintfFrame
info: Vsa/Sim/rows/SnprintfFrame.lean:148:0: 'Vsa.Sim.SnprintfFrameContract.triple' depends on axioms: [propext, Classical.choice, Quot.sound]
info: Vsa/Sim/rows/SnprintfFrame.lean:149:0: 'Vsa.Sim.SnprintfFrameOut.read64_pres' depends on axioms: [propext, Classical.choice, Quot.sound]
ℹ [1374/1378] Replayed Vsa.Sim.rows.LayoutStmtTableGen
info: Vsa/Sim/rows/LayoutStmtTableGen.lean:59:0: 'Vsa.Sim.LayoutStmtTableGen.groundStmtSlot_0' depends on axioms: [propext, Classical.choice, Quot.sound]
info: Vsa/Sim/rows/LayoutStmtTableGen.lean:74:0: 'Vsa.Sim.LayoutStmtTableGen.groundStmtSlot_1' depends on axioms: [propext, Classical.choice, Quot.sound]
info: Vsa/Sim/rows/LayoutStmtTableGen.lean:89:0: 'Vsa.Sim.LayoutStmtTableGen.groundStmtSlot_2' depends on axioms: [propext, Classical.choice, Quot.sound]
info: Vsa/Sim/rows/LayoutStmtTableGen.lean:104:0: 'Vsa.Sim.LayoutStmtTableGen.groundStmtSlot_3' depends on axioms: [propext, Classical.choice, Quot.sound]
info: Vsa/Sim/rows/LayoutStmtTableGen.lean:119:0: 'Vsa.Sim.LayoutStmtTableGen.groundStmtSlot_4' depends on axioms: [propext, Classical.choice, Quot.sound]
info: Vsa/Sim/rows/LayoutStmtTableGen.lean:134:0: 'Vsa.Sim.LayoutStmtTableGen.groundStmtSlot_5' depends on axioms: [propext, Classical.choice, Quot.sound]
info: Vsa/Sim/rows/LayoutStmtTableGen.lean:149:0: 'Vsa.Sim.LayoutStmtTableGen.groundStmtSlot_6' depends on axioms: [propext, Classical.choice, Quot.sound]
info: Vsa/Sim/rows/LayoutStmtTableGen.lean:164:0: 'Vsa.Sim.LayoutStmtTableGen.groundStmtSlot_7' depends on axioms: [propext, Classical.choice, Quot.sound]
info: Vsa/Sim/rows/LayoutStmtTableGen.lean:179:0: 'Vsa.Sim.LayoutStmtTableGen.groundStmtSlot_8' depends on axioms: [propext, Classical.choice, Quot.sound]
ℹ [1375/1378] Replayed Vsa.Sim.rows.EntryGroundRows
info: Vsa/Sim/rows/EntryGroundRows.lean:202:0: 'Vsa.Sim.Rows.strAstRegionBody_of_ground' depends on axioms: [propext, Classical.choice, Quot.sound]
info: Vsa/Sim/rows/EntryGroundRows.lean:203:0: 'Vsa.Sim.Rows.field_hStr' depends on axioms: [propext, Classical.choice, Quot.sound]
info: Vsa/Sim/rows/EntryGroundRows.lean:204:0: 'Vsa.Sim.Rows.skelHStr_discharged' depends on axioms: [propext, Classical.choice, Quot.sound]
info: Vsa/Sim/rows/EntryGroundRows.lean:205:0: 'Vsa.Sim.Rows.execGround_caseGeom_brk' depends on axioms: [propext, Classical.choice, Quot.sound]
info: Vsa/Sim/rows/EntryGroundRows.lean:206:0: 'Vsa.Sim.Rows.execGround_caseGeom_cont' depends on axioms: [propext, Classical.choice, Quot.sound]
info: Vsa/Sim/rows/EntryGroundRows.lean:207:0: 'Vsa.Sim.Rows.stmtTablePins_of_bytes' depends on axioms: [propext, Classical.choice, Quot.sound]
info: Vsa/Sim/rows/EntryGroundRows.lean:208:0: 'Vsa.Sim.Rows.kindTablePins_of_bytes' depends on axioms: [propext, Classical.choice, Quot.sound]
⚠ [1376/1378] Replayed Vsa.Sim.rows.ExecLeafPin
warning: Vsa/Sim/rows/ExecLeafPin.lean:68:6: unused variable `st`

Note: This linter can be disabled with `set_option linter.unusedVariables false`
warning: Vsa/Sim/rows/ExecLeafPin.lean:75:6: unused variable `st`

Note: This linter can be disabled with `set_option linter.unusedVariables false`
info: Vsa/Sim/rows/ExecLeafPin.lean:92:0: 'Vsa.Sim.Rows.field_hSBrk' depends on axioms: [propext, Classical.choice, Quot.sound]
info: Vsa/Sim/rows/ExecLeafPin.lean:93:0: 'Vsa.Sim.Rows.field_hSCont' depends on axioms: [propext, Classical.choice, Quot.sound]
info: Vsa/Sim/rows/ExecLeafPin.lean:94:0: 'Vsa.Sim.Rows.skelHSBrk' depends on axioms: [propext, Classical.choice, Quot.sound]
info: Vsa/Sim/rows/ExecLeafPin.lean:95:0: 'Vsa.Sim.Rows.skelHSCont' depends on axioms: [propext, Classical.choice, Quot.sound]
Build completed successfully (1378 jobs).
== stage a: lake build SKIPPED (--skip-build)
== stage a3: generated term-case bundle
Vsa/Sim/TermCaseBundle.lean: up to date
== stage a4: proof-discipline gate (exponentiating layer mandatory for new files)
discipline: OK (9 rules, 751 grandfathered files)
stage a4: OK
== stage b: sorry / native_decide / axiom gate
stage b: scanned 1259 .lean files
stage b: OK
== stage c: #print axioms on the key spec theorems
stage c: 942/942 theorems audited, allowed = ['Classical.choice', 'Quot.sound', 'propext']
stage c: OK
check_all: OK
