0000006f	Vsa.Sim.DecodeTable.Batch01Part01
00000293	Vsa.Sim.DecodeTable.Batch01Part01
00000297	Vsa.Sim.DecodeTable.Batch01Part01
00000313	Vsa.Sim.DecodeTable.Batch01Part01
00000413	Vsa.Sim.DecodeTable.Batch01Part01
00000493	Vsa.Sim.DecodeTable.Batch01Part01
00000513	Vsa.Sim.DecodeTable.Batch01Part01
00000593	Vsa.Sim.DecodeTable.Batch01Part01
00000613	Vsa.Sim.DecodeTable.Batch01Part01
00000693	Vsa.Sim.DecodeTable.Batch01Part01
00000713	Vsa.Sim.DecodeTable.Batch01Part01
00000717	Vsa.Sim.DecodeTable.Batch01Part01
00000793	Vsa.Sim.DecodeTable.Batch01Part01
00000797	Vsa.Sim.DecodeTable.Batch01Part01
00000813	Vsa.Sim.DecodeTable.Batch01Part01
00000893	Vsa.Sim.DecodeTable.Batch01Part01
00000913	Vsa.Sim.DecodeTable.Batch01Part02
00000993	Vsa.Sim.DecodeTable.Batch01Part02
00000a13	Vsa.Sim.DecodeTable.Batch01Part02
00000a93	Vsa.Sim.DecodeTable.Batch01Part02
00000b13	Vsa.Sim.DecodeTable.Batch01Part02
00000b93	Vsa.Sim.DecodeTable.Batch01Part02
00000c13	Vsa.Sim.DecodeTable.Batch01Part02
00000c93	Vsa.Sim.DecodeTable.Batch01Part02
00000d13	Vsa.Sim.DecodeTable.Batch01Part02
00000d93	Vsa.Sim.DecodeTable.Batch01Part02
00000e13	Vsa.Sim.DecodeTable.Batch01Part02
00000e93	Vsa.Sim.DecodeTable.Batch01Part02
00000f13	Vsa.Sim.DecodeTable.Batch01Part02
00000f93	Vsa.Sim.DecodeTable.Batch01Part02
000016b7	Vsa.Sim.DecodeTable.Batch01Part02
00001737	Vsa.Sim.DecodeTable.Batch01Part02
000017b7	Vsa.Sim.DecodeTable.Batch01Part03
000025b7	Vsa.Sim.DecodeTable.Batch01Part03
00002637	Vsa.Sim.DecodeTable.Batch01Part03
00002737	Vsa.Sim.DecodeTable.Batch01Part03
00002797	Vsa.Sim.DecodeTable.Batch01Part03
00003597	Vsa.Sim.DecodeTable.Batch01Part03
00003697	Vsa.Sim.DecodeTable.Batch01Part03
00003e17	Vsa.Sim.DecodeTable.Batch01Part03
00004797	Vsa.Sim.DecodeTable.Batch01Part03
00005597	Vsa.Sim.DecodeTable.Batch01Part03
00005797	Vsa.Sim.DecodeTable.Batch01Part03
00005a17	Vsa.Sim.DecodeTable.Batch01Part03
00005b17	Vsa.Sim.DecodeTable.Batch01Part03
00005b97	Vsa.Sim.DecodeTable.Batch01Part03
00005c97	Vsa.Sim.DecodeTable.Batch01Part03
00005f97	Vsa.Sim.DecodeTable.Batch01Part03
00006517	Vsa.Sim.DecodeTable.Batch01Part04
00006697	Vsa.Sim.DecodeTable.Batch01Part04
00007517	Vsa.Sim.DecodeTable.Batch01Part04
00007697	Vsa.Sim.DecodeTable.Batch01Part04
00007717	Vsa.Sim.DecodeTable.Batch01Part04
00008067	Vsa.Sim.DecodeTable.Batch01Part04
00008293	Vsa.Sim.DecodeTable.Batch01Part04
00008517	Vsa.Sim.DecodeTable.Batch01Part04
00008697	Vsa.Sim.DecodeTable.Batch01Part04
00008737	Vsa.Sim.DecodeTable.Batch01Part04
000087b7	Vsa.Sim.DecodeTable.Batch01Part04
00009417	Vsa.Sim.DecodeTable.Batch01Part04
00009497	Vsa.Sim.DecodeTable.Batch01Part04
00009517	Vsa.Sim.DecodeTable.Batch01Part04
00009597	Vsa.Sim.DecodeTable.Batch01Part04
00009797	Vsa.Sim.DecodeTable.Batch01Part04
00009817	Vsa.Sim.DecodeTable.Batch01Part05
00009917	Vsa.Sim.DecodeTable.Batch01Part05
00009997	Vsa.Sim.DecodeTable.Batch01Part05
00009a17	Vsa.Sim.DecodeTable.Batch01Part05
0000a497	Vsa.Sim.DecodeTable.Batch01Part05
0000a597	Vsa.Sim.DecodeTable.Batch01Part05
0000a817	Vsa.Sim.DecodeTable.Batch01Part05
0000ac97	Vsa.Sim.DecodeTable.Batch01Part05
0000cc97	Vsa.Sim.DecodeTable.Batch01Part05
0000d417	Vsa.Sim.DecodeTable.Batch01Part05
0000d597	Vsa.Sim.DecodeTable.Batch01Part05
0000d797	Vsa.Sim.DecodeTable.Batch01Part05
0000d817	Vsa.Sim.DecodeTable.Batch01Part05
0000dc97	Vsa.Sim.DecodeTable.Batch01Part05
0000dd97	Vsa.Sim.DecodeTable.Batch01Part05
0000e517	Vsa.Sim.DecodeTable.Batch01Part05
0000e597	Vsa.Sim.DecodeTable.Batch01Part06
0000e697	Vsa.Sim.DecodeTable.Batch01Part06
0000ea17	Vsa.Sim.DecodeTable.Batch01Part06
0000eb17	Vsa.Sim.DecodeTable.Batch01Part06
0000ed97	Vsa.Sim.DecodeTable.Batch01Part06
0000ef17	Vsa.Sim.DecodeTable.Batch01Part06
0000fa17	Vsa.Sim.DecodeTable.Batch01Part06
0000fc97	Vsa.Sim.DecodeTable.Batch01Part06
0000fd17	Vsa.Sim.DecodeTable.Batch01Part06
0000fd97	Vsa.Sim.DecodeTable.Batch01Part06
0000ff17	Vsa.Sim.DecodeTable.Batch01Part06
00010513	Vsa.Sim.DecodeTable.Batch01Part06
00010617	Vsa.Sim.DecodeTable.Batch01Part06
00010713	Vsa.Sim.DecodeTable.Batch01Part06
00010737	Vsa.Sim.DecodeTable.Batch01Part06
00010797	Vsa.Sim.DecodeTable.Batch01Part06
000107b7	Vsa.Sim.DecodeTable.Batch01Part07
00010a17	Vsa.Sim.DecodeTable.Batch01Part07
00010c97	Vsa.Sim.DecodeTable.Batch01Part07
00010d17	Vsa.Sim.DecodeTable.Batch01Part07
00010d97	Vsa.Sim.DecodeTable.Batch01Part07
00011597	Vsa.Sim.DecodeTable.Batch01Part07
00011717	Vsa.Sim.DecodeTable.Batch01Part07
00011a17	Vsa.Sim.DecodeTable.Batch01Part07
00011b17	Vsa.Sim.DecodeTable.Batch01Part07
00011b97	Vsa.Sim.DecodeTable.Batch01Part07
00011c97	Vsa.Sim.DecodeTable.Batch01Part07
00011d97	Vsa.Sim.DecodeTable.Batch01Part07
00011f97	Vsa.Sim.DecodeTable.Batch01Part07
00012623	Vsa.Sim.DecodeTable.Batch17
00012697	Vsa.Sim.DecodeTable.Batch01Part07
00012b17	Vsa.Sim.DecodeTable.Batch01Part07
00012c97	Vsa.Sim.DecodeTable.Batch01Part07
00012d17	Vsa.Sim.DecodeTable.Batch01Part08
00012d97	Vsa.Sim.DecodeTable.Batch01Part08
00013303	Vsa.Sim.DecodeTable.Batch01Part08
00013403	Vsa.Sim.DecodeTable.Batch01Part08
00013423	Vsa.Sim.DecodeTable.Batch01Part08
00013503	Vsa.Sim.DecodeTable.Batch01Part08
00013583	Vsa.Sim.DecodeTable.Batch01Part08
00013603	Vsa.Sim.DecodeTable.Batch01Part08
00013683	Vsa.Sim.DecodeTable.Batch01Part08
00013703	Vsa.Sim.DecodeTable.Batch01Part08
00013783	Vsa.Sim.DecodeTable.Batch01Part08
00013803	Vsa.Sim.DecodeTable.Batch01Part08
00013823	Vsa.Sim.DecodeTable.Batch01Part08
00013883	Vsa.Sim.DecodeTable.Batch01Part08
00013a03	Vsa.Sim.DecodeTable.Batch01Part08
00013b03	Vsa.Sim.DecodeTable.Batch01Part08
00013b17	Vsa.Sim.DecodeTable.Batch01Part09
00013b83	Vsa.Sim.DecodeTable.Batch01Part09
00013c23	Vsa.Sim.DecodeTable.Batch01Part09
00013d17	Vsa.Sim.DecodeTable.Batch01Part09
00013d83	Vsa.Sim.DecodeTable.Batch01Part09
00014517	Vsa.Sim.DecodeTable.Batch01Part09
00014797	Vsa.Sim.DecodeTable.Batch01Part09
00014897	Vsa.Sim.DecodeTable.Batch01Part09
00014997	Vsa.Sim.DecodeTable.Batch01Part09
00015517	Vsa.Sim.DecodeTable.Batch01Part09
00015597	Vsa.Sim.DecodeTable.Batch01Part09
00015617	Vsa.Sim.DecodeTable.Batch01Part09
00015697	Vsa.Sim.DecodeTable.Batch01Part09
00016517	Vsa.Sim.DecodeTable.Batch01Part09
00016597	Vsa.Sim.DecodeTable.Batch01Part09
00016617	Vsa.Sim.DecodeTable.Batch01Part09
00016697	Vsa.Sim.DecodeTable.Batch01Part10
00016717	Vsa.Sim.DecodeTable.Batch01Part10
00016797	Vsa.Sim.DecodeTable.Batch01Part10
00016817	Vsa.Sim.DecodeTable.Batch01Part10
00016897	Vsa.Sim.DecodeTable.Batch01Part10
00016e97	Vsa.Sim.DecodeTable.Batch01Part10
00017517	Vsa.Sim.DecodeTable.Batch01Part10
00017597	Vsa.Sim.DecodeTable.Batch01Part10
00017717	Vsa.Sim.DecodeTable.Batch01Part10
0001b717	Vsa.Sim.DecodeTable.Batch01Part10
0001b817	Vsa.Sim.DecodeTable.Batch17
0001c797	Vsa.Sim.DecodeTable.Batch01Part10
000207b7	Vsa.Sim.DecodeTable.Batch01Part10
00028067	Vsa.Sim.DecodeTable.Batch01Part10
00028093	Vsa.Sim.DecodeTable.Batch01Part10
00028c93	Vsa.Sim.DecodeTable.Batch01Part10
00028d13	Vsa.Sim.DecodeTable.Batch01Part10
00028d93	Vsa.Sim.DecodeTable.Batch01Part11
00028e93	Vsa.Sim.DecodeTable.Batch01Part11
00029463	Vsa.Sim.DecodeTable.Batch01Part11
00030463	Vsa.Sim.DecodeTable.Batch01Part11
00030613	Vsa.Sim.DecodeTable.Batch01Part11
00030663	Vsa.Sim.DecodeTable.Batch01Part11
00030693	Vsa.Sim.DecodeTable.Batch01Part11
00030713	Vsa.Sim.DecodeTable.Batch01Part11
00030813	Vsa.Sim.DecodeTable.Batch01Part11
00030a13	Vsa.Sim.DecodeTable.Batch01Part11
00030c93	Vsa.Sim.DecodeTable.Batch01Part11
00030d93	Vsa.Sim.DecodeTable.Batch01Part11
00031463	Vsa.Sim.DecodeTable.Batch01Part11
00031863	Vsa.Sim.DecodeTable.Batch01Part11
00032603	Vsa.Sim.DecodeTable.Batch01Part11
00038e13	Vsa.Sim.DecodeTable.Batch01Part11
000400e7	Vsa.Sim.DecodeTable.Batch01Part12
00040293	Vsa.Sim.DecodeTable.Batch01Part12
0004041b	Vsa.Sim.DecodeTable.Batch01Part12
00040513	Vsa.Sim.DecodeTable.Batch01Part12
00040593	Vsa.Sim.DecodeTable.Batch01Part12
00040613	Vsa.Sim.DecodeTable.Batch01Part12
00040693	Vsa.Sim.DecodeTable.Batch01Part12
00040713	Vsa.Sim.DecodeTable.Batch01Part12
00040793	Vsa.Sim.DecodeTable.Batch01Part12
0004079b	Vsa.Sim.DecodeTable.Batch01Part12
00040863	Vsa.Sim.DecodeTable.Batch01Part12
00040a13	Vsa.Sim.DecodeTable.Batch01Part12
00040b13	Vsa.Sim.DecodeTable.Batch01Part12
00040b93	Vsa.Sim.DecodeTable.Batch01Part12
00040c13	Vsa.Sim.DecodeTable.Batch01Part12
00040c93	Vsa.Sim.DecodeTable.Batch01Part12
00040d13	Vsa.Sim.DecodeTable.Batch01Part13
00040d93	Vsa.Sim.DecodeTable.Batch01Part13
00040e93	Vsa.Sim.DecodeTable.Batch01Part13
00041c63	Vsa.Sim.DecodeTable.Batch01Part13
00042423	Vsa.Sim.DecodeTable.Batch01Part13
00042783	Vsa.Sim.DecodeTable.Batch01Part13
00043023	Vsa.Sim.DecodeTable.Batch01Part13
00043423	Vsa.Sim.DecodeTable.Batch01Part13
00043483	Vsa.Sim.DecodeTable.Batch01Part13
00043503	Vsa.Sim.DecodeTable.Batch01Part13
00043583	Vsa.Sim.DecodeTable.Batch01Part13
00043603	Vsa.Sim.DecodeTable.Batch01Part13
00043683	Vsa.Sim.DecodeTable.Batch01Part13
00043783	Vsa.Sim.DecodeTable.Batch01Part13
00043c23	Vsa.Sim.DecodeTable.Batch01Part13
00045463	Vsa.Sim.DecodeTable.Batch01Part13
00046783	Vsa.Sim.DecodeTable.Batch01Part14
00048223	Vsa.Sim.DecodeTable.Batch01Part14
00048413	Vsa.Sim.DecodeTable.Batch01Part14
00048463	Vsa.Sim.DecodeTable.Batch01Part14
00048513	Vsa.Sim.DecodeTable.Batch01Part14
00048593	Vsa.Sim.DecodeTable.Batch01Part14
00048613	Vsa.Sim.DecodeTable.Batch01Part14
00048663	Vsa.Sim.DecodeTable.Batch01Part14
00048693	Vsa.Sim.DecodeTable.Batch01Part14
00048713	Vsa.Sim.DecodeTable.Batch01Part14
00048793	Vsa.Sim.DecodeTable.Batch01Part14
00048993	Vsa.Sim.DecodeTable.Batch01Part14
00048a13	Vsa.Sim.DecodeTable.Batch01Part14
00049463	Vsa.Sim.DecodeTable.Batch01Part14
0004a423	Vsa.Sim.DecodeTable.Batch01Part14
0004a783	Vsa.Sim.DecodeTable.Batch01Part14
0004ab03	Vsa.Sim.DecodeTable.Batch01Part15
0004b023	Vsa.Sim.DecodeTable.Batch01Part15
0004b503	Vsa.Sim.DecodeTable.Batch01Part15
0004b583	Vsa.Sim.DecodeTable.Batch01Part15
0004b683	Vsa.Sim.DecodeTable.Batch01Part15
0004b823	Vsa.Sim.DecodeTable.Batch01Part15
0004b983	Vsa.Sim.DecodeTable.Batch01Part15
0004bb03	Vsa.Sim.DecodeTable.Batch01Part15
00050313	Vsa.Sim.DecodeTable.Batch01Part15
00050413	Vsa.Sim.DecodeTable.Batch01Part15
00050463	Vsa.Sim.DecodeTable.Batch01Part15
00050493	Vsa.Sim.DecodeTable.Batch01Part15
0005049b	Vsa.Sim.DecodeTable.Batch01Part15
0005051b	Vsa.Sim.DecodeTable.Batch01Part15
00050593	Vsa.Sim.DecodeTable.Batch01Part15
00050613	Vsa.Sim.DecodeTable.Batch01Part15
00050663	Vsa.Sim.DecodeTable.Batch01Part16
00050693	Vsa.Sim.DecodeTable.Batch01Part16
0005069b	Vsa.Sim.DecodeTable.Batch01Part16
00050713	Vsa.Sim.DecodeTable.Batch01Part16
00050793	Vsa.Sim.DecodeTable.Batch01Part16
0005079b	Vsa.Sim.DecodeTable.Batch01Part16
00050813	Vsa.Sim.DecodeTable.Batch01Part16
0005081b	Vsa.Sim.DecodeTable.Batch01Part16
00050863	Vsa.Sim.DecodeTable.Batch01Part16
00050893	Vsa.Sim.DecodeTable.Batch01Part16
000508e3	Vsa.Sim.DecodeTable.Batch01Part16
00050913	Vsa.Sim.DecodeTable.Batch01Part16
00050993	Vsa.Sim.DecodeTable.Batch01Part16
00050a13	Vsa.Sim.DecodeTable.Batch01Part16
00050a93	Vsa.Sim.DecodeTable.Batch01Part16
00050a9b	Vsa.Sim.DecodeTable.Batch01Part16
00050b13	Vsa.Sim.DecodeTable.Batch01Part17
00050b1b	Vsa.Sim.DecodeTable.Batch01Part17
00050b93	Vsa.Sim.DecodeTable.Batch01Part17
00050b9b	Vsa.Sim.DecodeTable.Batch01Part17
00050c1b	Vsa.Sim.DecodeTable.Batch01Part17
00050c63	Vsa.Sim.DecodeTable.Batch01Part17
00050c93	Vsa.Sim.DecodeTable.Batch01Part17
00050d13	Vsa.Sim.DecodeTable.Batch01Part17
00050d93	Vsa.Sim.DecodeTable.Batch01Part17
00050e13	Vsa.Sim.DecodeTable.Batch01Part17
00050e93	Vsa.Sim.DecodeTable.Batch01Part17
00050e9b	Vsa.Sim.DecodeTable.Batch01Part17
00050f93	Vsa.Sim.DecodeTable.Batch01Part17
00051463	Vsa.Sim.DecodeTable.Batch01Part17
00051663	Vsa.Sim.DecodeTable.Batch01Part17
00051a63	Vsa.Sim.DecodeTable.Batch01Part17
00052023	Vsa.Sim.DecodeTable.Batch01Part18
00052703	Vsa.Sim.DecodeTable.Batch01Part18
00052783	Vsa.Sim.DecodeTable.Batch01Part18
00052983	Vsa.Sim.DecodeTable.Batch01Part18
00052c23	Vsa.Sim.DecodeTable.Batch01Part18
00053023	Vsa.Sim.DecodeTable.Batch01Part18
00053083	Vsa.Sim.DecodeTable.Batch01Part18
00053423	Vsa.Sim.DecodeTable.Batch01Part18
00053603	Vsa.Sim.DecodeTable.Batch01Part18
00053683	Vsa.Sim.DecodeTable.Batch01Part18
00053703	Vsa.Sim.DecodeTable.Batch01Part18
00053783	Vsa.Sim.DecodeTable.Batch01Part18
00053823	Vsa.Sim.DecodeTable.Batch01Part18
00053c23	Vsa.Sim.DecodeTable.Batch01Part18
00054603	Vsa.Sim.DecodeTable.Batch01Part18
00054783	Vsa.Sim.DecodeTable.Batch01Part18
00054c63	Vsa.Sim.DecodeTable.Batch01Part19
00055463	Vsa.Sim.DecodeTable.Batch01Part19
00056783	Vsa.Sim.DecodeTable.Batch01Part19
00058313	Vsa.Sim.DecodeTable.Batch01Part19
00058413	Vsa.Sim.DecodeTable.Batch01Part19
00058463	Vsa.Sim.DecodeTable.Batch01Part19
00058493	Vsa.Sim.DecodeTable.Batch01Part19
00058513	Vsa.Sim.DecodeTable.Batch01Part19
00058613	Vsa.Sim.DecodeTable.Batch01Part19
00058693	Vsa.Sim.DecodeTable.Batch01Part19
00058713	Vsa.Sim.DecodeTable.Batch01Part19
00058793	Vsa.Sim.DecodeTable.Batch01Part19
00058813	Vsa.Sim.DecodeTable.Batch01Part19
0005881b	Vsa.Sim.DecodeTable.Batch01Part19
00058893	Vsa.Sim.DecodeTable.Batch01Part19
0005889b	Vsa.Sim.DecodeTable.Batch01Part19
00058913	Vsa.Sim.DecodeTable.Batch01Part20
00058993	Vsa.Sim.DecodeTable.Batch01Part20
00058a13	Vsa.Sim.DecodeTable.Batch01Part20
00058a93	Vsa.Sim.DecodeTable.Batch01Part20
00058b13	Vsa.Sim.DecodeTable.Batch01Part20
00058b93	Vsa.Sim.DecodeTable.Batch01Part20
00058c13	Vsa.Sim.DecodeTable.Batch01Part20
00058c93	Vsa.Sim.DecodeTable.Batch01Part20
00058e13	Vsa.Sim.DecodeTable.Batch01Part20
00058e93	Vsa.Sim.DecodeTable.Batch01Part20
00058f13	Vsa.Sim.DecodeTable.Batch01Part20
00059463	Vsa.Sim.DecodeTable.Batch01Part20
00059863	Vsa.Sim.DecodeTable.Batch01Part20
0005a023	Vsa.Sim.DecodeTable.Batch01Part20
0005a783	Vsa.Sim.DecodeTable.Batch01Part20
0005b303	Vsa.Sim.DecodeTable.Batch01Part20
0005b483	Vsa.Sim.DecodeTable.Batch01Part21
0005b503	Vsa.Sim.DecodeTable.Batch01Part21
0005b683	Vsa.Sim.DecodeTable.Batch01Part21
0005b703	Vsa.Sim.DecodeTable.Batch01Part21
0005c683	Vsa.Sim.DecodeTable.Batch01Part21
0005c703	Vsa.Sim.DecodeTable.Batch01Part21
0005c783	Vsa.Sim.DecodeTable.Batch01Part21
0005c883	Vsa.Sim.DecodeTable.Batch01Part21
0005ca63	Vsa.Sim.DecodeTable.Batch01Part21
0005d463	Vsa.Sim.DecodeTable.Batch01Part21
000603a3	Vsa.Sim.DecodeTable.Batch01Part21
00060413	Vsa.Sim.DecodeTable.Batch01Part21
00060463	Vsa.Sim.DecodeTable.Batch01Part21
00060493	Vsa.Sim.DecodeTable.Batch01Part21
00060513	Vsa.Sim.DecodeTable.Batch01Part21
00060593	Vsa.Sim.DecodeTable.Batch01Part21
00060693	Vsa.Sim.DecodeTable.Batch01Part22
0006071b	Vsa.Sim.DecodeTable.Batch01Part22
00060793	Vsa.Sim.DecodeTable.Batch01Part22
00060813	Vsa.Sim.DecodeTable.Batch01Part22
00060893	Vsa.Sim.DecodeTable.Batch17
00060913	Vsa.Sim.DecodeTable.Batch01Part22
00060993	Vsa.Sim.DecodeTable.Batch01Part22
00060a13	Vsa.Sim.DecodeTable.Batch01Part22
00060a93	Vsa.Sim.DecodeTable.Batch01Part22
00060b13	Vsa.Sim.DecodeTable.Batch01Part22
00060c13	Vsa.Sim.DecodeTable.Batch01Part22
00060c93	Vsa.Sim.DecodeTable.Batch01Part22
00060d13	Vsa.Sim.DecodeTable.Batch01Part22
00060d93	Vsa.Sim.DecodeTable.Batch01Part22
00061463	Vsa.Sim.DecodeTable.Batch01Part22
00062423	Vsa.Sim.DecodeTable.Batch01Part22
00062703	Vsa.Sim.DecodeTable.Batch01Part22
00063403	Vsa.Sim.DecodeTable.Batch01Part23
00063603	Vsa.Sim.DecodeTable.Batch01Part23
00063703	Vsa.Sim.DecodeTable.Batch01Part23
00063783	Vsa.Sim.DecodeTable.Batch01Part23
00064783	Vsa.Sim.DecodeTable.Batch01Part23
00064883	Vsa.Sim.DecodeTable.Batch01Part23
00064c03	Vsa.Sim.DecodeTable.Batch01Part23
00066783	Vsa.Sim.DecodeTable.Batch01Part23
000680e7	Vsa.Sim.DecodeTable.Batch01Part23
00068313	Vsa.Sim.DecodeTable.Batch17
00068413	Vsa.Sim.DecodeTable.Batch01Part23
00068463	Vsa.Sim.DecodeTable.Batch01Part23
00068513	Vsa.Sim.DecodeTable.Batch01Part23
00068593	Vsa.Sim.DecodeTable.Batch01Part23
00068613	Vsa.Sim.DecodeTable.Batch01Part23
0006869b	Vsa.Sim.DecodeTable.Batch01Part23
00068713	Vsa.Sim.DecodeTable.Batch01Part23
0006871b	Vsa.Sim.DecodeTable.Batch01Part24
00068793	Vsa.Sim.DecodeTable.Batch01Part24
0006879b	Vsa.Sim.DecodeTable.Batch01Part24
00068913	Vsa.Sim.DecodeTable.Batch01Part24
00068993	Vsa.Sim.DecodeTable.Batch01Part24
00068a13	Vsa.Sim.DecodeTable.Batch01Part24
00068a1b	Vsa.Sim.DecodeTable.Batch01Part24
00068b1b	Vsa.Sim.DecodeTable.Batch01Part24
00068b93	Vsa.Sim.DecodeTable.Batch01Part24
00068c13	Vsa.Sim.DecodeTable.Batch01Part24
00068c93	Vsa.Sim.DecodeTable.Batch01Part24
00068d13	Vsa.Sim.DecodeTable.Batch01Part24
00068d93	Vsa.Sim.DecodeTable.Batch01Part24
00068d9b	Vsa.Sim.DecodeTable.Batch01Part24
00068e63	Vsa.Sim.DecodeTable.Batch01Part24
00068e93	Vsa.Sim.DecodeTable.Batch01Part24
000690e3	Vsa.Sim.DecodeTable.Batch01Part25
00069463	Vsa.Sim.DecodeTable.Batch01Part25
00069663	Vsa.Sim.DecodeTable.Batch01Part25
00069a63	Vsa.Sim.DecodeTable.Batch01Part25
00069c63	Vsa.Sim.DecodeTable.Batch01Part25
0006a023	Vsa.Sim.DecodeTable.Batch01Part25
0006a603	Vsa.Sim.DecodeTable.Batch01Part25
0006b503	Vsa.Sim.DecodeTable.Batch01Part25
0006b583	Vsa.Sim.DecodeTable.Batch01Part25
0006b603	Vsa.Sim.DecodeTable.Batch01Part25
0006b703	Vsa.Sim.DecodeTable.Batch01Part25
0006b803	Vsa.Sim.DecodeTable.Batch01Part25
0006c463	Vsa.Sim.DecodeTable.Batch01Part25
0006c683	Vsa.Sim.DecodeTable.Batch01Part25
0006c783	Vsa.Sim.DecodeTable.Batch01Part25
0006d463	Vsa.Sim.DecodeTable.Batch01Part25
00070023	Vsa.Sim.DecodeTable.Batch01Part26
00070067	Vsa.Sim.DecodeTable.Batch01Part26
000700e7	Vsa.Sim.DecodeTable.Batch01Part26
00070413	Vsa.Sim.DecodeTable.Batch01Part26
00070463	Vsa.Sim.DecodeTable.Batch01Part26
00070493	Vsa.Sim.DecodeTable.Batch01Part26
00070513	Vsa.Sim.DecodeTable.Batch01Part26
0007051b	Vsa.Sim.DecodeTable.Batch01Part26
00070593	Vsa.Sim.DecodeTable.Batch01Part26
00070613	Vsa.Sim.DecodeTable.Batch01Part26
00070663	Vsa.Sim.DecodeTable.Batch01Part26
00070693	Vsa.Sim.DecodeTable.Batch01Part26
0007071b	Vsa.Sim.DecodeTable.Batch01Part26
00070793	Vsa.Sim.DecodeTable.Batch01Part26
0007081b	Vsa.Sim.DecodeTable.Batch01Part26
00070913	Vsa.Sim.DecodeTable.Batch01Part26
00070993	Vsa.Sim.DecodeTable.Batch01Part27
00070a13	Vsa.Sim.DecodeTable.Batch01Part27
00070a63	Vsa.Sim.DecodeTable.Batch01Part27
00070a93	Vsa.Sim.DecodeTable.Batch01Part27
00070b13	Vsa.Sim.DecodeTable.Batch01Part27
00070b1b	Vsa.Sim.DecodeTable.Batch01Part27
00070b93	Vsa.Sim.DecodeTable.Batch01Part27
00070c13	Vsa.Sim.DecodeTable.Batch01Part27
00070c1b	Vsa.Sim.DecodeTable.Batch01Part27
00070c63	Vsa.Sim.DecodeTable.Batch01Part27
00070c93	Vsa.Sim.DecodeTable.Batch01Part27
00070d13	Vsa.Sim.DecodeTable.Batch01Part27
00070d93	Vsa.Sim.DecodeTable.Batch01Part27
00070d9b	Vsa.Sim.DecodeTable.Batch01Part27
00071463	Vsa.Sim.DecodeTable.Batch01Part27
00071663	Vsa.Sim.DecodeTable.Batch01Part27
00071863	Vsa.Sim.DecodeTable.Batch01Part28
00071a63	Vsa.Sim.DecodeTable.Batch01Part28
00072703	Vsa.Sim.DecodeTable.Batch01Part28
00072783	Vsa.Sim.DecodeTable.Batch01Part28
00073023	Vsa.Sim.DecodeTable.Batch01Part28
00073423	Vsa.Sim.DecodeTable.Batch01Part28
00073583	Vsa.Sim.DecodeTable.Batch01Part28
00073603	Vsa.Sim.DecodeTable.Batch01Part28
00073683	Vsa.Sim.DecodeTable.Batch01Part28
00073703	Vsa.Sim.DecodeTable.Batch01Part28
00073823	Vsa.Sim.DecodeTable.Batch01Part28
00073a03	Vsa.Sim.DecodeTable.Batch01Part28
00073d03	Vsa.Sim.DecodeTable.Batch01Part28
00074783	Vsa.Sim.DecodeTable.Batch01Part28
00075663	Vsa.Sim.DecodeTable.Batch01Part28
00075863	Vsa.Sim.DecodeTable.Batch01Part28
00075a63	Vsa.Sim.DecodeTable.Batch01Part29
00075c63	Vsa.Sim.DecodeTable.Batch01Part29
00078023	Vsa.Sim.DecodeTable.Batch01Part29
00078067	Vsa.Sim.DecodeTable.Batch01Part29
000780e7	Vsa.Sim.DecodeTable.Batch01Part29
00078413	Vsa.Sim.DecodeTable.Batch01Part29
0007841b	Vsa.Sim.DecodeTable.Batch01Part29
00078463	Vsa.Sim.DecodeTable.Batch01Part29
00078493	Vsa.Sim.DecodeTable.Batch01Part29
00078513	Vsa.Sim.DecodeTable.Batch01Part29
00078593	Vsa.Sim.DecodeTable.Batch01Part29
00078613	Vsa.Sim.DecodeTable.Batch01Part29
0007861b	Vsa.Sim.DecodeTable.Batch01Part29
00078663	Vsa.Sim.DecodeTable.Batch01Part29
00078693	Vsa.Sim.DecodeTable.Batch01Part29
0007869b	Vsa.Sim.DecodeTable.Batch01Part29
00078713	Vsa.Sim.DecodeTable.Batch01Part30
0007871b	Vsa.Sim.DecodeTable.Batch01Part30
0007879b	Vsa.Sim.DecodeTable.Batch01Part30
00078813	Vsa.Sim.DecodeTable.Batch01Part30
0007881b	Vsa.Sim.DecodeTable.Batch01Part30
00078863	Vsa.Sim.DecodeTable.Batch01Part30
0007889b	Vsa.Sim.DecodeTable.Batch01Part30
00078913	Vsa.Sim.DecodeTable.Batch01Part30
00078a1b	Vsa.Sim.DecodeTable.Batch01Part30
00078a63	Vsa.Sim.DecodeTable.Batch01Part30
00078b13	Vsa.Sim.DecodeTable.Batch01Part30
00078b1b	Vsa.Sim.DecodeTable.Batch01Part30
00078b93	Vsa.Sim.DecodeTable.Batch01Part30
00078b9b	Vsa.Sim.DecodeTable.Batch01Part30
00078c13	Vsa.Sim.DecodeTable.Batch01Part30
00078c1b	Vsa.Sim.DecodeTable.Batch01Part30
00078c63	Vsa.Sim.DecodeTable.Batch01Part31
00078c93	Vsa.Sim.DecodeTable.Batch01Part31
00078d13	Vsa.Sim.DecodeTable.Batch01Part31
00078d93	Vsa.Sim.DecodeTable.Batch01Part31
00078e63	Vsa.Sim.DecodeTable.Batch01Part31
00078f13	Vsa.Sim.DecodeTable.Batch01Part31
00079463	Vsa.Sim.DecodeTable.Batch01Part31
00079663	Vsa.Sim.DecodeTable.Batch01Part31
00079863	Vsa.Sim.DecodeTable.Batch01Part31
00079a63	Vsa.Sim.DecodeTable.Batch01Part31
00079c63	Vsa.Sim.DecodeTable.Batch01Part31
00079ce3	Vsa.Sim.DecodeTable.Batch01Part31
00079e63	Vsa.Sim.DecodeTable.Batch01Part31
0007a023	Vsa.Sim.DecodeTable.Batch01Part31
0007a403	Vsa.Sim.DecodeTable.Batch01Part31
0007a423	Vsa.Sim.DecodeTable.Batch01Part31
0007a603	Vsa.Sim.DecodeTable.Batch01Part32
0007a623	Vsa.Sim.DecodeTable.Batch01Part32
0007a703	Vsa.Sim.DecodeTable.Batch01Part32
0007a783	Vsa.Sim.DecodeTable.Batch01Part32
0007ad83	Vsa.Sim.DecodeTable.Batch01Part32
0007b023	Vsa.Sim.DecodeTable.Batch01Part32
0007b503	Vsa.Sim.DecodeTable.Batch01Part32
0007b583	Vsa.Sim.DecodeTable.Batch01Part32
0007b603	Vsa.Sim.DecodeTable.Batch01Part32
0007b683	Vsa.Sim.DecodeTable.Batch01Part32
0007b703	Vsa.Sim.DecodeTable.Batch01Part32
0007b783	Vsa.Sim.DecodeTable.Batch01Part32
0007b823	Vsa.Sim.DecodeTable.Batch01Part32
0007ba03	Vsa.Sim.DecodeTable.Batch01Part32
0007bc83	Vsa.Sim.DecodeTable.Batch01Part32
0007bd03	Vsa.Sim.DecodeTable.Batch01Part32
0007c503	Vsa.Sim.DecodeTable.Batch02Part01
0007c703	Vsa.Sim.DecodeTable.Batch02Part01
0007c783	Vsa.Sim.DecodeTable.Batch02Part01
0007ce63	Vsa.Sim.DecodeTable.Batch02Part01
0007d463	Vsa.Sim.DecodeTable.Batch02Part01
0007da63	Vsa.Sim.DecodeTable.Batch02Part01
0007dc63	Vsa.Sim.DecodeTable.Batch02Part01
000800e7	Vsa.Sim.DecodeTable.Batch02Part01
00080313	Vsa.Sim.DecodeTable.Batch02Part01
00080413	Vsa.Sim.DecodeTable.Batch02Part01
00080463	Vsa.Sim.DecodeTable.Batch02Part01
00080513	Vsa.Sim.DecodeTable.Batch02Part01
00080593	Vsa.Sim.DecodeTable.Batch02Part01
0008059b	Vsa.Sim.DecodeTable.Batch02Part01
00080613	Vsa.Sim.DecodeTable.Batch02Part01
00080713	Vsa.Sim.DecodeTable.Batch02Part01
00080793	Vsa.Sim.DecodeTable.Batch02Part02
0008079b	Vsa.Sim.DecodeTable.Batch02Part02
0008081b	Vsa.Sim.DecodeTable.Batch02Part02
00080913	Vsa.Sim.DecodeTable.Batch02Part02
00080a13	Vsa.Sim.DecodeTable.Batch02Part02
00080b13	Vsa.Sim.DecodeTable.Batch02Part02
00080b93	Vsa.Sim.DecodeTable.Batch02Part02
00080c13	Vsa.Sim.DecodeTable.Batch02Part02
00080c63	Vsa.Sim.DecodeTable.Batch02Part02
00080d93	Vsa.Sim.DecodeTable.Batch02Part02
00080f93	Vsa.Sim.DecodeTable.Batch02Part02
00081a63	Vsa.Sim.DecodeTable.Batch02Part02
00088513	Vsa.Sim.DecodeTable.Batch02Part02
00088593	Vsa.Sim.DecodeTable.Batch02Part02
00088613	Vsa.Sim.DecodeTable.Batch17
00088693	Vsa.Sim.DecodeTable.Batch02Part02
00088713	Vsa.Sim.DecodeTable.Batch02Part02
00088793	Vsa.Sim.DecodeTable.Batch02Part03
0008889b	Vsa.Sim.DecodeTable.Batch02Part03
00088c13	Vsa.Sim.DecodeTable.Batch02Part03
00088c63	Vsa.Sim.DecodeTable.Batch02Part03
00088e93	Vsa.Sim.DecodeTable.Batch02Part03
00088f93	Vsa.Sim.DecodeTable.Batch02Part03
00089463	Vsa.Sim.DecodeTable.Batch02Part03
00089863	Vsa.Sim.DecodeTable.Batch02Part03
00090513	Vsa.Sim.DecodeTable.Batch02Part03
0009051b	Vsa.Sim.DecodeTable.Batch02Part03
00090593	Vsa.Sim.DecodeTable.Batch02Part03
00090613	Vsa.Sim.DecodeTable.Batch02Part03
00090693	Vsa.Sim.DecodeTable.Batch02Part03
0009069b	Vsa.Sim.DecodeTable.Batch02Part03
00090b93	Vsa.Sim.DecodeTable.Batch02Part03
00092403	Vsa.Sim.DecodeTable.Batch02Part03
00092423	Vsa.Sim.DecodeTable.Batch02Part04
00093583	Vsa.Sim.DecodeTable.Batch02Part04
00093783	Vsa.Sim.DecodeTable.Batch02Part04
00093903	Vsa.Sim.DecodeTable.Batch17
00098513	Vsa.Sim.DecodeTable.Batch02Part04
00098593	Vsa.Sim.DecodeTable.Batch02Part04
00098613	Vsa.Sim.DecodeTable.Batch02Part04
00098693	Vsa.Sim.DecodeTable.Batch02Part04
00098913	Vsa.Sim.DecodeTable.Batch02Part04
00098b13	Vsa.Sim.DecodeTable.Batch02Part04
00098b93	Vsa.Sim.DecodeTable.Batch02Part04
00098c13	Vsa.Sim.DecodeTable.Batch02Part04
00098d13	Vsa.Sim.DecodeTable.Batch02Part04
0009a023	Vsa.Sim.DecodeTable.Batch02Part04
0009a403	Vsa.Sim.DecodeTable.Batch02Part04
0009a483	Vsa.Sim.DecodeTable.Batch02Part04
0009a683	Vsa.Sim.DecodeTable.Batch02Part04
0009a783	Vsa.Sim.DecodeTable.Batch02Part05
000a00e7	Vsa.Sim.DecodeTable.Batch02Part05
000a0313	Vsa.Sim.DecodeTable.Batch02Part05
000a0413	Vsa.Sim.DecodeTable.Batch02Part05
000a0463	Vsa.Sim.DecodeTable.Batch02Part05
000a0493	Vsa.Sim.DecodeTable.Batch02Part05
000a0513	Vsa.Sim.DecodeTable.Batch02Part05
000a0593	Vsa.Sim.DecodeTable.Batch02Part05
000a0613	Vsa.Sim.DecodeTable.Batch02Part05
000a0693	Vsa.Sim.DecodeTable.Batch02Part05
000a0713	Vsa.Sim.DecodeTable.Batch02Part05
000a0793	Vsa.Sim.DecodeTable.Batch02Part05
000a0813	Vsa.Sim.DecodeTable.Batch02Part05
000a081b	Vsa.Sim.DecodeTable.Batch02Part05
000a0863	Vsa.Sim.DecodeTable.Batch02Part05
000a0b13	Vsa.Sim.DecodeTable.Batch02Part05
000a0b93	Vsa.Sim.DecodeTable.Batch02Part06
000a0c13	Vsa.Sim.DecodeTable.Batch02Part06
000a0c93	Vsa.Sim.DecodeTable.Batch02Part06
000a0d93	Vsa.Sim.DecodeTable.Batch02Part06
000a0e13	Vsa.Sim.DecodeTable.Batch02Part06
000a0e93	Vsa.Sim.DecodeTable.Batch02Part06
000a0f13	Vsa.Sim.DecodeTable.Batch02Part06
000a0f93	Vsa.Sim.DecodeTable.Batch02Part06
000a1463	Vsa.Sim.DecodeTable.Batch02Part06
000a1663	Vsa.Sim.DecodeTable.Batch02Part06
000a2783	Vsa.Sim.DecodeTable.Batch02Part06
000a2903	Vsa.Sim.DecodeTable.Batch02Part06
000a2c83	Vsa.Sim.DecodeTable.Batch02Part06
000a3023	Vsa.Sim.DecodeTable.Batch02Part06
000a3483	Vsa.Sim.DecodeTable.Batch02Part06
000a3703	Vsa.Sim.DecodeTable.Batch02Part06
000a3783	Vsa.Sim.DecodeTable.Batch02Part07
000a3903	Vsa.Sim.DecodeTable.Batch02Part07
000a3a83	Vsa.Sim.DecodeTable.Batch02Part07
000a4463	Vsa.Sim.DecodeTable.Batch02Part07
000a4703	Vsa.Sim.DecodeTable.Batch02Part07
000a4783	Vsa.Sim.DecodeTable.Batch02Part07
000a5463	Vsa.Sim.DecodeTable.Batch02Part07
000a80e7	Vsa.Sim.DecodeTable.Batch17
000a8513	Vsa.Sim.DecodeTable.Batch02Part07
000a8593	Vsa.Sim.DecodeTable.Batch02Part07
000a8693	Vsa.Sim.DecodeTable.Batch02Part07
000a8713	Vsa.Sim.DecodeTable.Batch02Part07
000a8793	Vsa.Sim.DecodeTable.Batch02Part07
000a8863	Vsa.Sim.DecodeTable.Batch02Part07
000a8913	Vsa.Sim.DecodeTable.Batch02Part07
000a8b13	Vsa.Sim.DecodeTable.Batch02Part07
000a8b93	Vsa.Sim.DecodeTable.Batch02Part07
000a8d13	Vsa.Sim.DecodeTable.Batch02Part08
000aa603	Vsa.Sim.DecodeTable.Batch02Part08
000aa703	Vsa.Sim.DecodeTable.Batch02Part08
000ab583	Vsa.Sim.DecodeTable.Batch02Part08
000ab803	Vsa.Sim.DecodeTable.Batch02Part08
000b0023	Vsa.Sim.DecodeTable.Batch02Part08
000b00e7	Vsa.Sim.DecodeTable.Batch02Part08
000b0413	Vsa.Sim.DecodeTable.Batch02Part08
000b0463	Vsa.Sim.DecodeTable.Batch02Part08
000b0493	Vsa.Sim.DecodeTable.Batch02Part08
000b0513	Vsa.Sim.DecodeTable.Batch02Part08
000b0593	Vsa.Sim.DecodeTable.Batch02Part08
000b0613	Vsa.Sim.DecodeTable.Batch02Part08
000b0693	Vsa.Sim.DecodeTable.Batch02Part08
000b0713	Vsa.Sim.DecodeTable.Batch02Part08
000b071b	Vsa.Sim.DecodeTable.Batch02Part08
000b0793	Vsa.Sim.DecodeTable.Batch02Part09
000b0813	Vsa.Sim.DecodeTable.Batch02Part09
000b081b	Vsa.Sim.DecodeTable.Batch02Part09
000b0913	Vsa.Sim.DecodeTable.Batch02Part09
000b0993	Vsa.Sim.DecodeTable.Batch02Part09
000b0a13	Vsa.Sim.DecodeTable.Batch02Part09
000b0b1b	Vsa.Sim.DecodeTable.Batch17
000b0b93	Vsa.Sim.DecodeTable.Batch02Part09
000b0c13	Vsa.Sim.DecodeTable.Batch02Part09
000b0c93	Vsa.Sim.DecodeTable.Batch02Part09
000b0d13	Vsa.Sim.DecodeTable.Batch02Part09
000b0d93	Vsa.Sim.DecodeTable.Batch02Part09
000b0d9b	Vsa.Sim.DecodeTable.Batch02Part09
000b0e13	Vsa.Sim.DecodeTable.Batch02Part09
000b0e93	Vsa.Sim.DecodeTable.Batch02Part09
000b0f93	Vsa.Sim.DecodeTable.Batch02Part09
000b1463	Vsa.Sim.DecodeTable.Batch02Part09
000b1663	Vsa.Sim.DecodeTable.Batch02Part10
000b2023	Vsa.Sim.DecodeTable.Batch02Part10
000b2783	Vsa.Sim.DecodeTable.Batch02Part10
000b2c03	Vsa.Sim.DecodeTable.Batch02Part10
000b2d03	Vsa.Sim.DecodeTable.Batch02Part10
000b3783	Vsa.Sim.DecodeTable.Batch02Part10
000b4463	Vsa.Sim.DecodeTable.Batch02Part10
000b5463	Vsa.Sim.DecodeTable.Batch02Part10
000b8413	Vsa.Sim.DecodeTable.Batch02Part10
000b8513	Vsa.Sim.DecodeTable.Batch02Part10
000b8593	Vsa.Sim.DecodeTable.Batch02Part10
000b8613	Vsa.Sim.DecodeTable.Batch02Part10
000b8663	Vsa.Sim.DecodeTable.Batch02Part10
000b8693	Vsa.Sim.DecodeTable.Batch02Part10
000b8713	Vsa.Sim.DecodeTable.Batch02Part10
000b8793	Vsa.Sim.DecodeTable.Batch02Part10
000b8813	Vsa.Sim.DecodeTable.Batch02Part11
000b8993	Vsa.Sim.DecodeTable.Batch02Part11
000b8a13	Vsa.Sim.DecodeTable.Batch02Part11
000b8a93	Vsa.Sim.DecodeTable.Batch02Part11
000b8b13	Vsa.Sim.DecodeTable.Batch02Part11
000b8c93	Vsa.Sim.DecodeTable.Batch02Part11
000b8d93	Vsa.Sim.DecodeTable.Batch02Part11
000b8e13	Vsa.Sim.DecodeTable.Batch02Part11
000b8e93	Vsa.Sim.DecodeTable.Batch02Part11
000ba683	Vsa.Sim.DecodeTable.Batch02Part11
000bb503	Vsa.Sim.DecodeTable.Batch02Part11
000bc583	Vsa.Sim.DecodeTable.Batch02Part11
000bd503	Vsa.Sim.DecodeTable.Batch02Part11
000c0413	Vsa.Sim.DecodeTable.Batch02Part11
000c0513	Vsa.Sim.DecodeTable.Batch02Part11
000c0693	Vsa.Sim.DecodeTable.Batch02Part11
000c0713	Vsa.Sim.DecodeTable.Batch02Part12
000c0793	Vsa.Sim.DecodeTable.Batch02Part12
000c0863	Vsa.Sim.DecodeTable.Batch02Part12
000c0893	Vsa.Sim.DecodeTable.Batch02Part12
000c0913	Vsa.Sim.DecodeTable.Batch02Part12
000c0993	Vsa.Sim.DecodeTable.Batch02Part12
000c0a13	Vsa.Sim.DecodeTable.Batch02Part12
000c0b13	Vsa.Sim.DecodeTable.Batch02Part12
000c0c1b	Vsa.Sim.DecodeTable.Batch02Part12
000c0c93	Vsa.Sim.DecodeTable.Batch02Part12
000c0d13	Vsa.Sim.DecodeTable.Batch02Part12
000c0d93	Vsa.Sim.DecodeTable.Batch02Part12
000c0e13	Vsa.Sim.DecodeTable.Batch02Part12
000c0e93	Vsa.Sim.DecodeTable.Batch02Part12
000c2603	Vsa.Sim.DecodeTable.Batch02Part12
000c2703	Vsa.Sim.DecodeTable.Batch02Part12
000c2783	Vsa.Sim.DecodeTable.Batch02Part13
000c2d03	Vsa.Sim.DecodeTable.Batch02Part13
000c2d83	Vsa.Sim.DecodeTable.Batch02Part13
000c3603	Vsa.Sim.DecodeTable.Batch02Part13
000c3683	Vsa.Sim.DecodeTable.Batch02Part13
000c3783	Vsa.Sim.DecodeTable.Batch02Part13
000c3b03	Vsa.Sim.DecodeTable.Batch02Part13
000c4883	Vsa.Sim.DecodeTable.Batch02Part13
000c8293	Vsa.Sim.DecodeTable.Batch02Part13
000c8313	Vsa.Sim.DecodeTable.Batch02Part13
000c8413	Vsa.Sim.DecodeTable.Batch02Part13
000c8493	Vsa.Sim.DecodeTable.Batch02Part13
000c8513	Vsa.Sim.DecodeTable.Batch02Part13
000c8593	Vsa.Sim.DecodeTable.Batch02Part13
000c8613	Vsa.Sim.DecodeTable.Batch02Part13
000c861b	Vsa.Sim.DecodeTable.Batch02Part13
000c8713	Vsa.Sim.DecodeTable.Batch02Part14
000c8863	Vsa.Sim.DecodeTable.Batch02Part14
000c8a13	Vsa.Sim.DecodeTable.Batch02Part14
000c8b13	Vsa.Sim.DecodeTable.Batch02Part14
000c8b93	Vsa.Sim.DecodeTable.Batch02Part14
000c8d93	Vsa.Sim.DecodeTable.Batch02Part14
000c8e13	Vsa.Sim.DecodeTable.Batch02Part14
000c8e93	Vsa.Sim.DecodeTable.Batch02Part14
000c8f93	Vsa.Sim.DecodeTable.Batch02Part14
000ca403	Vsa.Sim.DecodeTable.Batch02Part14
000cad03	Vsa.Sim.DecodeTable.Batch02Part14
000ccc03	Vsa.Sim.DecodeTable.Batch02Part14
000cd463	Vsa.Sim.DecodeTable.Batch02Part14
000cdc63	Vsa.Sim.DecodeTable.Batch02Part14
000d0413	Vsa.Sim.DecodeTable.Batch02Part14
000d0463	Vsa.Sim.DecodeTable.Batch02Part14
000d0513	Vsa.Sim.DecodeTable.Batch02Part15
000d0593	Vsa.Sim.DecodeTable.Batch02Part15
000d0613	Vsa.Sim.DecodeTable.Batch02Part15
000d0693	Vsa.Sim.DecodeTable.Batch02Part15
000d0713	Vsa.Sim.DecodeTable.Batch02Part15
000d0793	Vsa.Sim.DecodeTable.Batch02Part15
000d0b13	Vsa.Sim.DecodeTable.Batch02Part15
000d0c13	Vsa.Sim.DecodeTable.Batch02Part15
000d0c93	Vsa.Sim.DecodeTable.Batch02Part15
000d0d93	Vsa.Sim.DecodeTable.Batch02Part15
000d0e13	Vsa.Sim.DecodeTable.Batch02Part15
000d0e93	Vsa.Sim.DecodeTable.Batch02Part15
000d1463	Vsa.Sim.DecodeTable.Batch02Part15
000d4583	Vsa.Sim.DecodeTable.Batch02Part15
000d4783	Vsa.Sim.DecodeTable.Batch02Part15
000d5463	Vsa.Sim.DecodeTable.Batch02Part15
000d8313	Vsa.Sim.DecodeTable.Batch02Part16
000d8413	Vsa.Sim.DecodeTable.Batch02Part16
000d8493	Vsa.Sim.DecodeTable.Batch02Part16
000d8513	Vsa.Sim.DecodeTable.Batch02Part16
000d8593	Vsa.Sim.DecodeTable.Batch02Part16
000d8613	Vsa.Sim.DecodeTable.Batch02Part16
000d8693	Vsa.Sim.DecodeTable.Batch02Part16
000d8713	Vsa.Sim.DecodeTable.Batch02Part16
000d8793	Vsa.Sim.DecodeTable.Batch02Part16
000d8813	Vsa.Sim.DecodeTable.Batch02Part16
000d8893	Vsa.Sim.DecodeTable.Batch02Part16
000d8a13	Vsa.Sim.DecodeTable.Batch02Part16
000d8b13	Vsa.Sim.DecodeTable.Batch02Part16
000d8c13	Vsa.Sim.DecodeTable.Batch02Part16
000d8c93	Vsa.Sim.DecodeTable.Batch02Part16
000d8d13	Vsa.Sim.DecodeTable.Batch02Part16
000d8e13	Vsa.Sim.DecodeTable.Batch02Part17
000d8e93	Vsa.Sim.DecodeTable.Batch02Part17
000d9463	Vsa.Sim.DecodeTable.Batch02Part17
000dd463	Vsa.Sim.DecodeTable.Batch02Part17
000e0313	Vsa.Sim.DecodeTable.Batch02Part17
000e0463	Vsa.Sim.DecodeTable.Batch02Part17
000e0593	Vsa.Sim.DecodeTable.Batch02Part17
000e0613	Vsa.Sim.DecodeTable.Batch02Part17
000e0663	Vsa.Sim.DecodeTable.Batch02Part17
000e0713	Vsa.Sim.DecodeTable.Batch02Part17
000e0793	Vsa.Sim.DecodeTable.Batch02Part17
000e0893	Vsa.Sim.DecodeTable.Batch02Part17
000e0a13	Vsa.Sim.DecodeTable.Batch02Part17
000e0b93	Vsa.Sim.DecodeTable.Batch02Part17
000e0c13	Vsa.Sim.DecodeTable.Batch02Part17
000e0c93	Vsa.Sim.DecodeTable.Batch02Part17
000e0d13	Vsa.Sim.DecodeTable.Batch02Part18
000e1463	Vsa.Sim.DecodeTable.Batch02Part18
000e8513	Vsa.Sim.DecodeTable.Batch02Part18
000e8593	Vsa.Sim.DecodeTable.Batch02Part18
000e8613	Vsa.Sim.DecodeTable.Batch02Part18
000e8713	Vsa.Sim.DecodeTable.Batch02Part18
000e8793	Vsa.Sim.DecodeTable.Batch02Part18
000e8a13	Vsa.Sim.DecodeTable.Batch02Part18
000e8b13	Vsa.Sim.DecodeTable.Batch02Part18
000e8b93	Vsa.Sim.DecodeTable.Batch02Part18
000e8c13	Vsa.Sim.DecodeTable.Batch02Part18
000e8c93	Vsa.Sim.DecodeTable.Batch02Part18
000e8d13	Vsa.Sim.DecodeTable.Batch02Part18
000e8d93	Vsa.Sim.DecodeTable.Batch02Part18
000e8d9b	Vsa.Sim.DecodeTable.Batch02Part18
000e8e13	Vsa.Sim.DecodeTable.Batch02Part18
000ea683	Vsa.Sim.DecodeTable.Batch02Part19
000eb683	Vsa.Sim.DecodeTable.Batch02Part19
000ed463	Vsa.Sim.DecodeTable.Batch02Part19
000f0313	Vsa.Sim.DecodeTable.Batch02Part19
000f0413	Vsa.Sim.DecodeTable.Batch02Part19
000f0463	Vsa.Sim.DecodeTable.Batch02Part19
000f0613	Vsa.Sim.DecodeTable.Batch02Part19
000f0693	Vsa.Sim.DecodeTable.Batch02Part19
000f0c13	Vsa.Sim.DecodeTable.Batch02Part19
000f1463	Vsa.Sim.DecodeTable.Batch02Part19
000f3883	Vsa.Sim.DecodeTable.Batch02Part19
000f831b	Vsa.Sim.DecodeTable.Batch02Part19
000f8463	Vsa.Sim.DecodeTable.Batch02Part19
000f851b	Vsa.Sim.DecodeTable.Batch02Part19
000f8713	Vsa.Sim.DecodeTable.Batch02Part19
000f8893	Vsa.Sim.DecodeTable.Batch02Part19
000f8b13	Vsa.Sim.DecodeTable.Batch02Part20
000f8c93	Vsa.Sim.DecodeTable.Batch02Part20
000f8c9b	Vsa.Sim.DecodeTable.Batch02Part20
000f8f9b	Vsa.Sim.DecodeTable.Batch02Part20
000f9463	Vsa.Sim.DecodeTable.Batch02Part20
00100313	Vsa.Sim.DecodeTable.Batch02Part20
00100413	Vsa.Sim.DecodeTable.Batch02Part20
00100513	Vsa.Sim.DecodeTable.Batch02Part20
00100593	Vsa.Sim.DecodeTable.Batch02Part20
00100613	Vsa.Sim.DecodeTable.Batch02Part20
00100693	Vsa.Sim.DecodeTable.Batch02Part20
00100713	Vsa.Sim.DecodeTable.Batch02Part20
00100737	Vsa.Sim.DecodeTable.Batch02Part20
00100793	Vsa.Sim.DecodeTable.Batch02Part20
00100813	Vsa.Sim.DecodeTable.Batch02Part20
00100893	Vsa.Sim.DecodeTable.Batch02Part20
00100a13	Vsa.Sim.DecodeTable.Batch02Part21
00100a93	Vsa.Sim.DecodeTable.Batch02Part21
00100b13	Vsa.Sim.DecodeTable.Batch02Part21
00100b93	Vsa.Sim.DecodeTable.Batch02Part21
00100c93	Vsa.Sim.DecodeTable.Batch02Part21
00100d93	Vsa.Sim.DecodeTable.Batch02Part21
00100e13	Vsa.Sim.DecodeTable.Batch02Part21
00100e93	Vsa.Sim.DecodeTable.Batch02Part21
00113423	Vsa.Sim.DecodeTable.Batch02Part21
00113c23	Vsa.Sim.DecodeTable.Batch02Part21
00131693	Vsa.Sim.DecodeTable.Batch02Part21
0013181b	Vsa.Sim.DecodeTable.Batch02Part21
00133313	Vsa.Sim.DecodeTable.Batch02Part21
00136313	Vsa.Sim.DecodeTable.Batch02Part21
00137513	Vsa.Sim.DecodeTable.Batch02Part21
00137713	Vsa.Sim.DecodeTable.Batch02Part21
00137793	Vsa.Sim.DecodeTable.Batch02Part22
00140413	Vsa.Sim.DecodeTable.Batch02Part22
0014041b	Vsa.Sim.DecodeTable.Batch02Part22
00141713	Vsa.Sim.DecodeTable.Batch02Part22
00141c93	Vsa.Sim.DecodeTable.Batch02Part22
00147793	Vsa.Sim.DecodeTable.Batch02Part22
0014849b	Vsa.Sim.DecodeTable.Batch02Part22
0014871b	Vsa.Sim.DecodeTable.Batch02Part22
0014879b	Vsa.Sim.DecodeTable.Batch02Part22
0014e493	Vsa.Sim.DecodeTable.Batch02Part22
0014f793	Vsa.Sim.DecodeTable.Batch02Part22
00150413	Vsa.Sim.DecodeTable.Batch02Part22
00150493	Vsa.Sim.DecodeTable.Batch02Part22
00150513	Vsa.Sim.DecodeTable.Batch02Part22
0015051b	Vsa.Sim.DecodeTable.Batch02Part22
00150613	Vsa.Sim.DecodeTable.Batch02Part22
00151513	Vsa.Sim.DecodeTable.Batch02Part23
00153023	Vsa.Sim.DecodeTable.Batch02Part23
00153513	Vsa.Sim.DecodeTable.Batch02Part23
00153593	Vsa.Sim.DecodeTable.Batch02Part23
00156513	Vsa.Sim.DecodeTable.Batch02Part23
00157313	Vsa.Sim.DecodeTable.Batch02Part23
00158593	Vsa.Sim.DecodeTable.Batch02Part23
0015859b	Vsa.Sim.DecodeTable.Batch02Part23
0015881b	Vsa.Sim.DecodeTable.Batch02Part23
00158e9b	Vsa.Sim.DecodeTable.Batch02Part23
00159713	Vsa.Sim.DecodeTable.Batch02Part23
0015a593	Vsa.Sim.DecodeTable.Batch02Part23
0015b513	Vsa.Sim.DecodeTable.Batch02Part23
0015c593	Vsa.Sim.DecodeTable.Batch02Part23
0015c703	Vsa.Sim.DecodeTable.Batch02Part23
0015d593	Vsa.Sim.DecodeTable.Batch02Part23
0015e613	Vsa.Sim.DecodeTable.Batch02Part24
0015e693	Vsa.Sim.DecodeTable.Batch02Part24
0015f593	Vsa.Sim.DecodeTable.Batch02Part24
0015f693	Vsa.Sim.DecodeTable.Batch02Part24
00160613	Vsa.Sim.DecodeTable.Batch02Part24
0016071b	Vsa.Sim.DecodeTable.Batch02Part24
00161613	Vsa.Sim.DecodeTable.Batch02Part24
0016171b	Vsa.Sim.DecodeTable.Batch02Part24
00163613	Vsa.Sim.DecodeTable.Batch02Part24
00164783	Vsa.Sim.DecodeTable.Batch02Part24
00165613	Vsa.Sim.DecodeTable.Batch02Part24
00166613	Vsa.Sim.DecodeTable.Batch02Part24
0016849b	Vsa.Sim.DecodeTable.Batch02Part24
0016859b	Vsa.Sim.DecodeTable.Batch02Part24
00168613	Vsa.Sim.DecodeTable.Batch02Part24
00168693	Vsa.Sim.DecodeTable.Batch02Part24
0016869b	Vsa.Sim.DecodeTable.Batch02Part25
00168793	Vsa.Sim.DecodeTable.Batch02Part25
00168b1b	Vsa.Sim.DecodeTable.Batch02Part25
00168d9b	Vsa.Sim.DecodeTable.Batch02Part25
00169513	Vsa.Sim.DecodeTable.Batch02Part25
00169593	Vsa.Sim.DecodeTable.Batch02Part25
00169693	Vsa.Sim.DecodeTable.Batch02Part25
0016c783	Vsa.Sim.DecodeTable.Batch02Part25
0016d613	Vsa.Sim.DecodeTable.Batch02Part25
0016d693	Vsa.Sim.DecodeTable.Batch02Part25
0016d793	Vsa.Sim.DecodeTable.Batch02Part25
0016e613	Vsa.Sim.DecodeTable.Batch02Part25
0016e693	Vsa.Sim.DecodeTable.Batch02Part25
0016e793	Vsa.Sim.DecodeTable.Batch02Part25
0016f613	Vsa.Sim.DecodeTable.Batch02Part25
0016f693	Vsa.Sim.DecodeTable.Batch02Part25
0016f793	Vsa.Sim.DecodeTable.Batch02Part26
00170593	Vsa.Sim.DecodeTable.Batch02Part26
00170713	Vsa.Sim.DecodeTable.Batch02Part26
0017071b	Vsa.Sim.DecodeTable.Batch02Part26
00170793	Vsa.Sim.DecodeTable.Batch02Part26
0017081b	Vsa.Sim.DecodeTable.Batch02Part26
00170d9b	Vsa.Sim.DecodeTable.Batch02Part26
00173713	Vsa.Sim.DecodeTable.Batch02Part26
00174713	Vsa.Sim.DecodeTable.Batch02Part26
00175693	Vsa.Sim.DecodeTable.Batch02Part26
00176613	Vsa.Sim.DecodeTable.Batch02Part26
00176713	Vsa.Sim.DecodeTable.Batch02Part26
00176893	Vsa.Sim.DecodeTable.Batch02Part26
00177613	Vsa.Sim.DecodeTable.Batch02Part26
00177693	Vsa.Sim.DecodeTable.Batch02Part26
00177713	Vsa.Sim.DecodeTable.Batch02Part26
00178513	Vsa.Sim.DecodeTable.Batch02Part27
00178693	Vsa.Sim.DecodeTable.Batch02Part27
0017869b	Vsa.Sim.DecodeTable.Batch02Part27
00178713	Vsa.Sim.DecodeTable.Batch02Part27
00178793	Vsa.Sim.DecodeTable.Batch02Part27
0017879b	Vsa.Sim.DecodeTable.Batch02Part27
0017891b	Vsa.Sim.DecodeTable.Batch02Part27
00178c9b	Vsa.Sim.DecodeTable.Batch02Part27
00179493	Vsa.Sim.DecodeTable.Batch17
00179593	Vsa.Sim.DecodeTable.Batch02Part27
00179693	Vsa.Sim.DecodeTable.Batch02Part27
0017979b	Vsa.Sim.DecodeTable.Batch02Part27
0017a713	Vsa.Sim.DecodeTable.Batch02Part27
0017b793	Vsa.Sim.DecodeTable.Batch02Part27
0017c703	Vsa.Sim.DecodeTable.Batch02Part27
0017d79b	Vsa.Sim.DecodeTable.Batch02Part27
0017e693	Vsa.Sim.DecodeTable.Batch02Part27
0017e793	Vsa.Sim.DecodeTable.Batch02Part28
0017e813	Vsa.Sim.DecodeTable.Batch02Part28
0017f613	Vsa.Sim.DecodeTable.Batch02Part28
0017f693	Vsa.Sim.DecodeTable.Batch02Part28
0017f793	Vsa.Sim.DecodeTable.Batch02Part28
00180813	Vsa.Sim.DecodeTable.Batch02Part28
0018081b	Vsa.Sim.DecodeTable.Batch02Part28
00185693	Vsa.Sim.DecodeTable.Batch02Part28
00187813	Vsa.Sim.DecodeTable.Batch02Part28
0018951b	Vsa.Sim.DecodeTable.Batch02Part28
00189693	Vsa.Sim.DecodeTable.Batch02Part28
0018989b	Vsa.Sim.DecodeTable.Batch02Part28
00189f13	Vsa.Sim.DecodeTable.Batch02Part28
0018b713	Vsa.Sim.DecodeTable.Batch02Part28
0018f893	Vsa.Sim.DecodeTable.Batch02Part28
0019091b	Vsa.Sim.DecodeTable.Batch02Part28
00197493	Vsa.Sim.DecodeTable.Batch02Part29
00197913	Vsa.Sim.DecodeTable.Batch02Part29
00198793	Vsa.Sim.DecodeTable.Batch02Part29
0019899b	Vsa.Sim.DecodeTable.Batch02Part29
00198b13	Vsa.Sim.DecodeTable.Batch02Part29
00198d93	Vsa.Sim.DecodeTable.Batch02Part29
001a0593	Vsa.Sim.DecodeTable.Batch02Part29
001a059b	Vsa.Sim.DecodeTable.Batch02Part29
001a0613	Vsa.Sim.DecodeTable.Batch02Part29
001a081b	Vsa.Sim.DecodeTable.Batch02Part29
001a0a13	Vsa.Sim.DecodeTable.Batch02Part29
001a0a1b	Vsa.Sim.DecodeTable.Batch02Part29
001a4703	Vsa.Sim.DecodeTable.Batch02Part29
001a4783	Vsa.Sim.DecodeTable.Batch02Part29
001a5793	Vsa.Sim.DecodeTable.Batch02Part29
001a6a13	Vsa.Sim.DecodeTable.Batch02Part29
001a7793	Vsa.Sim.DecodeTable.Batch02Part30
001a891b	Vsa.Sim.DecodeTable.Batch02Part30
001a8a9b	Vsa.Sim.DecodeTable.Batch02Part30
001b059b	Vsa.Sim.DecodeTable.Batch02Part30
001b071b	Vsa.Sim.DecodeTable.Batch02Part30
001b0793	Vsa.Sim.DecodeTable.Batch02Part30
001b0b13	Vsa.Sim.DecodeTable.Batch02Part30
001b0b1b	Vsa.Sim.DecodeTable.Batch02Part30
001b4c03	Vsa.Sim.DecodeTable.Batch02Part30
001b5b13	Vsa.Sim.DecodeTable.Batch02Part30
001b7713	Vsa.Sim.DecodeTable.Batch02Part30
001b8713	Vsa.Sim.DecodeTable.Batch02Part30
001b8b93	Vsa.Sim.DecodeTable.Batch02Part30
001b8b9b	Vsa.Sim.DecodeTable.Batch02Part30
001b8c1b	Vsa.Sim.DecodeTable.Batch02Part30
001bc793	Vsa.Sim.DecodeTable.Batch02Part30
001bfb93	Vsa.Sim.DecodeTable.Batch02Part31
001c0613	Vsa.Sim.DecodeTable.Batch02Part31
001c0c13	Vsa.Sim.DecodeTable.Batch02Part31
001c4883	Vsa.Sim.DecodeTable.Batch02Part31
001c8613	Vsa.Sim.DecodeTable.Batch02Part31
001c8793	Vsa.Sim.DecodeTable.Batch02Part31
001c8c13	Vsa.Sim.DecodeTable.Batch02Part31
001c8c93	Vsa.Sim.DecodeTable.Batch02Part31
001c8c9b	Vsa.Sim.DecodeTable.Batch02Part31
001c9b13	Vsa.Sim.DecodeTable.Batch02Part31
001cc883	Vsa.Sim.DecodeTable.Batch02Part31
001ccc03	Vsa.Sim.DecodeTable.Batch02Part31
001cdc93	Vsa.Sim.DecodeTable.Batch02Part31
001d0793	Vsa.Sim.DecodeTable.Batch02Part31
001d0b13	Vsa.Sim.DecodeTable.Batch02Part31
001d0d13	Vsa.Sim.DecodeTable.Batch02Part31
001d4783	Vsa.Sim.DecodeTable.Batch02Part32
001d7713	Vsa.Sim.DecodeTable.Batch02Part32
001d851b	Vsa.Sim.DecodeTable.Batch02Part32
001d8613	Vsa.Sim.DecodeTable.Batch02Part32
001d8a13	Vsa.Sim.DecodeTable.Batch02Part32
001d8d93	Vsa.Sim.DecodeTable.Batch02Part32
001d8d9b	Vsa.Sim.DecodeTable.Batch02Part32
001dc703	Vsa.Sim.DecodeTable.Batch02Part32
001df513	Vsa.Sim.DecodeTable.Batch02Part32
001dfd93	Vsa.Sim.DecodeTable.Batch02Part32
001e1e1b	Vsa.Sim.DecodeTable.Batch02Part32
001e5693	Vsa.Sim.DecodeTable.Batch02Part32
001e7693	Vsa.Sim.DecodeTable.Batch02Part32
001e7713	Vsa.Sim.DecodeTable.Batch02Part32
001e7793	Vsa.Sim.DecodeTable.Batch02Part32
001e7e13	Vsa.Sim.DecodeTable.Batch02Part32
001e8e9b	Vsa.Sim.DecodeTable.Batch03Part01
001e9e9b	Vsa.Sim.DecodeTable.Batch03Part01
001ede13	Vsa.Sim.DecodeTable.Batch03Part01
001f8f9b	Vsa.Sim.DecodeTable.Batch03Part01
00200293	Vsa.Sim.DecodeTable.Batch03Part01
00200313	Vsa.Sim.DecodeTable.Batch03Part01
00200513	Vsa.Sim.DecodeTable.Batch03Part01
00200593	Vsa.Sim.DecodeTable.Batch03Part01
00200613	Vsa.Sim.DecodeTable.Batch03Part01
00200693	Vsa.Sim.DecodeTable.Batch03Part01
00200713	Vsa.Sim.DecodeTable.Batch03Part01
00200793	Vsa.Sim.DecodeTable.Batch03Part01
00200d13	Vsa.Sim.DecodeTable.Batch03Part01
00200d93	Vsa.Sim.DecodeTable.Batch03Part01
00200e13	Vsa.Sim.DecodeTable.Batch03Part01
00200f13	Vsa.Sim.DecodeTable.Batch03Part01
00200f93	Vsa.Sim.DecodeTable.Batch03Part02
00236313	Vsa.Sim.DecodeTable.Batch03Part02
00236793	Vsa.Sim.DecodeTable.Batch03Part02
00241713	Vsa.Sim.DecodeTable.Batch03Part02
0024179b	Vsa.Sim.DecodeTable.Batch03Part02
00249493	Vsa.Sim.DecodeTable.Batch03Part02
0025051b	Vsa.Sim.DecodeTable.Batch03Part02
0025c683	Vsa.Sim.DecodeTable.Batch03Part02
00260613	Vsa.Sim.DecodeTable.Batch03Part02
00261613	Vsa.Sim.DecodeTable.Batch03Part02
0026179b	Vsa.Sim.DecodeTable.Batch03Part02
00266793	Vsa.Sim.DecodeTable.Batch03Part02
0026869b	Vsa.Sim.DecodeTable.Batch03Part02
00269693	Vsa.Sim.DecodeTable.Batch03Part02
0026979b	Vsa.Sim.DecodeTable.Batch03Part02
0026f793	Vsa.Sim.DecodeTable.Batch03Part02
00270713	Vsa.Sim.DecodeTable.Batch03Part03
0027071b	Vsa.Sim.DecodeTable.Batch03Part03
00271713	Vsa.Sim.DecodeTable.Batch03Part03
00276713	Vsa.Sim.DecodeTable.Batch03Part03
00277613	Vsa.Sim.DecodeTable.Batch03Part03
00277793	Vsa.Sim.DecodeTable.Batch03Part03
00279613	Vsa.Sim.DecodeTable.Batch03Part03
00279693	Vsa.Sim.DecodeTable.Batch03Part03
00279793	Vsa.Sim.DecodeTable.Batch03Part03
00279993	Vsa.Sim.DecodeTable.Batch03Part03
0027d69b	Vsa.Sim.DecodeTable.Batch03Part03
0027d79b	Vsa.Sim.DecodeTable.Batch03Part03
0027f313	Vsa.Sim.DecodeTable.Batch03Part03
0027f713	Vsa.Sim.DecodeTable.Batch03Part03
0027ff93	Vsa.Sim.DecodeTable.Batch03Part03
0028081b	Vsa.Sim.DecodeTable.Batch03Part03
00281813	Vsa.Sim.DecodeTable.Batch03Part04
0028889b	Vsa.Sim.DecodeTable.Batch03Part04
00289813	Vsa.Sim.DecodeTable.Batch03Part04
00291793	Vsa.Sim.DecodeTable.Batch03Part04
00291b13	Vsa.Sim.DecodeTable.Batch03Part04
00299793	Vsa.Sim.DecodeTable.Batch03Part04
002a6e13	Vsa.Sim.DecodeTable.Batch03Part04
002a891b	Vsa.Sim.DecodeTable.Batch03Part04
002b1b13	Vsa.Sim.DecodeTable.Batch03Part04
002bd503	Vsa.Sim.DecodeTable.Batch03Part04
002d8d9b	Vsa.Sim.DecodeTable.Batch03Part04
002d979b	Vsa.Sim.DecodeTable.Batch03Part04
002e6793	Vsa.Sim.DecodeTable.Batch03Part04
002e6e13	Vsa.Sim.DecodeTable.Batch03Part04
002f0f1b	Vsa.Sim.DecodeTable.Batch03Part04
002f9f93	Vsa.Sim.DecodeTable.Batch03Part04
00300313	Vsa.Sim.DecodeTable.Batch03Part05
00300513	Vsa.Sim.DecodeTable.Batch03Part05
00300613	Vsa.Sim.DecodeTable.Batch03Part05
00300693	Vsa.Sim.DecodeTable.Batch03Part05
00300713	Vsa.Sim.DecodeTable.Batch03Part05
00300793	Vsa.Sim.DecodeTable.Batch03Part05
00300993	Vsa.Sim.DecodeTable.Batch03Part05
00300b13	Vsa.Sim.DecodeTable.Batch03Part05
00300d93	Vsa.Sim.DecodeTable.Batch03Part05
00300e13	Vsa.Sim.DecodeTable.Batch03Part05
00331f13	Vsa.Sim.DecodeTable.Batch03Part05
00335313	Vsa.Sim.DecodeTable.Batch03Part05
00341713	Vsa.Sim.DecodeTable.Batch03Part05
00341793	Vsa.Sim.DecodeTable.Batch03Part05
00349493	Vsa.Sim.DecodeTable.Batch17
0035051b	Vsa.Sim.DecodeTable.Batch03Part05
00351513	Vsa.Sim.DecodeTable.Batch03Part05
00351613	Vsa.Sim.DecodeTable.Batch03Part06
00351713	Vsa.Sim.DecodeTable.Batch03Part06
00352513	Vsa.Sim.DecodeTable.Batch03Part06
00359593	Vsa.Sim.DecodeTable.Batch03Part06
0035c783	Vsa.Sim.DecodeTable.Batch03Part06
00365613	Vsa.Sim.DecodeTable.Batch03Part06
00366513	Vsa.Sim.DecodeTable.Batch03Part06
00367793	Vsa.Sim.DecodeTable.Batch03Part06
00369613	Vsa.Sim.DecodeTable.Batch03Part06
00369693	Vsa.Sim.DecodeTable.Batch03Part06
0036d713	Vsa.Sim.DecodeTable.Batch03Part06
0037071b	Vsa.Sim.DecodeTable.Batch03Part06
00371693	Vsa.Sim.DecodeTable.Batch03Part06
00371713	Vsa.Sim.DecodeTable.Batch03Part06
00371e13	Vsa.Sim.DecodeTable.Batch03Part06
00375713	Vsa.Sim.DecodeTable.Batch03Part06
00375893	Vsa.Sim.DecodeTable.Batch03Part07
00376713	Vsa.Sim.DecodeTable.Batch03Part07
00377713	Vsa.Sim.DecodeTable.Batch03Part07
0037889b	Vsa.Sim.DecodeTable.Batch03Part07
00379593	Vsa.Sim.DecodeTable.Batch03Part07
00379793	Vsa.Sim.DecodeTable.Batch03Part07
00379893	Vsa.Sim.DecodeTable.Batch03Part07
00379913	Vsa.Sim.DecodeTable.Batch03Part07
00379b13	Vsa.Sim.DecodeTable.Batch03Part07
0037d793	Vsa.Sim.DecodeTable.Batch03Part07
0037d79b	Vsa.Sim.DecodeTable.Batch03Part07
0037f693	Vsa.Sim.DecodeTable.Batch03Part07
00381713	Vsa.Sim.DecodeTable.Batch03Part07
00381813	Vsa.Sim.DecodeTable.Batch03Part07
00389893	Vsa.Sim.DecodeTable.Batch03Part07
00389e93	Vsa.Sim.DecodeTable.Batch03Part07
0038f793	Vsa.Sim.DecodeTable.Batch03Part08
003a9713	Vsa.Sim.DecodeTable.Batch03Part08
003a9793	Vsa.Sim.DecodeTable.Batch03Part08
003e5713	Vsa.Sim.DecodeTable.Batch03Part08
003ed713	Vsa.Sim.DecodeTable.Batch03Part08
003f1f13	Vsa.Sim.DecodeTable.Batch03Part08
003f5713	Vsa.Sim.DecodeTable.Batch03Part08
003ff793	Vsa.Sim.DecodeTable.Batch03Part08
0040006f	Vsa.Sim.DecodeTable.Batch03Part08
00400593	Vsa.Sim.DecodeTable.Batch03Part08
00400613	Vsa.Sim.DecodeTable.Batch03Part08
00400693	Vsa.Sim.DecodeTable.Batch03Part08
00400713	Vsa.Sim.DecodeTable.Batch03Part08
00400793	Vsa.Sim.DecodeTable.Batch03Part08
00400813	Vsa.Sim.DecodeTable.Batch03Part08
00400893	Vsa.Sim.DecodeTable.Batch03Part08
0040106f	Vsa.Sim.DecodeTable.Batch03Part09
0040206f	Vsa.Sim.DecodeTable.Batch03Part09
00430313	Vsa.Sim.DecodeTable.Batch03Part09
00436313	Vsa.Sim.DecodeTable.Batch03Part09
00437313	Vsa.Sim.DecodeTable.Batch03Part09
00442403	Vsa.Sim.DecodeTable.Batch03Part09
00442583	Vsa.Sim.DecodeTable.Batch03Part09
00448493	Vsa.Sim.DecodeTable.Batch03Part09
0044a683	Vsa.Sim.DecodeTable.Batch03Part09
0045051b	Vsa.Sim.DecodeTable.Batch03Part09
00452783	Vsa.Sim.DecodeTable.Batch03Part09
00458593	Vsa.Sim.DecodeTable.Batch03Part09
0045c703	Vsa.Sim.DecodeTable.Batch03Part09
00460613	Vsa.Sim.DecodeTable.Batch03Part09
00462583	Vsa.Sim.DecodeTable.Batch03Part09
00465613	Vsa.Sim.DecodeTable.Batch03Part09
00468693	Vsa.Sim.DecodeTable.Batch03Part10
00470693	Vsa.Sim.DecodeTable.Batch03Part10
00470713	Vsa.Sim.DecodeTable.Batch03Part10
0047071b	Vsa.Sim.DecodeTable.Batch03Part10
00470f13	Vsa.Sim.DecodeTable.Batch03Part10
00471713	Vsa.Sim.DecodeTable.Batch03Part10
00475713	Vsa.Sim.DecodeTable.Batch03Part10
00477693	Vsa.Sim.DecodeTable.Batch03Part10
00478793	Vsa.Sim.DecodeTable.Batch03Part10
0047971b	Vsa.Sim.DecodeTable.Batch03Part10
0047d79b	Vsa.Sim.DecodeTable.Batch03Part10
0047f793	Vsa.Sim.DecodeTable.Batch03Part10
00488893	Vsa.Sim.DecodeTable.Batch03Part10
0048889b	Vsa.Sim.DecodeTable.Batch03Part10
00490913	Vsa.Sim.DecodeTable.Batch03Part10
004a0a13	Vsa.Sim.DecodeTable.Batch03Part10
004a2783	Vsa.Sim.DecodeTable.Batch03Part11
004a6a13	Vsa.Sim.DecodeTable.Batch03Part11
004a8a93	Vsa.Sim.DecodeTable.Batch03Part11
004b2c83	Vsa.Sim.DecodeTable.Batch03Part11
004b8b93	Vsa.Sim.DecodeTable.Batch03Part11
004c0c13	Vsa.Sim.DecodeTable.Batch03Part11
004c8c93	Vsa.Sim.DecodeTable.Batch03Part11
004e0e13	Vsa.Sim.DecodeTable.Batch03Part11
004e7e13	Vsa.Sim.DecodeTable.Batch03Part11
004e8e13	Vsa.Sim.DecodeTable.Batch03Part11
004e8e93	Vsa.Sim.DecodeTable.Batch03Part11
004f8f9b	Vsa.Sim.DecodeTable.Batch03Part11
00500613	Vsa.Sim.DecodeTable.Batch03Part11
00500713	Vsa.Sim.DecodeTable.Batch03Part11
00500793	Vsa.Sim.DecodeTable.Batch03Part11
0050106f	Vsa.Sim.DecodeTable.Batch03Part11
005040ef	Vsa.Sim.DecodeTable.Batch03Part12
0054179b	Vsa.Sim.DecodeTable.Batch03Part12
0055c783	Vsa.Sim.DecodeTable.Batch03Part12
00565793	Vsa.Sim.DecodeTable.Batch03Part12
00568693	Vsa.Sim.DecodeTable.Batch03Part12
005686b3	Vsa.Sim.DecodeTable.Batch03Part12
00579793	Vsa.Sim.DecodeTable.Batch03Part12
00579813	Vsa.Sim.DecodeTable.Batch03Part12
0057b423	Vsa.Sim.DecodeTable.Batch03Part12
005e0e13	Vsa.Sim.DecodeTable.Batch03Part12
005e8e13	Vsa.Sim.DecodeTable.Batch03Part12
005f0693	Vsa.Sim.DecodeTable.Batch03Part12
00600513	Vsa.Sim.DecodeTable.Batch03Part12
00600713	Vsa.Sim.DecodeTable.Batch03Part12
00600793	Vsa.Sim.DecodeTable.Batch03Part12
00600a13	Vsa.Sim.DecodeTable.Batch03Part12
00600b13	Vsa.Sim.DecodeTable.Batch03Part13
00613023	Vsa.Sim.DecodeTable.Batch03Part13
00613423	Vsa.Sim.DecodeTable.Batch03Part13
00613823	Vsa.Sim.DecodeTable.Batch03Part13
00613c23	Vsa.Sim.DecodeTable.Batch03Part13
0062e2b3	Vsa.Sim.DecodeTable.Batch03Part13
00635693	Vsa.Sim.DecodeTable.Batch03Part13
0065bc23	Vsa.Sim.DecodeTable.Batch03Part13
0065c703	Vsa.Sim.DecodeTable.Batch03Part13
00660633	Vsa.Sim.DecodeTable.Batch03Part13
00661633	Vsa.Sim.DecodeTable.Batch03Part13
006686b3	Vsa.Sim.DecodeTable.Batch03Part13
006687b3	Vsa.Sim.DecodeTable.Batch03Part13
0066d6bb	Vsa.Sim.DecodeTable.Batch03Part13
00675793	Vsa.Sim.DecodeTable.Batch03Part13
00678333	Vsa.Sim.DecodeTable.Batch03Part13
00678633	Vsa.Sim.DecodeTable.Batch03Part14
006786bb	Vsa.Sim.DecodeTable.Batch03Part14
006787b3	Vsa.Sim.DecodeTable.Batch03Part14
0067979b	Vsa.Sim.DecodeTable.Batch03Part14
006797b3	Vsa.Sim.DecodeTable.Batch03Part14
0067d463	Vsa.Sim.DecodeTable.Batch03Part14
0067d693	Vsa.Sim.DecodeTable.Batch03Part14
0068083b	Vsa.Sim.DecodeTable.Batch03Part14
0068b023	Vsa.Sim.DecodeTable.Batch03Part14
0068e533	Vsa.Sim.DecodeTable.Batch03Part14
006a071b	Vsa.Sim.DecodeTable.Batch03Part14
006b06bb	Vsa.Sim.DecodeTable.Batch03Part14
006c8d33	Vsa.Sim.DecodeTable.Batch03Part14
00700293	Vsa.Sim.DecodeTable.Batch03Part14
00700393	Vsa.Sim.DecodeTable.Batch03Part14
00700513	Vsa.Sim.DecodeTable.Batch03Part14
00700593	Vsa.Sim.DecodeTable.Batch03Part15
00700693	Vsa.Sim.DecodeTable.Batch03Part15
00700713	Vsa.Sim.DecodeTable.Batch03Part15
00700793	Vsa.Sim.DecodeTable.Batch03Part15
00700813	Vsa.Sim.DecodeTable.Batch03Part15
00700b13	Vsa.Sim.DecodeTable.Batch03Part15
00700c13	Vsa.Sim.DecodeTable.Batch03Part15
00700c93	Vsa.Sim.DecodeTable.Batch03Part15
00700d13	Vsa.Sim.DecodeTable.Batch03Part15
00700d93	Vsa.Sim.DecodeTable.Batch03Part15
00700e13	Vsa.Sim.DecodeTable.Batch03Part15
00700e93	Vsa.Sim.DecodeTable.Batch03Part15
00751693	Vsa.Sim.DecodeTable.Batch03Part15
00757793	Vsa.Sim.DecodeTable.Batch03Part15
00767613	Vsa.Sim.DecodeTable.Batch03Part15
00767713	Vsa.Sim.DecodeTable.Batch03Part15
00769793	Vsa.Sim.DecodeTable.Batch03Part16
0076f613	Vsa.Sim.DecodeTable.Batch03Part16
0076f713	Vsa.Sim.DecodeTable.Batch03Part16
0076f793	Vsa.Sim.DecodeTable.Batch03Part16
00770733	Vsa.Sim.DecodeTable.Batch03Part16
00777693	Vsa.Sim.DecodeTable.Batch03Part16
00777713	Vsa.Sim.DecodeTable.Batch03Part16
00777793	Vsa.Sim.DecodeTable.Batch03Part16
00779613	Vsa.Sim.DecodeTable.Batch03Part16
00779713	Vsa.Sim.DecodeTable.Batch03Part16
0077f713	Vsa.Sim.DecodeTable.Batch03Part16
0077f793	Vsa.Sim.DecodeTable.Batch03Part16
007e7713	Vsa.Sim.DecodeTable.Batch03Part16
007e7793	Vsa.Sim.DecodeTable.Batch03Part16
0080006f	Vsa.Sim.DecodeTable.Batch03Part16
00800593	Vsa.Sim.DecodeTable.Batch03Part16
00800613	Vsa.Sim.DecodeTable.Batch03Part17
00800713	Vsa.Sim.DecodeTable.Batch03Part17
00800793	Vsa.Sim.DecodeTable.Batch03Part17
00800813	Vsa.Sim.DecodeTable.Batch03Part17
0080206f	Vsa.Sim.DecodeTable.Batch03Part17
008060ef	Vsa.Sim.DecodeTable.Batch03Part17
00810513	Vsa.Sim.DecodeTable.Batch03Part17
00810593	Vsa.Sim.DecodeTable.Batch03Part17
00810713	Vsa.Sim.DecodeTable.Batch03Part17
00812423	Vsa.Sim.DecodeTable.Batch03Part17
00812683	Vsa.Sim.DecodeTable.Batch03Part17
00813023	Vsa.Sim.DecodeTable.Batch03Part17
00813083	Vsa.Sim.DecodeTable.Batch03Part17
00813303	Vsa.Sim.DecodeTable.Batch03Part17
00813403	Vsa.Sim.DecodeTable.Batch03Part17
00813503	Vsa.Sim.DecodeTable.Batch03Part17
00813583	Vsa.Sim.DecodeTable.Batch03Part18
00813603	Vsa.Sim.DecodeTable.Batch03Part18
00813683	Vsa.Sim.DecodeTable.Batch03Part18
00813703	Vsa.Sim.DecodeTable.Batch03Part18
00813783	Vsa.Sim.DecodeTable.Batch03Part18
00813803	Vsa.Sim.DecodeTable.Batch03Part18
00813823	Vsa.Sim.DecodeTable.Batch03Part18
00813883	Vsa.Sim.DecodeTable.Batch03Part18
00813983	Vsa.Sim.DecodeTable.Batch03Part18
00813a03	Vsa.Sim.DecodeTable.Batch03Part18
00813a83	Vsa.Sim.DecodeTable.Batch03Part18
00813b83	Vsa.Sim.DecodeTable.Batch03Part18
00813c03	Vsa.Sim.DecodeTable.Batch03Part18
00813c23	Vsa.Sim.DecodeTable.Batch03Part18
00813c83	Vsa.Sim.DecodeTable.Batch03Part18
00816583	Vsa.Sim.DecodeTable.Batch03Part18
00833703	Vsa.Sim.DecodeTable.Batch03Part19
00833883	Vsa.Sim.DecodeTable.Batch03Part19
00836313	Vsa.Sim.DecodeTable.Batch03Part19
00837793	Vsa.Sim.DecodeTable.Batch03Part19
00840413	Vsa.Sim.DecodeTable.Batch03Part19
00842583	Vsa.Sim.DecodeTable.Batch03Part19
00842603	Vsa.Sim.DecodeTable.Batch03Part19
00842703	Vsa.Sim.DecodeTable.Batch03Part19
00843583	Vsa.Sim.DecodeTable.Batch03Part19
00843603	Vsa.Sim.DecodeTable.Batch03Part19
00843683	Vsa.Sim.DecodeTable.Batch03Part19
00843703	Vsa.Sim.DecodeTable.Batch03Part19
00843783	Vsa.Sim.DecodeTable.Batch03Part19
00843903	Vsa.Sim.DecodeTable.Batch03Part19
00848493	Vsa.Sim.DecodeTable.Batch03Part19
0084a783	Vsa.Sim.DecodeTable.Batch03Part19
0084b603	Vsa.Sim.DecodeTable.Batch03Part20
0084b903	Vsa.Sim.DecodeTable.Batch03Part20
0084b983	Vsa.Sim.DecodeTable.Batch03Part20
0084bb83	Vsa.Sim.DecodeTable.Batch03Part20
0085043b	Vsa.Sim.DecodeTable.Batch03Part20
00850513	Vsa.Sim.DecodeTable.Batch03Part20
0085051b	Vsa.Sim.DecodeTable.Batch03Part20
00852503	Vsa.Sim.DecodeTable.Batch03Part20
00852783	Vsa.Sim.DecodeTable.Batch03Part20
00853023	Vsa.Sim.DecodeTable.Batch03Part20
00853403	Vsa.Sim.DecodeTable.Batch03Part20
00853423	Vsa.Sim.DecodeTable.Batch03Part20
00853503	Vsa.Sim.DecodeTable.Batch03Part20
00853583	Vsa.Sim.DecodeTable.Batch03Part20
00853603	Vsa.Sim.DecodeTable.Batch03Part20
00853683	Vsa.Sim.DecodeTable.Batch03Part20
00853783	Vsa.Sim.DecodeTable.Batch03Part21
00853b03	Vsa.Sim.DecodeTable.Batch03Part21
00853c23	Vsa.Sim.DecodeTable.Batch03Part21
00858593	Vsa.Sim.DecodeTable.Batch03Part21
00859693	Vsa.Sim.DecodeTable.Batch03Part21
0085979b	Vsa.Sim.DecodeTable.Batch03Part21
0085a583	Vsa.Sim.DecodeTable.Batch03Part21
0085a683	Vsa.Sim.DecodeTable.Batch03Part21
0085a703	Vsa.Sim.DecodeTable.Batch03Part21
0085a783	Vsa.Sim.DecodeTable.Batch03Part21
0085b283	Vsa.Sim.DecodeTable.Batch03Part21
0085b583	Vsa.Sim.DecodeTable.Batch03Part21
0085b683	Vsa.Sim.DecodeTable.Batch03Part21
0085b783	Vsa.Sim.DecodeTable.Batch03Part21
00860613	Vsa.Sim.DecodeTable.Batch03Part21
00860633	Vsa.Sim.DecodeTable.Batch03Part21
00861713	Vsa.Sim.DecodeTable.Batch03Part22
00862583	Vsa.Sim.DecodeTable.Batch03Part22
00863583	Vsa.Sim.DecodeTable.Batch03Part22
00863603	Vsa.Sim.DecodeTable.Batch03Part22
00863613	Vsa.Sim.DecodeTable.Batch03Part22
00863683	Vsa.Sim.DecodeTable.Batch03Part22
00863703	Vsa.Sim.DecodeTable.Batch03Part22
00863793	Vsa.Sim.DecodeTable.Batch03Part22
00868693	Vsa.Sim.DecodeTable.Batch03Part22
00868713	Vsa.Sim.DecodeTable.Batch03Part22
00869713	Vsa.Sim.DecodeTable.Batch03Part22
00869793	Vsa.Sim.DecodeTable.Batch03Part22
0086b503	Vsa.Sim.DecodeTable.Batch03Part22
0086b603	Vsa.Sim.DecodeTable.Batch03Part22
0086b703	Vsa.Sim.DecodeTable.Batch03Part22
0086b783	Vsa.Sim.DecodeTable.Batch03Part22
0086d463	Vsa.Sim.DecodeTable.Batch03Part23
0086f793	Vsa.Sim.DecodeTable.Batch03Part23
00870023	Vsa.Sim.DecodeTable.Batch03Part23
00870593	Vsa.Sim.DecodeTable.Batch03Part23
00870613	Vsa.Sim.DecodeTable.Batch03Part23
00870713	Vsa.Sim.DecodeTable.Batch03Part23
00870733	Vsa.Sim.DecodeTable.Batch03Part23
0087073b	Vsa.Sim.DecodeTable.Batch03Part23
00871693	Vsa.Sim.DecodeTable.Batch03Part23
00871793	Vsa.Sim.DecodeTable.Batch03Part23
00873603	Vsa.Sim.DecodeTable.Batch03Part23
00873683	Vsa.Sim.DecodeTable.Batch03Part23
00876713	Vsa.Sim.DecodeTable.Batch03Part23
00877693	Vsa.Sim.DecodeTable.Batch03Part23
00877793	Vsa.Sim.DecodeTable.Batch03Part23
00878593	Vsa.Sim.DecodeTable.Batch03Part23
00878613	Vsa.Sim.DecodeTable.Batch03Part24
00878793	Vsa.Sim.DecodeTable.Batch03Part24
008787bb	Vsa.Sim.DecodeTable.Batch03Part24
00878893	Vsa.Sim.DecodeTable.Batch03Part24
00878a13	Vsa.Sim.DecodeTable.Batch03Part24
00878ebb	Vsa.Sim.DecodeTable.Batch03Part24
00879713	Vsa.Sim.DecodeTable.Batch03Part24
0087979b	Vsa.Sim.DecodeTable.Batch03Part24
0087ac23	Vsa.Sim.DecodeTable.Batch03Part24
0087b023	Vsa.Sim.DecodeTable.Batch03Part24
0087b303	Vsa.Sim.DecodeTable.Batch03Part24
0087b483	Vsa.Sim.DecodeTable.Batch03Part24
0087b503	Vsa.Sim.DecodeTable.Batch03Part24
0087b583	Vsa.Sim.DecodeTable.Batch03Part24
0087b603	Vsa.Sim.DecodeTable.Batch03Part24
0087b683	Vsa.Sim.DecodeTable.Batch03Part24
0087b703	Vsa.Sim.DecodeTable.Batch03Part25
0087d79b	Vsa.Sim.DecodeTable.Batch03Part25
0087f463	Vsa.Sim.DecodeTable.Batch03Part25
0087f713	Vsa.Sim.DecodeTable.Batch03Part25
00883503	Vsa.Sim.DecodeTable.Batch03Part25
00883583	Vsa.Sim.DecodeTable.Batch03Part25
00883683	Vsa.Sim.DecodeTable.Batch03Part25
00883783	Vsa.Sim.DecodeTable.Batch03Part25
00883803	Vsa.Sim.DecodeTable.Batch03Part25
0088b503	Vsa.Sim.DecodeTable.Batch03Part25
0088b883	Vsa.Sim.DecodeTable.Batch03Part25
00892403	Vsa.Sim.DecodeTable.Batch03Part25
00892423	Vsa.Sim.DecodeTable.Batch03Part25
00892703	Vsa.Sim.DecodeTable.Batch03Part25
00892783	Vsa.Sim.DecodeTable.Batch03Part25
00892a23	Vsa.Sim.DecodeTable.Batch03Part25
00892c83	Vsa.Sim.DecodeTable.Batch03Part26
008a2583	Vsa.Sim.DecodeTable.Batch03Part26
008a2703	Vsa.Sim.DecodeTable.Batch03Part26
008a3483	Vsa.Sim.DecodeTable.Batch03Part26
008a3603	Vsa.Sim.DecodeTable.Batch03Part26
008a3783	Vsa.Sim.DecodeTable.Batch03Part26
008a6a13	Vsa.Sim.DecodeTable.Batch03Part26
008a7793	Vsa.Sim.DecodeTable.Batch03Part26
008a973b	Vsa.Sim.DecodeTable.Batch03Part26
008ab503	Vsa.Sim.DecodeTable.Batch03Part26
008ab603	Vsa.Sim.DecodeTable.Batch03Part26
008ab683	Vsa.Sim.DecodeTable.Batch03Part26
008bb023	Vsa.Sim.DecodeTable.Batch03Part26
008bb423	Vsa.Sim.DecodeTable.Batch03Part26
008c0593	Vsa.Sim.DecodeTable.Batch03Part26
008c0713	Vsa.Sim.DecodeTable.Batch03Part26
008c0c13	Vsa.Sim.DecodeTable.Batch03Part27
008c0e13	Vsa.Sim.DecodeTable.Batch03Part27
008c0f13	Vsa.Sim.DecodeTable.Batch03Part27
008d4463	Vsa.Sim.DecodeTable.Batch03Part27
008e1713	Vsa.Sim.DecodeTable.Batch03Part27
008e1793	Vsa.Sim.DecodeTable.Batch03Part27
008e3603	Vsa.Sim.DecodeTable.Batch03Part27
008e9713	Vsa.Sim.DecodeTable.Batch03Part27
008e9793	Vsa.Sim.DecodeTable.Batch03Part27
008f1793	Vsa.Sim.DecodeTable.Batch03Part27
00900513	Vsa.Sim.DecodeTable.Batch03Part27
00900593	Vsa.Sim.DecodeTable.Batch03Part27
00900693	Vsa.Sim.DecodeTable.Batch03Part27
00900713	Vsa.Sim.DecodeTable.Batch03Part27
00900793	Vsa.Sim.DecodeTable.Batch03Part27
00900893	Vsa.Sim.DecodeTable.Batch03Part27
00900d93	Vsa.Sim.DecodeTable.Batch03Part28
00904863	Vsa.Sim.DecodeTable.Batch03Part28
00913823	Vsa.Sim.DecodeTable.Batch03Part28
00913c23	Vsa.Sim.DecodeTable.Batch03Part28
00935693	Vsa.Sim.DecodeTable.Batch03Part28
009404b3	Vsa.Sim.DecodeTable.Batch17
00953823	Vsa.Sim.DecodeTable.Batch03Part28
00961693	Vsa.Sim.DecodeTable.Batch03Part28
00963023	Vsa.Sim.DecodeTable.Batch03Part28
00965613	Vsa.Sim.DecodeTable.Batch03Part28
009687b3	Vsa.Sim.DecodeTable.Batch03Part28
00969613	Vsa.Sim.DecodeTable.Batch03Part28
00969793	Vsa.Sim.DecodeTable.Batch03Part28
009707b3	Vsa.Sim.DecodeTable.Batch03Part28
00971693	Vsa.Sim.DecodeTable.Batch03Part28
00971793	Vsa.Sim.DecodeTable.Batch03Part28
00973423	Vsa.Sim.DecodeTable.Batch03Part28
00975713	Vsa.Sim.DecodeTable.Batch03Part29
00975793	Vsa.Sim.DecodeTable.Batch03Part29
009784b3	Vsa.Sim.DecodeTable.Batch03Part29
00978733	Vsa.Sim.DecodeTable.Batch03Part29
00978793	Vsa.Sim.DecodeTable.Batch03Part29
009787b3	Vsa.Sim.DecodeTable.Batch03Part29
00979713	Vsa.Sim.DecodeTable.Batch03Part29
00979793	Vsa.Sim.DecodeTable.Batch03Part29
0097d693	Vsa.Sim.DecodeTable.Batch03Part29
0099a023	Vsa.Sim.DecodeTable.Batch03Part29
009a2023	Vsa.Sim.DecodeTable.Batch03Part29
009b4c63	Vsa.Sim.DecodeTable.Batch03Part29
009e1713	Vsa.Sim.DecodeTable.Batch03Part29
00a00513	Vsa.Sim.DecodeTable.Batch03Part29
00a00593	Vsa.Sim.DecodeTable.Batch03Part29
00a00613	Vsa.Sim.DecodeTable.Batch03Part29
00a00693	Vsa.Sim.DecodeTable.Batch03Part30
00a00793	Vsa.Sim.DecodeTable.Batch03Part30
00a03533	Vsa.Sim.DecodeTable.Batch03Part30
00a036b3	Vsa.Sim.DecodeTable.Batch03Part30
00a04463	Vsa.Sim.DecodeTable.Batch03Part30
00a04e63	Vsa.Sim.DecodeTable.Batch03Part30
00a13023	Vsa.Sim.DecodeTable.Batch03Part30
00a13423	Vsa.Sim.DecodeTable.Batch03Part30
00a13823	Vsa.Sim.DecodeTable.Batch03Part30
00a13c23	Vsa.Sim.DecodeTable.Batch03Part30
00a40333	Vsa.Sim.DecodeTable.Batch03Part30
00a40433	Vsa.Sim.DecodeTable.Batch03Part30
00a4043b	Vsa.Sim.DecodeTable.Batch03Part30
00a43023	Vsa.Sim.DecodeTable.Batch03Part30
00a484bb	Vsa.Sim.DecodeTable.Batch03Part30
00a4b023	Vsa.Sim.DecodeTable.Batch03Part30
00a4b423	Vsa.Sim.DecodeTable.Batch03Part31
00a5b823	Vsa.Sim.DecodeTable.Batch03Part31
00a5c7b3	Vsa.Sim.DecodeTable.Batch03Part31
00a5d463	Vsa.Sim.DecodeTable.Batch03Part31
00a5e7b3	Vsa.Sim.DecodeTable.Batch03Part31
00a61633	Vsa.Sim.DecodeTable.Batch03Part31
00a63423	Vsa.Sim.DecodeTable.Batch03Part31
00a65633	Vsa.Sim.DecodeTable.Batch03Part31
00a67733	Vsa.Sim.DecodeTable.Batch03Part31
00a68463	Vsa.Sim.DecodeTable.Batch03Part31
00a6853b	Vsa.Sim.DecodeTable.Batch03Part31
00a6b823	Vsa.Sim.DecodeTable.Batch03Part31
00a6d533	Vsa.Sim.DecodeTable.Batch03Part31
00a70023	Vsa.Sim.DecodeTable.Batch03Part31
00a70633	Vsa.Sim.DecodeTable.Batch03Part31
00a70733	Vsa.Sim.DecodeTable.Batch03Part31
00a708b3	Vsa.Sim.DecodeTable.Batch03Part32
00a70d3b	Vsa.Sim.DecodeTable.Batch03Part32
00a71733	Vsa.Sim.DecodeTable.Batch03Part32
00a73423	Vsa.Sim.DecodeTable.Batch03Part32
00a73823	Vsa.Sim.DecodeTable.Batch03Part32
00a73c23	Vsa.Sim.DecodeTable.Batch03Part32
00a75533	Vsa.Sim.DecodeTable.Batch03Part32
00a75663	Vsa.Sim.DecodeTable.Batch03Part32
00a75733	Vsa.Sim.DecodeTable.Batch03Part32
00a7573b	Vsa.Sim.DecodeTable.Batch03Part32
00a76733	Vsa.Sim.DecodeTable.Batch03Part32
00a76833	Vsa.Sim.DecodeTable.Batch03Part32
00a78533	Vsa.Sim.DecodeTable.Batch03Part32
00a787b3	Vsa.Sim.DecodeTable.Batch03Part32
00a7b023	Vsa.Sim.DecodeTable.Batch03Part32
00a7b823	Vsa.Sim.DecodeTable.Batch03Part32
00a7bc23	Vsa.Sim.DecodeTable.Batch04Part01
00a7c533	Vsa.Sim.DecodeTable.Batch04Part01
00a7c683	Vsa.Sim.DecodeTable.Batch04Part01
00a7e533	Vsa.Sim.DecodeTable.Batch04Part01
00a7e7b3	Vsa.Sim.DecodeTable.Batch04Part01
00a7f463	Vsa.Sim.DecodeTable.Batch04Part01
00a7f6b3	Vsa.Sim.DecodeTable.Batch04Part01
00a7f833	Vsa.Sim.DecodeTable.Batch04Part01
00a80533	Vsa.Sim.DecodeTable.Batch04Part01
00a898b3	Vsa.Sim.DecodeTable.Batch04Part01
00a90533	Vsa.Sim.DecodeTable.Batch04Part01
00a90933	Vsa.Sim.DecodeTable.Batch04Part01
00a989b3	Vsa.Sim.DecodeTable.Batch04Part01
00a9a023	Vsa.Sim.DecodeTable.Batch04Part01
00aa2023	Vsa.Sim.DecodeTable.Batch04Part01
00aa3423	Vsa.Sim.DecodeTable.Batch04Part01
00aa3823	Vsa.Sim.DecodeTable.Batch04Part02
00aa6533	Vsa.Sim.DecodeTable.Batch04Part02
00ab0b33	Vsa.Sim.DecodeTable.Batch04Part02
00abb023	Vsa.Sim.DecodeTable.Batch04Part02
00abb423	Vsa.Sim.DecodeTable.Batch04Part02
00ac8cb3	Vsa.Sim.DecodeTable.Batch04Part02
00ad8633	Vsa.Sim.DecodeTable.Batch04Part02
00ad8db3	Vsa.Sim.DecodeTable.Batch04Part02
00aed733	Vsa.Sim.DecodeTable.Batch04Part02
00b025b3	Vsa.Sim.DecodeTable.Batch04Part02
00b035b3	Vsa.Sim.DecodeTable.Batch04Part02
00b03733	Vsa.Sim.DecodeTable.Batch04Part02
00b04863	Vsa.Sim.DecodeTable.Batch04Part02
00b05463	Vsa.Sim.DecodeTable.Batch04Part02
00b13023	Vsa.Sim.DecodeTable.Batch04Part02
00b13423	Vsa.Sim.DecodeTable.Batch04Part02
00b13823	Vsa.Sim.DecodeTable.Batch04Part03
00b13c23	Vsa.Sim.DecodeTable.Batch04Part03
00b305b3	Vsa.Sim.DecodeTable.Batch04Part03
00b33823	Vsa.Sim.DecodeTable.Batch04Part03
00b33c23	Vsa.Sim.DecodeTable.Batch04Part03
00b50533	Vsa.Sim.DecodeTable.Batch04Part03
00b50e63	Vsa.Sim.DecodeTable.Batch04Part03
00b52423	Vsa.Sim.DecodeTable.Batch04Part03
00b53023	Vsa.Sim.DecodeTable.Batch04Part03
00b53423	Vsa.Sim.DecodeTable.Batch04Part03
00b53c23	Vsa.Sim.DecodeTable.Batch04Part03
00b56733	Vsa.Sim.DecodeTable.Batch04Part03
00b567b3	Vsa.Sim.DecodeTable.Batch04Part03
00b577b3	Vsa.Sim.DecodeTable.Batch04Part03
00b605b3	Vsa.Sim.DecodeTable.Batch04Part03
00b60633	Vsa.Sim.DecodeTable.Batch04Part03
00b63023	Vsa.Sim.DecodeTable.Batch04Part04
00b63823	Vsa.Sim.DecodeTable.Batch04Part04
00b63c23	Vsa.Sim.DecodeTable.Batch04Part04
00b67333	Vsa.Sim.DecodeTable.Batch04Part04
00b678b3	Vsa.Sim.DecodeTable.Batch04Part04
00b67a63	Vsa.Sim.DecodeTable.Batch04Part04
00b69463	Vsa.Sim.DecodeTable.Batch04Part04
00b6b023	Vsa.Sim.DecodeTable.Batch04Part04
00b6b823	Vsa.Sim.DecodeTable.Batch04Part04
00b6c463	Vsa.Sim.DecodeTable.Batch04Part04
00b6e6b3	Vsa.Sim.DecodeTable.Batch04Part04
00b70023	Vsa.Sim.DecodeTable.Batch04Part04
00b700a3	Vsa.Sim.DecodeTable.Batch04Part04
00b70123	Vsa.Sim.DecodeTable.Batch04Part04
00b701a3	Vsa.Sim.DecodeTable.Batch04Part04
00b70223	Vsa.Sim.DecodeTable.Batch04Part04
00b702a3	Vsa.Sim.DecodeTable.Batch04Part05
00b70323	Vsa.Sim.DecodeTable.Batch04Part05
00b703a3	Vsa.Sim.DecodeTable.Batch04Part05
00b70423	Vsa.Sim.DecodeTable.Batch04Part05
00b704a3	Vsa.Sim.DecodeTable.Batch04Part05
00b70523	Vsa.Sim.DecodeTable.Batch04Part05
00b705a3	Vsa.Sim.DecodeTable.Batch04Part05
00b705b3	Vsa.Sim.DecodeTable.Batch04Part05
00b70623	Vsa.Sim.DecodeTable.Batch04Part05
00b706a3	Vsa.Sim.DecodeTable.Batch04Part05
00b70723	Vsa.Sim.DecodeTable.Batch04Part05
00b70733	Vsa.Sim.DecodeTable.Batch04Part05
00b7073b	Vsa.Sim.DecodeTable.Batch04Part05
00b73023	Vsa.Sim.DecodeTable.Batch04Part05
00b73423	Vsa.Sim.DecodeTable.Batch04Part05
00b73823	Vsa.Sim.DecodeTable.Batch04Part05
00b73c23	Vsa.Sim.DecodeTable.Batch04Part06
00b74463	Vsa.Sim.DecodeTable.Batch04Part06
00b745b3	Vsa.Sim.DecodeTable.Batch04Part06
00b76733	Vsa.Sim.DecodeTable.Batch04Part06
00b787b3	Vsa.Sim.DecodeTable.Batch04Part06
00b787bb	Vsa.Sim.DecodeTable.Batch04Part06
00b7a623	Vsa.Sim.DecodeTable.Batch04Part06
00b7b023	Vsa.Sim.DecodeTable.Batch04Part06
00b7b423	Vsa.Sim.DecodeTable.Batch04Part06
00b7e6b3	Vsa.Sim.DecodeTable.Batch04Part06
00b7e733	Vsa.Sim.DecodeTable.Batch04Part06
00b7e7b3	Vsa.Sim.DecodeTable.Batch04Part06
00b7f7b3	Vsa.Sim.DecodeTable.Batch04Part06
00b83423	Vsa.Sim.DecodeTable.Batch04Part06
00b84533	Vsa.Sim.DecodeTable.Batch04Part06
00b84833	Vsa.Sim.DecodeTable.Batch04Part06
00b885b3	Vsa.Sim.DecodeTable.Batch04Part07
00b8c333	Vsa.Sim.DecodeTable.Batch04Part07
00ba0a33	Vsa.Sim.DecodeTable.Batch04Part07
00bbb023	Vsa.Sim.DecodeTable.Batch04Part07
00bbb423	Vsa.Sim.DecodeTable.Batch04Part07
00bc0c33	Vsa.Sim.DecodeTable.Batch04Part07
00bd0d33	Vsa.Sim.DecodeTable.Batch04Part07
00bd3023	Vsa.Sim.DecodeTable.Batch04Part07
00bd3423	Vsa.Sim.DecodeTable.Batch04Part07
00be08b3	Vsa.Sim.DecodeTable.Batch04Part07
00be7533	Vsa.Sim.DecodeTable.Batch04Part07
00c0006f	Vsa.Sim.DecodeTable.Batch04Part07
00c00613	Vsa.Sim.DecodeTable.Batch04Part07
00c00713	Vsa.Sim.DecodeTable.Batch04Part07
00c00793	Vsa.Sim.DecodeTable.Batch04Part07
00c010ef	Vsa.Sim.DecodeTable.Batch04Part07
00c03633	Vsa.Sim.DecodeTable.Batch04Part08
00c03733	Vsa.Sim.DecodeTable.Batch04Part08
00c03eb3	Vsa.Sim.DecodeTable.Batch04Part08
00c05863	Vsa.Sim.DecodeTable.Batch04Part08
00c10513	Vsa.Sim.DecodeTable.Batch04Part08
00c10593	Vsa.Sim.DecodeTable.Batch17
00c12603	Vsa.Sim.DecodeTable.Batch17
00c12703	Vsa.Sim.DecodeTable.Batch04Part08
00c13023	Vsa.Sim.DecodeTable.Batch04Part08
00c13423	Vsa.Sim.DecodeTable.Batch04Part08
00c13823	Vsa.Sim.DecodeTable.Batch04Part08
00c13c23	Vsa.Sim.DecodeTable.Batch04Part08
00c16503	Vsa.Sim.DecodeTable.Batch04Part08
00c31633	Vsa.Sim.DecodeTable.Batch04Part08
00c35693	Vsa.Sim.DecodeTable.Batch04Part08
00c41413	Vsa.Sim.DecodeTable.Batch04Part08
00c41823	Vsa.Sim.DecodeTable.Batch04Part08
00c42683	Vsa.Sim.DecodeTable.Batch04Part08
00c42703	Vsa.Sim.DecodeTable.Batch04Part09
00c42783	Vsa.Sim.DecodeTable.Batch04Part09
00c42903	Vsa.Sim.DecodeTable.Batch04Part09
00c42b03	Vsa.Sim.DecodeTable.Batch04Part09
00c45413	Vsa.Sim.DecodeTable.Batch04Part09
00c4a423	Vsa.Sim.DecodeTable.Batch04Part09
00c4f663	Vsa.Sim.DecodeTable.Batch04Part09
00c50533	Vsa.Sim.DecodeTable.Batch04Part09
00c50633	Vsa.Sim.DecodeTable.Batch04Part09
00c50863	Vsa.Sim.DecodeTable.Batch04Part09
00c508b3	Vsa.Sim.DecodeTable.Batch04Part09
00c51693	Vsa.Sim.DecodeTable.Batch04Part09
00c51713	Vsa.Sim.DecodeTable.Batch04Part09
00c51813	Vsa.Sim.DecodeTable.Batch04Part09
00c58593	Vsa.Sim.DecodeTable.Batch04Part09
00c585b3	Vsa.Sim.DecodeTable.Batch04Part09
00c586b3	Vsa.Sim.DecodeTable.Batch17
00c587b3	Vsa.Sim.DecodeTable.Batch04Part10
00c59793	Vsa.Sim.DecodeTable.Batch04Part10
00c59893	Vsa.Sim.DecodeTable.Batch04Part10
00c5a483	Vsa.Sim.DecodeTable.Batch04Part10
00c5a783	Vsa.Sim.DecodeTable.Batch04Part10
00c5b583	Vsa.Sim.DecodeTable.Batch04Part10
00c5b823	Vsa.Sim.DecodeTable.Batch04Part10
00c5bc23	Vsa.Sim.DecodeTable.Batch04Part10
00c5e5b3	Vsa.Sim.DecodeTable.Batch04Part10
00c5e663	Vsa.Sim.DecodeTable.Batch04Part10
00c62683	Vsa.Sim.DecodeTable.Batch04Part10
00c62783	Vsa.Sim.DecodeTable.Batch04Part10
00c65613	Vsa.Sim.DecodeTable.Batch04Part10
00c68023	Vsa.Sim.DecodeTable.Batch04Part10
00c68067	Vsa.Sim.DecodeTable.Batch04Part10
00c686b3	Vsa.Sim.DecodeTable.Batch04Part10
00c69693	Vsa.Sim.DecodeTable.Batch04Part11
00c69e63	Vsa.Sim.DecodeTable.Batch04Part11
00c6bc23	Vsa.Sim.DecodeTable.Batch04Part11
00c6c463	Vsa.Sim.DecodeTable.Batch04Part11
00c6c863	Vsa.Sim.DecodeTable.Batch04Part11
00c6d693	Vsa.Sim.DecodeTable.Batch04Part11
00c6d713	Vsa.Sim.DecodeTable.Batch04Part11
00c6e6b3	Vsa.Sim.DecodeTable.Batch04Part11
00c6f6b3	Vsa.Sim.DecodeTable.Batch04Part11
00c6f733	Vsa.Sim.DecodeTable.Batch04Part11
00c70733	Vsa.Sim.DecodeTable.Batch04Part11
00c7073b	Vsa.Sim.DecodeTable.Batch04Part11
00c71713	Vsa.Sim.DecodeTable.Batch04Part11
00c7173b	Vsa.Sim.DecodeTable.Batch04Part11
00c73023	Vsa.Sim.DecodeTable.Batch04Part11
00c73423	Vsa.Sim.DecodeTable.Batch04Part11
00c73823	Vsa.Sim.DecodeTable.Batch04Part12
00c73c23	Vsa.Sim.DecodeTable.Batch04Part12
00c75693	Vsa.Sim.DecodeTable.Batch04Part12
00c75713	Vsa.Sim.DecodeTable.Batch04Part12
00c75793	Vsa.Sim.DecodeTable.Batch04Part12
00c76733	Vsa.Sim.DecodeTable.Batch04Part12
00c77733	Vsa.Sim.DecodeTable.Batch04Part12
00c785b3	Vsa.Sim.DecodeTable.Batch04Part12
00c78633	Vsa.Sim.DecodeTable.Batch04Part12
00c787b3	Vsa.Sim.DecodeTable.Batch04Part12
00c787bb	Vsa.Sim.DecodeTable.Batch04Part12
00c79633	Vsa.Sim.DecodeTable.Batch04Part12
00c79713	Vsa.Sim.DecodeTable.Batch04Part12
00c79793	Vsa.Sim.DecodeTable.Batch04Part12
00c797b3	Vsa.Sim.DecodeTable.Batch04Part12
00c7b023	Vsa.Sim.DecodeTable.Batch04Part12
00c7b423	Vsa.Sim.DecodeTable.Batch04Part13
00c7b823	Vsa.Sim.DecodeTable.Batch04Part13
00c7bc23	Vsa.Sim.DecodeTable.Batch04Part13
00c7d693	Vsa.Sim.DecodeTable.Batch04Part13
00c7d713	Vsa.Sim.DecodeTable.Batch04Part13
00c7d793	Vsa.Sim.DecodeTable.Batch04Part13
00c7e333	Vsa.Sim.DecodeTable.Batch04Part13
00c7e7b3	Vsa.Sim.DecodeTable.Batch04Part13
00c7f633	Vsa.Sim.DecodeTable.Batch04Part13
00c7f7b3	Vsa.Sim.DecodeTable.Batch04Part13
00c85813	Vsa.Sim.DecodeTable.Batch04Part13
00c8d893	Vsa.Sim.DecodeTable.Batch04Part13
00ca2783	Vsa.Sim.DecodeTable.Batch04Part13
00cb0633	Vsa.Sim.DecodeTable.Batch04Part13
00cb0db3	Vsa.Sim.DecodeTable.Batch04Part13
00ce3423	Vsa.Sim.DecodeTable.Batch04Part13
00ce8633	Vsa.Sim.DecodeTable.Batch04Part14
00cf1633	Vsa.Sim.DecodeTable.Batch04Part14
00d036b3	Vsa.Sim.DecodeTable.Batch04Part14
00d12623	Vsa.Sim.DecodeTable.Batch04Part14
00d13023	Vsa.Sim.DecodeTable.Batch04Part14
00d13423	Vsa.Sim.DecodeTable.Batch04Part14
00d13823	Vsa.Sim.DecodeTable.Batch04Part14
00d13c23	Vsa.Sim.DecodeTable.Batch04Part14
00d32023	Vsa.Sim.DecodeTable.Batch04Part14
00d33023	Vsa.Sim.DecodeTable.Batch04Part14
00d37633	Vsa.Sim.DecodeTable.Batch04Part14
00d42623	Vsa.Sim.DecodeTable.Batch04Part14
00d43023	Vsa.Sim.DecodeTable.Batch04Part14
00d4a023	Vsa.Sim.DecodeTable.Batch04Part14
00d4b023	Vsa.Sim.DecodeTable.Batch04Part14
00d50533	Vsa.Sim.DecodeTable.Batch04Part14
00d50863	Vsa.Sim.DecodeTable.Batch04Part15
00d51863	Vsa.Sim.DecodeTable.Batch04Part15
00d52423	Vsa.Sim.DecodeTable.Batch04Part15
00d52c23	Vsa.Sim.DecodeTable.Batch04Part15
00d53423	Vsa.Sim.DecodeTable.Batch04Part15
00d53c23	Vsa.Sim.DecodeTable.Batch04Part15
00d55463	Vsa.Sim.DecodeTable.Batch04Part15
00d56533	Vsa.Sim.DecodeTable.Batch04Part15
00d585b3	Vsa.Sim.DecodeTable.Batch04Part15
00d586b3	Vsa.Sim.DecodeTable.Batch04Part15
00d58863	Vsa.Sim.DecodeTable.Batch04Part15
00d59863	Vsa.Sim.DecodeTable.Batch04Part15
00d5a223	Vsa.Sim.DecodeTable.Batch04Part15
00d5bc23	Vsa.Sim.DecodeTable.Batch04Part15
00d5d463	Vsa.Sim.DecodeTable.Batch04Part15
00d5e5b3	Vsa.Sim.DecodeTable.Batch04Part15
00d5f5b3	Vsa.Sim.DecodeTable.Batch04Part16
00d60123	Vsa.Sim.DecodeTable.Batch04Part16
00d60633	Vsa.Sim.DecodeTable.Batch04Part16
00d606b3	Vsa.Sim.DecodeTable.Batch04Part16
00d60833	Vsa.Sim.DecodeTable.Batch04Part16
00d60cb3	Vsa.Sim.DecodeTable.Batch04Part16
00d61463	Vsa.Sim.DecodeTable.Batch04Part16
00d616b3	Vsa.Sim.DecodeTable.Batch04Part16
00d62023	Vsa.Sim.DecodeTable.Batch04Part16
00d62623	Vsa.Sim.DecodeTable.Batch04Part16
00d63423	Vsa.Sim.DecodeTable.Batch04Part16
00d63823	Vsa.Sim.DecodeTable.Batch04Part16
00d666b3	Vsa.Sim.DecodeTable.Batch04Part16
00d66e63	Vsa.Sim.DecodeTable.Batch04Part16
00d676b3	Vsa.Sim.DecodeTable.Batch04Part16
00d677b3	Vsa.Sim.DecodeTable.Batch04Part16
00d70023	Vsa.Sim.DecodeTable.Batch04Part17
00d70463	Vsa.Sim.DecodeTable.Batch04Part17
00d70663	Vsa.Sim.DecodeTable.Batch04Part17
00d70733	Vsa.Sim.DecodeTable.Batch04Part17
00d7073b	Vsa.Sim.DecodeTable.Batch04Part17
00d70a63	Vsa.Sim.DecodeTable.Batch04Part17
00d71733	Vsa.Sim.DecodeTable.Batch04Part17
00d73023	Vsa.Sim.DecodeTable.Batch04Part17
00d73423	Vsa.Sim.DecodeTable.Batch04Part17
00d73823	Vsa.Sim.DecodeTable.Batch04Part17
00d75463	Vsa.Sim.DecodeTable.Batch04Part17
00d75733	Vsa.Sim.DecodeTable.Batch04Part17
00d766b3	Vsa.Sim.DecodeTable.Batch04Part17
00d76733	Vsa.Sim.DecodeTable.Batch04Part17
00d77733	Vsa.Sim.DecodeTable.Batch04Part17
00d777b3	Vsa.Sim.DecodeTable.Batch04Part17
00d77833	Vsa.Sim.DecodeTable.Batch04Part18
00d78023	Vsa.Sim.DecodeTable.Batch04Part18
00d78463	Vsa.Sim.DecodeTable.Batch04Part18
00d7863b	Vsa.Sim.DecodeTable.Batch04Part18
00d786b3	Vsa.Sim.DecodeTable.Batch04Part18
00d786bb	Vsa.Sim.DecodeTable.Batch04Part18
00d787b3	Vsa.Sim.DecodeTable.Batch04Part18
00d787bb	Vsa.Sim.DecodeTable.Batch04Part18
00d78b3b	Vsa.Sim.DecodeTable.Batch04Part18
00d797bb	Vsa.Sim.DecodeTable.Batch04Part18
00d7b023	Vsa.Sim.DecodeTable.Batch04Part18
00d7b423	Vsa.Sim.DecodeTable.Batch04Part18
00d7b823	Vsa.Sim.DecodeTable.Batch04Part18
00d7bc23	Vsa.Sim.DecodeTable.Batch04Part18
00d7d7b3	Vsa.Sim.DecodeTable.Batch04Part18
00d7e6b3	Vsa.Sim.DecodeTable.Batch04Part18
00d7e7b3	Vsa.Sim.DecodeTable.Batch04Part19
00d7f463	Vsa.Sim.DecodeTable.Batch04Part19
00d7f7b3	Vsa.Sim.DecodeTable.Batch04Part19
00d806b3	Vsa.Sim.DecodeTable.Batch04Part19
00d807b3	Vsa.Sim.DecodeTable.Batch04Part19
00d80833	Vsa.Sim.DecodeTable.Batch04Part19
00d86833	Vsa.Sim.DecodeTable.Batch04Part19
00d868b3	Vsa.Sim.DecodeTable.Batch04Part19
00d886b3	Vsa.Sim.DecodeTable.Batch04Part19
00d92c23	Vsa.Sim.DecodeTable.Batch04Part19
00d93023	Vsa.Sim.DecodeTable.Batch04Part19
00da1823	Vsa.Sim.DecodeTable.Batch04Part19
00db0023	Vsa.Sim.DecodeTable.Batch04Part19
00db0b3b	Vsa.Sim.DecodeTable.Batch04Part19
00db5463	Vsa.Sim.DecodeTable.Batch04Part19
00db8023	Vsa.Sim.DecodeTable.Batch04Part19
00dbb023	Vsa.Sim.DecodeTable.Batch04Part20
00dbb423	Vsa.Sim.DecodeTable.Batch04Part20
00dbd463	Vsa.Sim.DecodeTable.Batch04Part20
00dc8733	Vsa.Sim.DecodeTable.Batch04Part20
00dd3423	Vsa.Sim.DecodeTable.Batch04Part20
00de0733	Vsa.Sim.DecodeTable.Batch04Part20
00de96b3	Vsa.Sim.DecodeTable.Batch04Part20
00deb023	Vsa.Sim.DecodeTable.Batch04Part20
00ded463	Vsa.Sim.DecodeTable.Batch04Part20
00e00613	Vsa.Sim.DecodeTable.Batch04Part20
00e00793	Vsa.Sim.DecodeTable.Batch04Part20
00e03433	Vsa.Sim.DecodeTable.Batch04Part20
00e036b3	Vsa.Sim.DecodeTable.Batch04Part20
00e03733	Vsa.Sim.DecodeTable.Batch04Part20
00e037b3	Vsa.Sim.DecodeTable.Batch04Part20
00e12423	Vsa.Sim.DecodeTable.Batch04Part20
00e12a23	Vsa.Sim.DecodeTable.Batch04Part21
00e13023	Vsa.Sim.DecodeTable.Batch04Part21
00e13423	Vsa.Sim.DecodeTable.Batch04Part21
00e13823	Vsa.Sim.DecodeTable.Batch04Part21
00e13c23	Vsa.Sim.DecodeTable.Batch04Part21
00e28eb3	Vsa.Sim.DecodeTable.Batch04Part21
00e33423	Vsa.Sim.DecodeTable.Batch04Part21
00e36663	Vsa.Sim.DecodeTable.Batch04Part21
00e41823	Vsa.Sim.DecodeTable.Batch04Part21
00e42623	Vsa.Sim.DecodeTable.Batch04Part21
00e43023	Vsa.Sim.DecodeTable.Batch04Part21
00e43c23	Vsa.Sim.DecodeTable.Batch04Part21
00e44e63	Vsa.Sim.DecodeTable.Batch04Part21
00e4b423	Vsa.Sim.DecodeTable.Batch04Part21
00e4b823	Vsa.Sim.DecodeTable.Batch04Part21
00e50533	Vsa.Sim.DecodeTable.Batch04Part21
00e506b3	Vsa.Sim.DecodeTable.Batch04Part22
00e50733	Vsa.Sim.DecodeTable.Batch04Part22
00e50833	Vsa.Sim.DecodeTable.Batch04Part22
00e52c23	Vsa.Sim.DecodeTable.Batch04Part22
00e53823	Vsa.Sim.DecodeTable.Batch04Part22
00e53c23	Vsa.Sim.DecodeTable.Batch04Part22
00e56533	Vsa.Sim.DecodeTable.Batch04Part22
00e56733	Vsa.Sim.DecodeTable.Batch04Part22
00e585b3	Vsa.Sim.DecodeTable.Batch04Part22
00e5a623	Vsa.Sim.DecodeTable.Batch04Part22
00e5b023	Vsa.Sim.DecodeTable.Batch04Part22
00e5b823	Vsa.Sim.DecodeTable.Batch04Part22
00e5bc23	Vsa.Sim.DecodeTable.Batch04Part22
00e60023	Vsa.Sim.DecodeTable.Batch04Part22
00e600a3	Vsa.Sim.DecodeTable.Batch04Part22
00e60223	Vsa.Sim.DecodeTable.Batch04Part22
00e60323	Vsa.Sim.DecodeTable.Batch04Part23
00e60633	Vsa.Sim.DecodeTable.Batch04Part23
00e60833	Vsa.Sim.DecodeTable.Batch04Part23
00e62623	Vsa.Sim.DecodeTable.Batch04Part23
00e63023	Vsa.Sim.DecodeTable.Batch04Part23
00e63423	Vsa.Sim.DecodeTable.Batch04Part23
00e66633	Vsa.Sim.DecodeTable.Batch04Part23
00e66663	Vsa.Sim.DecodeTable.Batch04Part23
00e67733	Vsa.Sim.DecodeTable.Batch04Part23
00e686b3	Vsa.Sim.DecodeTable.Batch04Part23
00e686bb	Vsa.Sim.DecodeTable.Batch04Part23
00e68d33	Vsa.Sim.DecodeTable.Batch04Part23
00e68db3	Vsa.Sim.DecodeTable.Batch04Part23
00e696b3	Vsa.Sim.DecodeTable.Batch04Part23
00e6a023	Vsa.Sim.DecodeTable.Batch04Part23
00e6b023	Vsa.Sim.DecodeTable.Batch04Part23
00e6b423	Vsa.Sim.DecodeTable.Batch04Part24
00e6bc23	Vsa.Sim.DecodeTable.Batch04Part24
00e6d463	Vsa.Sim.DecodeTable.Batch04Part24
00e6d733	Vsa.Sim.DecodeTable.Batch04Part24
00e6e6b3	Vsa.Sim.DecodeTable.Batch04Part24
00e6f463	Vsa.Sim.DecodeTable.Batch04Part24
00e6f663	Vsa.Sim.DecodeTable.Batch04Part24
00e6f733	Vsa.Sim.DecodeTable.Batch04Part24
00e78463	Vsa.Sim.DecodeTable.Batch04Part24
00e78663	Vsa.Sim.DecodeTable.Batch04Part24
00e786bb	Vsa.Sim.DecodeTable.Batch04Part24
00e78733	Vsa.Sim.DecodeTable.Batch04Part24
00e7873b	Vsa.Sim.DecodeTable.Batch04Part24
00e787b3	Vsa.Sim.DecodeTable.Batch04Part24
00e787bb	Vsa.Sim.DecodeTable.Batch04Part24
00e78b3b	Vsa.Sim.DecodeTable.Batch04Part24
00e78e63	Vsa.Sim.DecodeTable.Batch04Part25
00e79733	Vsa.Sim.DecodeTable.Batch04Part25
00e797b3	Vsa.Sim.DecodeTable.Batch04Part25
00e79823	Vsa.Sim.DecodeTable.Batch04Part25
00e7a223	Vsa.Sim.DecodeTable.Batch04Part25
00e7b023	Vsa.Sim.DecodeTable.Batch04Part25
00e7b423	Vsa.Sim.DecodeTable.Batch04Part25
00e7b5b3	Vsa.Sim.DecodeTable.Batch04Part25
00e7b733	Vsa.Sim.DecodeTable.Batch04Part25
00e7b823	Vsa.Sim.DecodeTable.Batch04Part25
00e7d463	Vsa.Sim.DecodeTable.Batch04Part25
00e7d863	Vsa.Sim.DecodeTable.Batch04Part25
00e7e333	Vsa.Sim.DecodeTable.Batch04Part25
00e7e533	Vsa.Sim.DecodeTable.Batch04Part25
00e7e733	Vsa.Sim.DecodeTable.Batch04Part25
00e7e7b3	Vsa.Sim.DecodeTable.Batch04Part25
00e7ee63	Vsa.Sim.DecodeTable.Batch04Part26
00e7f663	Vsa.Sim.DecodeTable.Batch04Part26
00e7f733	Vsa.Sim.DecodeTable.Batch04Part26
00e7f7b3	Vsa.Sim.DecodeTable.Batch04Part26
00e7fc63	Vsa.Sim.DecodeTable.Batch04Part26
00e80733	Vsa.Sim.DecodeTable.Batch04Part26
00e82023	Vsa.Sim.DecodeTable.Batch04Part26
00e83823	Vsa.Sim.DecodeTable.Batch04Part26
00e86833	Vsa.Sim.DecodeTable.Batch04Part26
00e888b3	Vsa.Sim.DecodeTable.Batch04Part26
00e89463	Vsa.Sim.DecodeTable.Batch04Part26
00e89863	Vsa.Sim.DecodeTable.Batch04Part26
00e8a023	Vsa.Sim.DecodeTable.Batch04Part26
00e8b823	Vsa.Sim.DecodeTable.Batch04Part26
00e90733	Vsa.Sim.DecodeTable.Batch04Part26
00e9093b	Vsa.Sim.DecodeTable.Batch04Part26
00e92423	Vsa.Sim.DecodeTable.Batch04Part27
00e92c23	Vsa.Sim.DecodeTable.Batch04Part27
00e92e23	Vsa.Sim.DecodeTable.Batch04Part27
00e93023	Vsa.Sim.DecodeTable.Batch04Part27
00e93423	Vsa.Sim.DecodeTable.Batch04Part27
00e97663	Vsa.Sim.DecodeTable.Batch04Part27
00e98cb3	Vsa.Sim.DecodeTable.Batch04Part27
00ea0733	Vsa.Sim.DecodeTable.Batch04Part27
00ea1a3b	Vsa.Sim.DecodeTable.Batch04Part27
00ea3023	Vsa.Sim.DecodeTable.Batch04Part27
00ea3823	Vsa.Sim.DecodeTable.Batch04Part27
00ea5463	Vsa.Sim.DecodeTable.Batch04Part27
00ea6733	Vsa.Sim.DecodeTable.Batch04Part27
00ea6fb3	Vsa.Sim.DecodeTable.Batch04Part27
00ea77b3	Vsa.Sim.DecodeTable.Batch04Part27
00eaa023	Vsa.Sim.DecodeTable.Batch04Part27
00eab023	Vsa.Sim.DecodeTable.Batch04Part28
00eab423	Vsa.Sim.DecodeTable.Batch04Part28
00eb0b3b	Vsa.Sim.DecodeTable.Batch04Part28
00eb1463	Vsa.Sim.DecodeTable.Batch04Part28
00eb3423	Vsa.Sim.DecodeTable.Batch04Part28
00eb6733	Vsa.Sim.DecodeTable.Batch04Part28
00eb8bbb	Vsa.Sim.DecodeTable.Batch04Part28
00ebb023	Vsa.Sim.DecodeTable.Batch04Part28
00ebb423	Vsa.Sim.DecodeTable.Batch04Part28
00ebd463	Vsa.Sim.DecodeTable.Batch04Part28
00ec1463	Vsa.Sim.DecodeTable.Batch04Part28
00ec1863	Vsa.Sim.DecodeTable.Batch04Part28
00edfdb3	Vsa.Sim.DecodeTable.Batch04Part28
00ee0e33	Vsa.Sim.DecodeTable.Batch04Part28
00ee5733	Vsa.Sim.DecodeTable.Batch04Part28
00ee7733	Vsa.Sim.DecodeTable.Batch04Part28
00ee9463	Vsa.Sim.DecodeTable.Batch04Part29
00eed463	Vsa.Sim.DecodeTable.Batch04Part29
00eeeeb3	Vsa.Sim.DecodeTable.Batch04Part29
00ef6f33	Vsa.Sim.DecodeTable.Batch04Part29
00f00313	Vsa.Sim.DecodeTable.Batch04Part29
00f00693	Vsa.Sim.DecodeTable.Batch04Part29
00f03533	Vsa.Sim.DecodeTable.Batch04Part29
00f037b3	Vsa.Sim.DecodeTable.Batch04Part29
00f04863	Vsa.Sim.DecodeTable.Batch04Part29
00f04e63	Vsa.Sim.DecodeTable.Batch04Part29
00f05c63	Vsa.Sim.DecodeTable.Batch04Part29
00f12623	Vsa.Sim.DecodeTable.Batch04Part29
00f12823	Vsa.Sim.DecodeTable.Batch04Part29
00f13023	Vsa.Sim.DecodeTable.Batch04Part29
00f13423	Vsa.Sim.DecodeTable.Batch04Part29
00f13823	Vsa.Sim.DecodeTable.Batch04Part29
00f13c23	Vsa.Sim.DecodeTable.Batch04Part30
00f282b3	Vsa.Sim.DecodeTable.Batch04Part30
00f30333	Vsa.Sim.DecodeTable.Batch04Part30
00f30633	Vsa.Sim.DecodeTable.Batch04Part30
00f33423	Vsa.Sim.DecodeTable.Batch04Part30
00f35693	Vsa.Sim.DecodeTable.Batch04Part30
00f41823	Vsa.Sim.DecodeTable.Batch04Part30
00f42023	Vsa.Sim.DecodeTable.Batch04Part30
00f42623	Vsa.Sim.DecodeTable.Batch04Part30
00f42823	Vsa.Sim.DecodeTable.Batch04Part30
00f43023	Vsa.Sim.DecodeTable.Batch04Part30
00f484b3	Vsa.Sim.DecodeTable.Batch04Part30
00f486b3	Vsa.Sim.DecodeTable.Batch04Part30
00f4a023	Vsa.Sim.DecodeTable.Batch04Part30
00f4a423	Vsa.Sim.DecodeTable.Batch04Part30
00f4b823	Vsa.Sim.DecodeTable.Batch04Part30
00f5053b	Vsa.Sim.DecodeTable.Batch04Part31
00f507b3	Vsa.Sim.DecodeTable.Batch04Part31
00f507bb	Vsa.Sim.DecodeTable.Batch04Part31
00f50a63	Vsa.Sim.DecodeTable.Batch04Part31
00f51533	Vsa.Sim.DecodeTable.Batch04Part31
00f52023	Vsa.Sim.DecodeTable.Batch04Part31
00f52623	Vsa.Sim.DecodeTable.Batch04Part31
00f52a23	Vsa.Sim.DecodeTable.Batch04Part31
00f53423	Vsa.Sim.DecodeTable.Batch04Part31
00f53823	Vsa.Sim.DecodeTable.Batch04Part31
00f53c23	Vsa.Sim.DecodeTable.Batch04Part31
00f546b3	Vsa.Sim.DecodeTable.Batch04Part31
00f55733	Vsa.Sim.DecodeTable.Batch04Part31
00f56533	Vsa.Sim.DecodeTable.Batch04Part31
00f576b3	Vsa.Sim.DecodeTable.Batch04Part31
00f585b3	Vsa.Sim.DecodeTable.Batch04Part31
00f58663	Vsa.Sim.DecodeTable.Batch04Part32
00f587b3	Vsa.Sim.DecodeTable.Batch04Part32
00f59823	Vsa.Sim.DecodeTable.Batch04Part32
00f5a423	Vsa.Sim.DecodeTable.Batch04Part32
00f5b023	Vsa.Sim.DecodeTable.Batch04Part32
00f5bc23	Vsa.Sim.DecodeTable.Batch04Part32
00f5e5b3	Vsa.Sim.DecodeTable.Batch04Part32
00f5e7b3	Vsa.Sim.DecodeTable.Batch04Part32
00f5f6b3	Vsa.Sim.DecodeTable.Batch04Part32
00f5feb3	Vsa.Sim.DecodeTable.Batch04Part32
00f60023	Vsa.Sim.DecodeTable.Batch04Part32
00f601a3	Vsa.Sim.DecodeTable.Batch04Part32
00f602a3	Vsa.Sim.DecodeTable.Batch04Part32
00f60463	Vsa.Sim.DecodeTable.Batch04Part32
00f60633	Vsa.Sim.DecodeTable.Batch04Part32
00f607b3	Vsa.Sim.DecodeTable.Batch04Part32
00f61823	Vsa.Sim.DecodeTable.Batch05Part01
00f62623	Vsa.Sim.DecodeTable.Batch05Part01
00f63023	Vsa.Sim.DecodeTable.Batch05Part01
00f63c23	Vsa.Sim.DecodeTable.Batch05Part01
00f64463	Vsa.Sim.DecodeTable.Batch05Part01
00f64d33	Vsa.Sim.DecodeTable.Batch05Part01
00f64db3	Vsa.Sim.DecodeTable.Batch05Part01
00f657b3	Vsa.Sim.DecodeTable.Batch05Part01
00f66333	Vsa.Sim.DecodeTable.Batch05Part01
00f672b3	Vsa.Sim.DecodeTable.Batch05Part01
00f67613	Vsa.Sim.DecodeTable.Batch05Part01
00f67793	Vsa.Sim.DecodeTable.Batch05Part01
00f68023	Vsa.Sim.DecodeTable.Batch05Part01
00f686b3	Vsa.Sim.DecodeTable.Batch05Part01
00f686bb	Vsa.Sim.DecodeTable.Batch05Part01
00f687bb	Vsa.Sim.DecodeTable.Batch05Part01
00f68b3b	Vsa.Sim.DecodeTable.Batch05Part02
00f68c63	Vsa.Sim.DecodeTable.Batch05Part02
00f69023	Vsa.Sim.DecodeTable.Batch05Part02
00f696b3	Vsa.Sim.DecodeTable.Batch05Part02
00f697b3	Vsa.Sim.DecodeTable.Batch05Part02
00f6a023	Vsa.Sim.DecodeTable.Batch05Part02
00f6b023	Vsa.Sim.DecodeTable.Batch05Part02
00f6bc23	Vsa.Sim.DecodeTable.Batch05Part02
00f6c463	Vsa.Sim.DecodeTable.Batch05Part02
00f6c7b3	Vsa.Sim.DecodeTable.Batch05Part02
00f6d463	Vsa.Sim.DecodeTable.Batch05Part02
00f6de63	Vsa.Sim.DecodeTable.Batch05Part02
00f6e6b3	Vsa.Sim.DecodeTable.Batch05Part02
00f6e7b3	Vsa.Sim.DecodeTable.Batch05Part02
00f6f693	Vsa.Sim.DecodeTable.Batch05Part02
00f6f6b3	Vsa.Sim.DecodeTable.Batch05Part02
00f6f713	Vsa.Sim.DecodeTable.Batch05Part03
00f6f793	Vsa.Sim.DecodeTable.Batch05Part03
00f70023	Vsa.Sim.DecodeTable.Batch05Part03
00f705b3	Vsa.Sim.DecodeTable.Batch05Part03
00f705bb	Vsa.Sim.DecodeTable.Batch05Part03
00f70633	Vsa.Sim.DecodeTable.Batch05Part03
00f70733	Vsa.Sim.DecodeTable.Batch05Part03
00f7073b	Vsa.Sim.DecodeTable.Batch05Part03
00f707b3	Vsa.Sim.DecodeTable.Batch05Part03
00f70cbb	Vsa.Sim.DecodeTable.Batch05Part03
00f71023	Vsa.Sim.DecodeTable.Batch05Part03
00f7173b	Vsa.Sim.DecodeTable.Batch05Part03
00f717bb	Vsa.Sim.DecodeTable.Batch05Part03
00f71823	Vsa.Sim.DecodeTable.Batch05Part03
00f71e63	Vsa.Sim.DecodeTable.Batch05Part03
00f72023	Vsa.Sim.DecodeTable.Batch05Part03
00f73023	Vsa.Sim.DecodeTable.Batch05Part04
00f73423	Vsa.Sim.DecodeTable.Batch05Part04
00f74463	Vsa.Sim.DecodeTable.Batch05Part04
00f75463	Vsa.Sim.DecodeTable.Batch05Part04
00f75733	Vsa.Sim.DecodeTable.Batch05Part04
00f75793	Vsa.Sim.DecodeTable.Batch05Part04
00f76463	Vsa.Sim.DecodeTable.Batch05Part04
00f76733	Vsa.Sim.DecodeTable.Batch05Part04
00f767b3	Vsa.Sim.DecodeTable.Batch05Part04
00f77533	Vsa.Sim.DecodeTable.Batch05Part04
00f77693	Vsa.Sim.DecodeTable.Batch05Part04
00f77713	Vsa.Sim.DecodeTable.Batch05Part04
00f77733	Vsa.Sim.DecodeTable.Batch05Part04
00f77793	Vsa.Sim.DecodeTable.Batch05Part04
00f777b3	Vsa.Sim.DecodeTable.Batch05Part04
00f78793	Vsa.Sim.DecodeTable.Batch05Part04
00f7c583	Vsa.Sim.DecodeTable.Batch05Part05
00f7d693	Vsa.Sim.DecodeTable.Batch05Part05
00f7f693	Vsa.Sim.DecodeTable.Batch05Part05
00f7f713	Vsa.Sim.DecodeTable.Batch05Part05
00f807b3	Vsa.Sim.DecodeTable.Batch05Part05
00f81833	Vsa.Sim.DecodeTable.Batch05Part05
00f81c63	Vsa.Sim.DecodeTable.Batch05Part05
00f82023	Vsa.Sim.DecodeTable.Batch05Part05
00f83423	Vsa.Sim.DecodeTable.Batch05Part05
00f86863	Vsa.Sim.DecodeTable.Batch05Part05
00f87333	Vsa.Sim.DecodeTable.Batch05Part05
00f8869b	Vsa.Sim.DecodeTable.Batch05Part05
00f888b3	Vsa.Sim.DecodeTable.Batch05Part05
00f89463	Vsa.Sim.DecodeTable.Batch05Part05
00f8b423	Vsa.Sim.DecodeTable.Batch05Part05
00f8e8b3	Vsa.Sim.DecodeTable.Batch05Part05
00f8feb3	Vsa.Sim.DecodeTable.Batch05Part06
00f92423	Vsa.Sim.DecodeTable.Batch05Part06
00f93823	Vsa.Sim.DecodeTable.Batch05Part06
00f967b3	Vsa.Sim.DecodeTable.Batch05Part06
00f96933	Vsa.Sim.DecodeTable.Batch05Part06
00f98023	Vsa.Sim.DecodeTable.Batch05Part06
00fa07b3	Vsa.Sim.DecodeTable.Batch05Part06
00fa0a33	Vsa.Sim.DecodeTable.Batch05Part06
00fa1823	Vsa.Sim.DecodeTable.Batch05Part06
00fa2023	Vsa.Sim.DecodeTable.Batch05Part06
00fa2223	Vsa.Sim.DecodeTable.Batch05Part06
00fa3823	Vsa.Sim.DecodeTable.Batch05Part06
00fa4863	Vsa.Sim.DecodeTable.Batch05Part06
00fa6863	Vsa.Sim.DecodeTable.Batch05Part06
00fa7793	Vsa.Sim.DecodeTable.Batch05Part06
00fa7863	Vsa.Sim.DecodeTable.Batch05Part06
00fa7a13	Vsa.Sim.DecodeTable.Batch05Part07
00fa953b	Vsa.Sim.DecodeTable.Batch05Part07
00faa023	Vsa.Sim.DecodeTable.Batch05Part07
00faa793	Vsa.Sim.DecodeTable.Batch05Part07
00fab823	Vsa.Sim.DecodeTable.Batch05Part07
00fad53b	Vsa.Sim.DecodeTable.Batch05Part07
00faf793	Vsa.Sim.DecodeTable.Batch05Part07
00fb07bb	Vsa.Sim.DecodeTable.Batch05Part07
00fb1463	Vsa.Sim.DecodeTable.Batch05Part07
00fb3023	Vsa.Sim.DecodeTable.Batch05Part07
00fb4863	Vsa.Sim.DecodeTable.Batch05Part07
00fb87bb	Vsa.Sim.DecodeTable.Batch05Part07
00fb8bbb	Vsa.Sim.DecodeTable.Batch05Part07
00fbb023	Vsa.Sim.DecodeTable.Batch05Part07
00fbb423	Vsa.Sim.DecodeTable.Batch05Part07
00fbd463	Vsa.Sim.DecodeTable.Batch05Part07
00fc069b	Vsa.Sim.DecodeTable.Batch05Part08
00fc0863	Vsa.Sim.DecodeTable.Batch05Part08
00fc1463	Vsa.Sim.DecodeTable.Batch05Part08
00fc3023	Vsa.Sim.DecodeTable.Batch05Part08
00fc8023	Vsa.Sim.DecodeTable.Batch05Part08
00fc82b3	Vsa.Sim.DecodeTable.Batch05Part08
00fc8433	Vsa.Sim.DecodeTable.Batch05Part08
00fc87b3	Vsa.Sim.DecodeTable.Batch05Part08
00fc8cb3	Vsa.Sim.DecodeTable.Batch05Part08
00fc8d33	Vsa.Sim.DecodeTable.Batch05Part08
00fcb793	Vsa.Sim.DecodeTable.Batch05Part08
00fd0023	Vsa.Sim.DecodeTable.Batch05Part08
00fd07b3	Vsa.Sim.DecodeTable.Batch05Part08
00fd0d33	Vsa.Sim.DecodeTable.Batch05Part08
00fd0db3	Vsa.Sim.DecodeTable.Batch05Part08
00fd0f33	Vsa.Sim.DecodeTable.Batch05Part08
00fd3023	Vsa.Sim.DecodeTable.Batch05Part09
00fd3423	Vsa.Sim.DecodeTable.Batch05Part09
00fd8023	Vsa.Sim.DecodeTable.Batch05Part09
00fe0023	Vsa.Sim.DecodeTable.Batch05Part09
00fe17b3	Vsa.Sim.DecodeTable.Batch05Part09
00fe1a63	Vsa.Sim.DecodeTable.Batch05Part09
00fe3423	Vsa.Sim.DecodeTable.Batch05Part09
00fe6e33	Vsa.Sim.DecodeTable.Batch05Part09
00fe7713	Vsa.Sim.DecodeTable.Batch05Part09
00fe7793	Vsa.Sim.DecodeTable.Batch05Part09
00fe7f13	Vsa.Sim.DecodeTable.Batch05Part09
00ff6f33	Vsa.Sim.DecodeTable.Batch05Part09
0100006f	Vsa.Sim.DecodeTable.Batch05Part09
010000ef	Vsa.Sim.DecodeTable.Batch05Part09
01000293	Vsa.Sim.DecodeTable.Batch05Part09
01000513	Vsa.Sim.DecodeTable.Batch05Part09
01000693	Vsa.Sim.DecodeTable.Batch05Part10
01000713	Vsa.Sim.DecodeTable.Batch05Part10
01000737	Vsa.Sim.DecodeTable.Batch05Part10
01000793	Vsa.Sim.DecodeTable.Batch05Part10
01000813	Vsa.Sim.DecodeTable.Batch05Part10
01000913	Vsa.Sim.DecodeTable.Batch05Part10
01000b13	Vsa.Sim.DecodeTable.Batch05Part10
01000c13	Vsa.Sim.DecodeTable.Batch05Part10
01000d13	Vsa.Sim.DecodeTable.Batch05Part10
01000d93	Vsa.Sim.DecodeTable.Batch05Part10
01000e93	Vsa.Sim.DecodeTable.Batch05Part10
01000f13	Vsa.Sim.DecodeTable.Batch05Part10
01000f93	Vsa.Sim.DecodeTable.Batch05Part10
01003533	Vsa.Sim.DecodeTable.Batch05Part10
01003833	Vsa.Sim.DecodeTable.Batch05Part10
01010113	Vsa.Sim.DecodeTable.Batch05Part10
01010493	Vsa.Sim.DecodeTable.Batch05Part11
01010513	Vsa.Sim.DecodeTable.Batch05Part11
01010593	Vsa.Sim.DecodeTable.Batch05Part11
01010613	Vsa.Sim.DecodeTable.Batch05Part11
01012c23	Vsa.Sim.DecodeTable.Batch05Part11
01013023	Vsa.Sim.DecodeTable.Batch05Part11
01013303	Vsa.Sim.DecodeTable.Batch05Part11
01013403	Vsa.Sim.DecodeTable.Batch05Part11
01013423	Vsa.Sim.DecodeTable.Batch05Part11
01013483	Vsa.Sim.DecodeTable.Batch05Part11
01013503	Vsa.Sim.DecodeTable.Batch05Part11
01013583	Vsa.Sim.DecodeTable.Batch05Part11
01013603	Vsa.Sim.DecodeTable.Batch05Part11
01013683	Vsa.Sim.DecodeTable.Batch05Part11
01013703	Vsa.Sim.DecodeTable.Batch05Part11
01013783	Vsa.Sim.DecodeTable.Batch05Part11
01013803	Vsa.Sim.DecodeTable.Batch05Part12
01013823	Vsa.Sim.DecodeTable.Batch05Part12
01013883	Vsa.Sim.DecodeTable.Batch05Part12
01013903	Vsa.Sim.DecodeTable.Batch05Part12
01013a03	Vsa.Sim.DecodeTable.Batch05Part12
01013b03	Vsa.Sim.DecodeTable.Batch05Part12
01013c03	Vsa.Sim.DecodeTable.Batch05Part12
01013c23	Vsa.Sim.DecodeTable.Batch05Part12
01018613	Vsa.Sim.DecodeTable.Batch17
01028833	Vsa.Sim.DecodeTable.Batch05Part12
01030313	Vsa.Sim.DecodeTable.Batch05Part12
01030693	Vsa.Sim.DecodeTable.Batch05Part12
01030813	Vsa.Sim.DecodeTable.Batch05Part12
01033583	Vsa.Sim.DecodeTable.Batch05Part12
01036313	Vsa.Sim.DecodeTable.Batch05Part12
01036813	Vsa.Sim.DecodeTable.Batch05Part12
01036d93	Vsa.Sim.DecodeTable.Batch05Part12
01037613	Vsa.Sim.DecodeTable.Batch05Part13
01037713	Vsa.Sim.DecodeTable.Batch05Part13
01037793	Vsa.Sim.DecodeTable.Batch05Part13
01037d93	Vsa.Sim.DecodeTable.Batch05Part13
01037f93	Vsa.Sim.DecodeTable.Batch05Part13
01040413	Vsa.Sim.DecodeTable.Batch05Part13
01040513	Vsa.Sim.DecodeTable.Batch05Part13
01040713	Vsa.Sim.DecodeTable.Batch05Part13
01041683	Vsa.Sim.DecodeTable.Batch05Part13
01041703	Vsa.Sim.DecodeTable.Batch05Part13
01041783	Vsa.Sim.DecodeTable.Batch05Part13
01042623	Vsa.Sim.DecodeTable.Batch05Part13
01042703	Vsa.Sim.DecodeTable.Batch05Part13
01042783	Vsa.Sim.DecodeTable.Batch05Part13
01043403	Vsa.Sim.DecodeTable.Batch05Part13
01043583	Vsa.Sim.DecodeTable.Batch05Part13
01043603	Vsa.Sim.DecodeTable.Batch05Part14
01043683	Vsa.Sim.DecodeTable.Batch05Part14
01043703	Vsa.Sim.DecodeTable.Batch05Part14
01043783	Vsa.Sim.DecodeTable.Batch05Part14
0104541b	Vsa.Sim.DecodeTable.Batch05Part14
01045603	Vsa.Sim.DecodeTable.Batch05Part14
0104569b	Vsa.Sim.DecodeTable.Batch05Part14
01045703	Vsa.Sim.DecodeTable.Batch05Part14
01045783	Vsa.Sim.DecodeTable.Batch05Part14
01048493	Vsa.Sim.DecodeTable.Batch05Part14
010484bb	Vsa.Sim.DecodeTable.Batch05Part14
0104b703	Vsa.Sim.DecodeTable.Batch05Part14
0104d783	Vsa.Sim.DecodeTable.Batch05Part14
01050513	Vsa.Sim.DecodeTable.Batch05Part14
0105053b	Vsa.Sim.DecodeTable.Batch05Part14
01050713	Vsa.Sim.DecodeTable.Batch05Part14
01050793	Vsa.Sim.DecodeTable.Batch05Part15
01050833	Vsa.Sim.DecodeTable.Batch05Part15
0105179b	Vsa.Sim.DecodeTable.Batch05Part15
01052783	Vsa.Sim.DecodeTable.Batch05Part15
01053483	Vsa.Sim.DecodeTable.Batch05Part15
01053503	Vsa.Sim.DecodeTable.Batch05Part15
01053603	Vsa.Sim.DecodeTable.Batch05Part15
01053703	Vsa.Sim.DecodeTable.Batch05Part15
0105541b	Vsa.Sim.DecodeTable.Batch05Part15
01056533	Vsa.Sim.DecodeTable.Batch05Part15
01058593	Vsa.Sim.DecodeTable.Batch05Part15
010588b3	Vsa.Sim.DecodeTable.Batch05Part15
01059683	Vsa.Sim.DecodeTable.Batch05Part15
01059693	Vsa.Sim.DecodeTable.Batch05Part15
01059703	Vsa.Sim.DecodeTable.Batch05Part15
01059783	Vsa.Sim.DecodeTable.Batch17
0105b683	Vsa.Sim.DecodeTable.Batch05Part15
0105b783	Vsa.Sim.DecodeTable.Batch05Part16
0105bf83	Vsa.Sim.DecodeTable.Batch05Part16
0105d703	Vsa.Sim.DecodeTable.Batch05Part16
0105d783	Vsa.Sim.DecodeTable.Batch05Part16
01060593	Vsa.Sim.DecodeTable.Batch05Part16
01060613	Vsa.Sim.DecodeTable.Batch05Part16
01060633	Vsa.Sim.DecodeTable.Batch05Part16
01061713	Vsa.Sim.DecodeTable.Batch05Part16
01061783	Vsa.Sim.DecodeTable.Batch05Part16
01063603	Vsa.Sim.DecodeTable.Batch05Part16
01063683	Vsa.Sim.DecodeTable.Batch05Part16
01063703	Vsa.Sim.DecodeTable.Batch05Part16
01063783	Vsa.Sim.DecodeTable.Batch05Part16
0106561b	Vsa.Sim.DecodeTable.Batch05Part16
01065783	Vsa.Sim.DecodeTable.Batch05Part16
01068693	Vsa.Sim.DecodeTable.Batch05Part16
01069793	Vsa.Sim.DecodeTable.Batch05Part17
0106b683	Vsa.Sim.DecodeTable.Batch05Part17
0106b783	Vsa.Sim.DecodeTable.Batch05Part17
0106d69b	Vsa.Sim.DecodeTable.Batch05Part17
01070533	Vsa.Sim.DecodeTable.Batch05Part17
01070713	Vsa.Sim.DecodeTable.Batch05Part17
0107159b	Vsa.Sim.DecodeTable.Batch05Part17
0107169b	Vsa.Sim.DecodeTable.Batch05Part17
0107171b	Vsa.Sim.DecodeTable.Batch05Part17
01071783	Vsa.Sim.DecodeTable.Batch17
01071b1b	Vsa.Sim.DecodeTable.Batch05Part17
01071d1b	Vsa.Sim.DecodeTable.Batch05Part17
01073023	Vsa.Sim.DecodeTable.Batch05Part17
01073423	Vsa.Sim.DecodeTable.Batch05Part17
01073583	Vsa.Sim.DecodeTable.Batch05Part17
01073603	Vsa.Sim.DecodeTable.Batch05Part17
01073703	Vsa.Sim.DecodeTable.Batch05Part17
0107571b	Vsa.Sim.DecodeTable.Batch05Part18
01075b9b	Vsa.Sim.DecodeTable.Batch05Part18
01077693	Vsa.Sim.DecodeTable.Batch05Part18
01077733	Vsa.Sim.DecodeTable.Batch05Part18
01077e63	Vsa.Sim.DecodeTable.Batch05Part18
01078513	Vsa.Sim.DecodeTable.Batch05Part18
01078593	Vsa.Sim.DecodeTable.Batch05Part18
01078793	Vsa.Sim.DecodeTable.Batch05Part18
01078833	Vsa.Sim.DecodeTable.Batch05Part18
01078863	Vsa.Sim.DecodeTable.Batch05Part18
01079693	Vsa.Sim.DecodeTable.Batch05Part18
0107969b	Vsa.Sim.DecodeTable.Batch05Part18
01079703	Vsa.Sim.DecodeTable.Batch05Part18
0107979b	Vsa.Sim.DecodeTable.Batch05Part18
0107b023	Vsa.Sim.DecodeTable.Batch05Part18
0107b423	Vsa.Sim.DecodeTable.Batch05Part18
0107b503	Vsa.Sim.DecodeTable.Batch05Part19
0107b583	Vsa.Sim.DecodeTable.Batch05Part19
0107b603	Vsa.Sim.DecodeTable.Batch05Part19
0107b703	Vsa.Sim.DecodeTable.Batch05Part19
0107b783	Vsa.Sim.DecodeTable.Batch05Part19
0107d783	Vsa.Sim.DecodeTable.Batch05Part19
0107d79b	Vsa.Sim.DecodeTable.Batch05Part19
0107e7b3	Vsa.Sim.DecodeTable.Batch05Part19
0107f463	Vsa.Sim.DecodeTable.Batch05Part19
0107f7b3	Vsa.Sim.DecodeTable.Batch05Part19
01082703	Vsa.Sim.DecodeTable.Batch05Part19
01082783	Vsa.Sim.DecodeTable.Batch05Part19
01083503	Vsa.Sim.DecodeTable.Batch05Part19
01083583	Vsa.Sim.DecodeTable.Batch05Part19
01083783	Vsa.Sim.DecodeTable.Batch05Part19
01083e03	Vsa.Sim.DecodeTable.Batch05Part19
01085793	Vsa.Sim.DecodeTable.Batch05Part20
0108b803	Vsa.Sim.DecodeTable.Batch05Part20
01090493	Vsa.Sim.DecodeTable.Batch05Part20
01093403	Vsa.Sim.DecodeTable.Batch17
0109b703	Vsa.Sim.DecodeTable.Batch05Part20
0109b783	Vsa.Sim.DecodeTable.Batch05Part20
010a0593	Vsa.Sim.DecodeTable.Batch05Part20
010a1783	Vsa.Sim.DecodeTable.Batch05Part20
010a3503	Vsa.Sim.DecodeTable.Batch05Part20
010a3703	Vsa.Sim.DecodeTable.Batch05Part20
010a3783	Vsa.Sim.DecodeTable.Batch05Part20
010a5783	Vsa.Sim.DecodeTable.Batch05Part20
010a6713	Vsa.Sim.DecodeTable.Batch05Part20
010a6a13	Vsa.Sim.DecodeTable.Batch05Part20
010a6e13	Vsa.Sim.DecodeTable.Batch05Part20
010a7693	Vsa.Sim.DecodeTable.Batch05Part20
010a7713	Vsa.Sim.DecodeTable.Batch05Part20
010a7793	Vsa.Sim.DecodeTable.Batch05Part21
010ab583	Vsa.Sim.DecodeTable.Batch05Part21
010ab683	Vsa.Sim.DecodeTable.Batch05Part21
010ab703	Vsa.Sim.DecodeTable.Batch05Part21
010b0b13	Vsa.Sim.DecodeTable.Batch05Part21
010b0b93	Vsa.Sim.DecodeTable.Batch05Part21
010b551b	Vsa.Sim.DecodeTable.Batch05Part21
010b8b13	Vsa.Sim.DecodeTable.Batch05Part21
010b8b93	Vsa.Sim.DecodeTable.Batch05Part21
010b8d13	Vsa.Sim.DecodeTable.Batch05Part21
010bd71b	Vsa.Sim.DecodeTable.Batch05Part21
010cdd1b	Vsa.Sim.DecodeTable.Batch05Part21
010d0793	Vsa.Sim.DecodeTable.Batch05Part21
010d0b93	Vsa.Sim.DecodeTable.Batch05Part21
010d0d13	Vsa.Sim.DecodeTable.Batch05Part21
010d159b	Vsa.Sim.DecodeTable.Batch05Part21
010d551b	Vsa.Sim.DecodeTable.Batch05Part22
010d571b	Vsa.Sim.DecodeTable.Batch05Part22
010dd71b	Vsa.Sim.DecodeTable.Batch05Part22
010e0e13	Vsa.Sim.DecodeTable.Batch05Part22
010e5463	Vsa.Sim.DecodeTable.Batch05Part22
010e7313	Vsa.Sim.DecodeTable.Batch05Part22
010e7793	Vsa.Sim.DecodeTable.Batch05Part22
010f3783	Vsa.Sim.DecodeTable.Batch05Part22
010f5733	Vsa.Sim.DecodeTable.Batch05Part22
01100793	Vsa.Sim.DecodeTable.Batch05Part22
0110106f	Vsa.Sim.DecodeTable.Batch05Part22
011020ef	Vsa.Sim.DecodeTable.Batch05Part22
01113023	Vsa.Sim.DecodeTable.Batch05Part22
01113423	Vsa.Sim.DecodeTable.Batch05Part22
01113823	Vsa.Sim.DecodeTable.Batch05Part22
01113c23	Vsa.Sim.DecodeTable.Batch05Part22
01150533	Vsa.Sim.DecodeTable.Batch05Part23
011507bb	Vsa.Sim.DecodeTable.Batch05Part23
01152823	Vsa.Sim.DecodeTable.Batch05Part23
01152a23	Vsa.Sim.DecodeTable.Batch05Part23
0115b423	Vsa.Sim.DecodeTable.Batch05Part23
0115b823	Vsa.Sim.DecodeTable.Batch05Part23
01160633	Vsa.Sim.DecodeTable.Batch05Part23
01161533	Vsa.Sim.DecodeTable.Batch05Part23
0116d463	Vsa.Sim.DecodeTable.Batch05Part23
0116d663	Vsa.Sim.DecodeTable.Batch05Part23
0116f8b3	Vsa.Sim.DecodeTable.Batch05Part23
011708b3	Vsa.Sim.DecodeTable.Batch05Part23
01170dbb	Vsa.Sim.DecodeTable.Batch05Part23
01171733	Vsa.Sim.DecodeTable.Batch05Part23
01176863	Vsa.Sim.DecodeTable.Batch05Part23
01178733	Vsa.Sim.DecodeTable.Batch05Part23
0117b423	Vsa.Sim.DecodeTable.Batch05Part24
0117f7b3	Vsa.Sim.DecodeTable.Batch05Part24
011808b3	Vsa.Sim.DecodeTable.Batch05Part24
011985b3	Vsa.Sim.DecodeTable.Batch05Part24
0119a7b3	Vsa.Sim.DecodeTable.Batch05Part24
01213823	Vsa.Sim.DecodeTable.Batch05Part24
01213c23	Vsa.Sim.DecodeTable.Batch05Part24
01235693	Vsa.Sim.DecodeTable.Batch05Part24
01240533	Vsa.Sim.DecodeTable.Batch05Part24
01240933	Vsa.Sim.DecodeTable.Batch05Part24
01240c63	Vsa.Sim.DecodeTable.Batch05Part24
01241783	Vsa.Sim.DecodeTable.Batch17
01253c23	Vsa.Sim.DecodeTable.Batch05Part24
01259583	Vsa.Sim.DecodeTable.Batch05Part24
0125b023	Vsa.Sim.DecodeTable.Batch05Part24
0125d303	Vsa.Sim.DecodeTable.Batch05Part24
01271583	Vsa.Sim.DecodeTable.Batch17
01275793	Vsa.Sim.DecodeTable.Batch05Part24
01278793	Vsa.Sim.DecodeTable.Batch05Part25
012787b3	Vsa.Sim.DecodeTable.Batch05Part25
01279583	Vsa.Sim.DecodeTable.Batch05Part25
0127a023	Vsa.Sim.DecodeTable.Batch05Part25
0127b023	Vsa.Sim.DecodeTable.Batch05Part25
0127b423	Vsa.Sim.DecodeTable.Batch05Part25
0127d693	Vsa.Sim.DecodeTable.Batch05Part25
01298023	Vsa.Sim.DecodeTable.Batch05Part25
0129f463	Vsa.Sim.DecodeTable.Batch05Part25
012a1703	Vsa.Sim.DecodeTable.Batch05Part25
012aaa23	Vsa.Sim.DecodeTable.Batch05Part25
012b0b33	Vsa.Sim.DecodeTable.Batch05Part25
012b7663	Vsa.Sim.DecodeTable.Batch05Part25
012c8cb3	Vsa.Sim.DecodeTable.Batch05Part25
01304463	Vsa.Sim.DecodeTable.Batch05Part25
01313423	Vsa.Sim.DecodeTable.Batch05Part25
01313c23	Vsa.Sim.DecodeTable.Batch05Part26
01352a23	Vsa.Sim.DecodeTable.Batch05Part26
01370733	Vsa.Sim.DecodeTable.Batch05Part26
01378663	Vsa.Sim.DecodeTable.Batch05Part26
013787b3	Vsa.Sim.DecodeTable.Batch05Part26
01378863	Vsa.Sim.DecodeTable.Batch17
0137893b	Vsa.Sim.DecodeTable.Batch05Part26
0138a733	Vsa.Sim.DecodeTable.Batch05Part26
013a09b3	Vsa.Sim.DecodeTable.Batch05Part26
013a2a23	Vsa.Sim.DecodeTable.Batch05Part26
013a7863	Vsa.Sim.DecodeTable.Batch05Part26
013c7463	Vsa.Sim.DecodeTable.Batch05Part26
013d86e3	Vsa.Sim.DecodeTable.Batch05Part26
0140006f	Vsa.Sim.DecodeTable.Batch05Part26
01400613	Vsa.Sim.DecodeTable.Batch05Part26
01400693	Vsa.Sim.DecodeTable.Batch05Part26
01400793	Vsa.Sim.DecodeTable.Batch05Part26
0140106f	Vsa.Sim.DecodeTable.Batch05Part27
014040ef	Vsa.Sim.DecodeTable.Batch05Part27
01404463	Vsa.Sim.DecodeTable.Batch05Part27
01413023	Vsa.Sim.DecodeTable.Batch05Part27
01413423	Vsa.Sim.DecodeTable.Batch05Part27
01413823	Vsa.Sim.DecodeTable.Batch05Part27
01413c23	Vsa.Sim.DecodeTable.Batch05Part27
01442803	Vsa.Sim.DecodeTable.Batch05Part27
014484bb	Vsa.Sim.DecodeTable.Batch05Part27
014506b3	Vsa.Sim.DecodeTable.Batch05Part27
01452503	Vsa.Sim.DecodeTable.Batch05Part27
01452783	Vsa.Sim.DecodeTable.Batch05Part27
014585b3	Vsa.Sim.DecodeTable.Batch05Part27
0145a483	Vsa.Sim.DecodeTable.Batch05Part27
0145a783	Vsa.Sim.DecodeTable.Batch05Part27
0145a883	Vsa.Sim.DecodeTable.Batch05Part27
0145a903	Vsa.Sim.DecodeTable.Batch05Part28
0145a983	Vsa.Sim.DecodeTable.Batch05Part28
0145ab03	Vsa.Sim.DecodeTable.Batch05Part28
01460633	Vsa.Sim.DecodeTable.Batch05Part28
01462483	Vsa.Sim.DecodeTable.Batch05Part28
01462783	Vsa.Sim.DecodeTable.Batch05Part28
01462883	Vsa.Sim.DecodeTable.Batch05Part28
01468b3b	Vsa.Sim.DecodeTable.Batch05Part28
0146d613	Vsa.Sim.DecodeTable.Batch05Part28
01472503	Vsa.Sim.DecodeTable.Batch05Part28
01473023	Vsa.Sim.DecodeTable.Batch05Part28
014787b3	Vsa.Sim.DecodeTable.Batch05Part28
014787bb	Vsa.Sim.DecodeTable.Batch05Part28
0147a783	Vsa.Sim.DecodeTable.Batch05Part28
0147b023	Vsa.Sim.DecodeTable.Batch05Part28
0147d49b	Vsa.Sim.DecodeTable.Batch05Part28
0147e6b3	Vsa.Sim.DecodeTable.Batch05Part29
0148053b	Vsa.Sim.DecodeTable.Batch05Part29
014a2603	Vsa.Sim.DecodeTable.Batch05Part29
014a599b	Vsa.Sim.DecodeTable.Batch05Part29
014b0b13	Vsa.Sim.DecodeTable.Batch05Part29
014b4463	Vsa.Sim.DecodeTable.Batch05Part29
014bb023	Vsa.Sim.DecodeTable.Batch05Part29
014bb423	Vsa.Sim.DecodeTable.Batch05Part29
014d3023	Vsa.Sim.DecodeTable.Batch05Part29
014d8a33	Vsa.Sim.DecodeTable.Batch05Part29
014f2f83	Vsa.Sim.DecodeTable.Batch05Part29
01500793	Vsa.Sim.DecodeTable.Batch05Part29
01513423	Vsa.Sim.DecodeTable.Batch05Part29
01513c23	Vsa.Sim.DecodeTable.Batch05Part29
0157aa23	Vsa.Sim.DecodeTable.Batch05Part29
0157e7b3	Vsa.Sim.DecodeTable.Batch05Part29
015d07bb	Vsa.Sim.DecodeTable.Batch05Part30
01600793	Vsa.Sim.DecodeTable.Batch05Part30
01604463	Vsa.Sim.DecodeTable.Batch05Part30
01613023	Vsa.Sim.DecodeTable.Batch05Part30
01613823	Vsa.Sim.DecodeTable.Batch05Part30
0164873b	Vsa.Sim.DecodeTable.Batch05Part30
016487bb	Vsa.Sim.DecodeTable.Batch05Part30
016506b3	Vsa.Sim.DecodeTable.Batch05Part30
01656b33	Vsa.Sim.DecodeTable.Batch17
01660633	Vsa.Sim.DecodeTable.Batch05Part30
01660db3	Vsa.Sim.DecodeTable.Batch05Part30
016686b3	Vsa.Sim.DecodeTable.Batch05Part30
016686bb	Vsa.Sim.DecodeTable.Batch05Part30
0166b023	Vsa.Sim.DecodeTable.Batch05Part30
01673423	Vsa.Sim.DecodeTable.Batch05Part30
016787b3	Vsa.Sim.DecodeTable.Batch05Part30
016787bb	Vsa.Sim.DecodeTable.Batch05Part30
01679463	Vsa.Sim.DecodeTable.Batch05Part31
0167adb3	Vsa.Sim.DecodeTable.Batch05Part31
0167b023	Vsa.Sim.DecodeTable.Batch05Part31
0167b423	Vsa.Sim.DecodeTable.Batch05Part31
0167c4e3	Vsa.Sim.DecodeTable.Batch05Part31
0167e7b3	Vsa.Sim.DecodeTable.Batch05Part31
01690b33	Vsa.Sim.DecodeTable.Batch05Part31
016967b3	Vsa.Sim.DecodeTable.Batch05Part31
016a0b33	Vsa.Sim.DecodeTable.Batch05Part31
016a5463	Vsa.Sim.DecodeTable.Batch05Part31
016a6863	Vsa.Sim.DecodeTable.Batch05Part31
016a7863	Vsa.Sim.DecodeTable.Batch05Part31
016b87bb	Vsa.Sim.DecodeTable.Batch05Part31
016b89b3	Vsa.Sim.DecodeTable.Batch05Part31
016bb423	Vsa.Sim.DecodeTable.Batch05Part31
016c3023	Vsa.Sim.DecodeTable.Batch05Part31
016d0733	Vsa.Sim.DecodeTable.Batch05Part32
016d3423	Vsa.Sim.DecodeTable.Batch05Part32
016d4463	Vsa.Sim.DecodeTable.Batch05Part32
01705663	Vsa.Sim.DecodeTable.Batch05Part32
01705c63	Vsa.Sim.DecodeTable.Batch05Part32
01713423	Vsa.Sim.DecodeTable.Batch05Part32
01713c23	Vsa.Sim.DecodeTable.Batch05Part32
01742623	Vsa.Sim.DecodeTable.Batch05Part32
0174bbb3	Vsa.Sim.DecodeTable.Batch05Part32
01758713	Vsa.Sim.DecodeTable.Batch05Part32
01758793	Vsa.Sim.DecodeTable.Batch05Part32
01760633	Vsa.Sim.DecodeTable.Batch05Part32
017787b3	Vsa.Sim.DecodeTable.Batch05Part32
017787bb	Vsa.Sim.DecodeTable.Batch05Part32
01778bbb	Vsa.Sim.DecodeTable.Batch05Part32
0177a223	Vsa.Sim.DecodeTable.Batch05Part32
0177b023	Vsa.Sim.DecodeTable.Batch06Part01
017989bb	Vsa.Sim.DecodeTable.Batch06Part01
017a8bbb	Vsa.Sim.DecodeTable.Batch06Part01
017b3423	Vsa.Sim.DecodeTable.Batch06Part01
017c8533	Vsa.Sim.DecodeTable.Batch06Part01
017c8bbb	Vsa.Sim.DecodeTable.Batch06Part01
017c8cb3	Vsa.Sim.DecodeTable.Batch06Part01
017d3423	Vsa.Sim.DecodeTable.Batch06Part01
0180006f	Vsa.Sim.DecodeTable.Batch06Part01
01800713	Vsa.Sim.DecodeTable.Batch06Part01
01810593	Vsa.Sim.DecodeTable.Batch06Part01
01810613	Vsa.Sim.DecodeTable.Batch06Part01
01810713	Vsa.Sim.DecodeTable.Batch06Part01
01813083	Vsa.Sim.DecodeTable.Batch06Part01
01813303	Vsa.Sim.DecodeTable.Batch06Part01
01813403	Vsa.Sim.DecodeTable.Batch06Part01
01813483	Vsa.Sim.DecodeTable.Batch06Part02
01813503	Vsa.Sim.DecodeTable.Batch06Part02
01813583	Vsa.Sim.DecodeTable.Batch06Part02
01813603	Vsa.Sim.DecodeTable.Batch06Part02
01813683	Vsa.Sim.DecodeTable.Batch06Part02
01813703	Vsa.Sim.DecodeTable.Batch06Part02
01813783	Vsa.Sim.DecodeTable.Batch06Part02
01813803	Vsa.Sim.DecodeTable.Batch06Part02
01813823	Vsa.Sim.DecodeTable.Batch06Part02
01813883	Vsa.Sim.DecodeTable.Batch06Part02
01813903	Vsa.Sim.DecodeTable.Batch06Part02
01813983	Vsa.Sim.DecodeTable.Batch06Part02
01813a03	Vsa.Sim.DecodeTable.Batch06Part02
01813a83	Vsa.Sim.DecodeTable.Batch06Part02
01813b83	Vsa.Sim.DecodeTable.Batch06Part02
01813c83	Vsa.Sim.DecodeTable.Batch06Part02
01813d03	Vsa.Sim.DecodeTable.Batch06Part03
01813d83	Vsa.Sim.DecodeTable.Batch06Part03
01813e03	Vsa.Sim.DecodeTable.Batch06Part03
01813e83	Vsa.Sim.DecodeTable.Batch06Part03
01813f03	Vsa.Sim.DecodeTable.Batch06Part03
01833683	Vsa.Sim.DecodeTable.Batch06Part03
01833703	Vsa.Sim.DecodeTable.Batch06Part03
01840413	Vsa.Sim.DecodeTable.Batch06Part03
01840793	Vsa.Sim.DecodeTable.Batch06Part03
01842783	Vsa.Sim.DecodeTable.Batch06Part03
01843403	Vsa.Sim.DecodeTable.Batch06Part03
01843583	Vsa.Sim.DecodeTable.Batch06Part03
01843603	Vsa.Sim.DecodeTable.Batch06Part03
01843683	Vsa.Sim.DecodeTable.Batch06Part03
01843703	Vsa.Sim.DecodeTable.Batch06Part03
01843783	Vsa.Sim.DecodeTable.Batch06Part03
0184b783	Vsa.Sim.DecodeTable.Batch06Part04
01850393	Vsa.Sim.DecodeTable.Batch06Part04
01850513	Vsa.Sim.DecodeTable.Batch06Part04
01850593	Vsa.Sim.DecodeTable.Batch06Part04
018507b3	Vsa.Sim.DecodeTable.Batch06Part04
01850a13	Vsa.Sim.DecodeTable.Batch06Part04
01853903	Vsa.Sim.DecodeTable.Batch06Part04
01858493	Vsa.Sim.DecodeTable.Batch06Part04
01858593	Vsa.Sim.DecodeTable.Batch06Part04
01858813	Vsa.Sim.DecodeTable.Batch06Part04
01858b93	Vsa.Sim.DecodeTable.Batch06Part04
0185b583	Vsa.Sim.DecodeTable.Batch06Part04
0185b783	Vsa.Sim.DecodeTable.Batch06Part04
0185b903	Vsa.Sim.DecodeTable.Batch06Part04
0185bf03	Vsa.Sim.DecodeTable.Batch06Part04
01860293	Vsa.Sim.DecodeTable.Batch06Part04
01860613	Vsa.Sim.DecodeTable.Batch06Part05
01860633	Vsa.Sim.DecodeTable.Batch06Part05
01860713	Vsa.Sim.DecodeTable.Batch06Part05
01863583	Vsa.Sim.DecodeTable.Batch06Part05
01863603	Vsa.Sim.DecodeTable.Batch06Part05
01863703	Vsa.Sim.DecodeTable.Batch06Part05
01863783	Vsa.Sim.DecodeTable.Batch06Part05
01867813	Vsa.Sim.DecodeTable.Batch06Part05
0186a603	Vsa.Sim.DecodeTable.Batch06Part05
0186b423	Vsa.Sim.DecodeTable.Batch06Part05
0186b503	Vsa.Sim.DecodeTable.Batch06Part05
0186b583	Vsa.Sim.DecodeTable.Batch06Part05
0186b683	Vsa.Sim.DecodeTable.Batch06Part05
0186b783	Vsa.Sim.DecodeTable.Batch06Part05
0186d463	Vsa.Sim.DecodeTable.Batch06Part05
0186d663	Vsa.Sim.DecodeTable.Batch06Part05
01870733	Vsa.Sim.DecodeTable.Batch06Part06
0187171b	Vsa.Sim.DecodeTable.Batch06Part06
01871b1b	Vsa.Sim.DecodeTable.Batch06Part06
01871d1b	Vsa.Sim.DecodeTable.Batch06Part06
01872703	Vsa.Sim.DecodeTable.Batch06Part06
01873303	Vsa.Sim.DecodeTable.Batch06Part06
01873783	Vsa.Sim.DecodeTable.Batch06Part06
018787b3	Vsa.Sim.DecodeTable.Batch06Part06
018787bb	Vsa.Sim.DecodeTable.Batch06Part06
01878a13	Vsa.Sim.DecodeTable.Batch06Part06
0187a503	Vsa.Sim.DecodeTable.Batch06Part06
0187b023	Vsa.Sim.DecodeTable.Batch06Part06
0187b423	Vsa.Sim.DecodeTable.Batch06Part06
0187b503	Vsa.Sim.DecodeTable.Batch06Part06
0187b583	Vsa.Sim.DecodeTable.Batch06Part06
0187b603	Vsa.Sim.DecodeTable.Batch06Part06
0187b683	Vsa.Sim.DecodeTable.Batch06Part07
01883583	Vsa.Sim.DecodeTable.Batch06Part07
01883683	Vsa.Sim.DecodeTable.Batch06Part07
01890913	Vsa.Sim.DecodeTable.Batch06Part07
018a06b3	Vsa.Sim.DecodeTable.Batch06Part07
018a0a13	Vsa.Sim.DecodeTable.Batch06Part07
018a3703	Vsa.Sim.DecodeTable.Batch06Part07
018a3a03	Vsa.Sim.DecodeTable.Batch06Part07
018b86b3	Vsa.Sim.DecodeTable.Batch06Part07
018bb023	Vsa.Sim.DecodeTable.Batch06Part07
018bb423	Vsa.Sim.DecodeTable.Batch06Part07
018bf463	Vsa.Sim.DecodeTable.Batch06Part07
018f0313	Vsa.Sim.DecodeTable.Batch06Part07
01900793	Vsa.Sim.DecodeTable.Batch06Part07
01904463	Vsa.Sim.DecodeTable.Batch06Part07
01905863	Vsa.Sim.DecodeTable.Batch06Part07
01913023	Vsa.Sim.DecodeTable.Batch06Part08
01913423	Vsa.Sim.DecodeTable.Batch06Part08
01940793	Vsa.Sim.DecodeTable.Batch06Part08
01940b93	Vsa.Sim.DecodeTable.Batch06Part08
01943c23	Vsa.Sim.DecodeTable.Batch06Part08
01960633	Vsa.Sim.DecodeTable.Batch06Part08
0196b423	Vsa.Sim.DecodeTable.Batch06Part08
01972223	Vsa.Sim.DecodeTable.Batch06Part08
01973023	Vsa.Sim.DecodeTable.Batch06Part08
01978633	Vsa.Sim.DecodeTable.Batch06Part08
0197873b	Vsa.Sim.DecodeTable.Batch06Part08
019787b3	Vsa.Sim.DecodeTable.Batch06Part08
0197b423	Vsa.Sim.DecodeTable.Batch06Part08
019987b3	Vsa.Sim.DecodeTable.Batch06Part08
019b2223	Vsa.Sim.DecodeTable.Batch06Part08
019bb023	Vsa.Sim.DecodeTable.Batch06Part08
019d3023	Vsa.Sim.DecodeTable.Batch06Part09
019f0613	Vsa.Sim.DecodeTable.Batch06Part09
01a05a63	Vsa.Sim.DecodeTable.Batch06Part09
01a2e463	Vsa.Sim.DecodeTable.Batch06Part09
01a5053b	Vsa.Sim.DecodeTable.Batch06Part09
01a60633	Vsa.Sim.DecodeTable.Batch06Part09
01a60a33	Vsa.Sim.DecodeTable.Batch06Part09
01a6b023	Vsa.Sim.DecodeTable.Batch06Part09
01a6e463	Vsa.Sim.DecodeTable.Batch06Part09
01a70733	Vsa.Sim.DecodeTable.Batch06Part09
01a73423	Vsa.Sim.DecodeTable.Batch06Part09
01a787bb	Vsa.Sim.DecodeTable.Batch06Part09
01a7cd33	Vsa.Sim.DecodeTable.Batch06Part09
01a7f463	Vsa.Sim.DecodeTable.Batch06Part09
01a7f713	Vsa.Sim.DecodeTable.Batch06Part09
01ab2023	Vsa.Sim.DecodeTable.Batch06Part09
01ab6fb3	Vsa.Sim.DecodeTable.Batch06Part10
01abb023	Vsa.Sim.DecodeTable.Batch06Part10
01abb423	Vsa.Sim.DecodeTable.Batch06Part10
01b00693	Vsa.Sim.DecodeTable.Batch06Part10
01b03db3	Vsa.Sim.DecodeTable.Batch06Part10
01b13823	Vsa.Sim.DecodeTable.Batch06Part10
01b13c23	Vsa.Sim.DecodeTable.Batch06Part10
01b60633	Vsa.Sim.DecodeTable.Batch06Part10
01b6b423	Vsa.Sim.DecodeTable.Batch06Part10
01b787bb	Vsa.Sim.DecodeTable.Batch06Part10
01b788bb	Vsa.Sim.DecodeTable.Batch06Part10
01b78e3b	Vsa.Sim.DecodeTable.Batch06Part10
01b7b423	Vsa.Sim.DecodeTable.Batch06Part10
01b7cdb3	Vsa.Sim.DecodeTable.Batch06Part10
01b7e463	Vsa.Sim.DecodeTable.Batch06Part10
01b8d463	Vsa.Sim.DecodeTable.Batch06Part10
01bb0023	Vsa.Sim.DecodeTable.Batch06Part11
01bb3023	Vsa.Sim.DecodeTable.Batch06Part11
01bb4463	Vsa.Sim.DecodeTable.Batch06Part11
01bbb023	Vsa.Sim.DecodeTable.Batch06Part11
01bbb423	Vsa.Sim.DecodeTable.Batch06Part11
01bd0023	Vsa.Sim.DecodeTable.Batch06Part11
01bd3023	Vsa.Sim.DecodeTable.Batch06Part11
01c0006f	Vsa.Sim.DecodeTable.Batch06Part11
01c00693	Vsa.Sim.DecodeTable.Batch06Part11
01c00793	Vsa.Sim.DecodeTable.Batch06Part11
01c03e33	Vsa.Sim.DecodeTable.Batch06Part11
01c12483	Vsa.Sim.DecodeTable.Batch06Part11
01c13c23	Vsa.Sim.DecodeTable.Batch06Part11
01c60333	Vsa.Sim.DecodeTable.Batch06Part11
01c60613	Vsa.Sim.DecodeTable.Batch06Part11
01c686b3	Vsa.Sim.DecodeTable.Batch06Part11
01c705b3	Vsa.Sim.DecodeTable.Batch06Part12
01c71e33	Vsa.Sim.DecodeTable.Batch06Part12
01c76e33	Vsa.Sim.DecodeTable.Batch06Part12
01c77e33	Vsa.Sim.DecodeTable.Batch06Part12
01c78693	Vsa.Sim.DecodeTable.Batch06Part12
01c786b3	Vsa.Sim.DecodeTable.Batch06Part12
01c7f863	Vsa.Sim.DecodeTable.Batch06Part12
01c83823	Vsa.Sim.DecodeTable.Batch06Part12
01cc0dbb	Vsa.Sim.DecodeTable.Batch06Part12
01cd3023	Vsa.Sim.DecodeTable.Batch06Part12
01cf3023	Vsa.Sim.DecodeTable.Batch06Part12
01d00713	Vsa.Sim.DecodeTable.Batch06Part12
01d03eb3	Vsa.Sim.DecodeTable.Batch06Part12
01d060ef	Vsa.Sim.DecodeTable.Batch06Part12
01d13c23	Vsa.Sim.DecodeTable.Batch06Part12
01d5f333	Vsa.Sim.DecodeTable.Batch06Part12
01d60633	Vsa.Sim.DecodeTable.Batch06Part13
01d6d463	Vsa.Sim.DecodeTable.Batch06Part13
01d70e33	Vsa.Sim.DecodeTable.Batch06Part13
01d73823	Vsa.Sim.DecodeTable.Batch06Part13
01d73c23	Vsa.Sim.DecodeTable.Batch06Part13
01d75793	Vsa.Sim.DecodeTable.Batch06Part13
01d7b423	Vsa.Sim.DecodeTable.Batch06Part13
01d8843b	Vsa.Sim.DecodeTable.Batch06Part13
01dbb423	Vsa.Sim.DecodeTable.Batch06Part13
01dd3423	Vsa.Sim.DecodeTable.Batch06Part13
01de0e33	Vsa.Sim.DecodeTable.Batch06Part13
01de0eb3	Vsa.Sim.DecodeTable.Batch06Part13
01e037b3	Vsa.Sim.DecodeTable.Batch06Part13
01e13c23	Vsa.Sim.DecodeTable.Batch06Part13
01e65793	Vsa.Sim.DecodeTable.Batch06Part13
01e686b3	Vsa.Sim.DecodeTable.Batch06Part13
01e68733	Vsa.Sim.DecodeTable.Batch06Part14
01e68f33	Vsa.Sim.DecodeTable.Batch06Part14
01e706b3	Vsa.Sim.DecodeTable.Batch06Part14
01e75793	Vsa.Sim.DecodeTable.Batch06Part14
01e787b3	Vsa.Sim.DecodeTable.Batch06Part14
01e7b423	Vsa.Sim.DecodeTable.Batch06Part14
01e7da13	Vsa.Sim.DecodeTable.Batch06Part14
01e80f33	Vsa.Sim.DecodeTable.Batch06Part14
01e88633	Vsa.Sim.DecodeTable.Batch06Part14
01ebb023	Vsa.Sim.DecodeTable.Batch06Part14
01ee5f33	Vsa.Sim.DecodeTable.Batch06Part14
01f00313	Vsa.Sim.DecodeTable.Batch06Part14
01f00513	Vsa.Sim.DecodeTable.Batch06Part14
01f00593	Vsa.Sim.DecodeTable.Batch06Part14
01f00613	Vsa.Sim.DecodeTable.Batch06Part14
01f00693	Vsa.Sim.DecodeTable.Batch06Part14
01f00793	Vsa.Sim.DecodeTable.Batch06Part15
01f00e13	Vsa.Sim.DecodeTable.Batch06Part15
01f29293	Vsa.Sim.DecodeTable.Batch06Part15
01f30fb3	Vsa.Sim.DecodeTable.Batch06Part15
01f5579b	Vsa.Sim.DecodeTable.Batch06Part15
01f67613	Vsa.Sim.DecodeTable.Batch06Part15
01f67693	Vsa.Sim.DecodeTable.Batch06Part15
01f68693	Vsa.Sim.DecodeTable.Batch06Part15
01f686b3	Vsa.Sim.DecodeTable.Batch06Part15
01f6b023	Vsa.Sim.DecodeTable.Batch06Part15
01f71713	Vsa.Sim.DecodeTable.Batch06Part15
01f75793	Vsa.Sim.DecodeTable.Batch06Part15
01f7591b	Vsa.Sim.DecodeTable.Batch06Part15
01f75e63	Vsa.Sim.DecodeTable.Batch06Part15
01f78b3b	Vsa.Sim.DecodeTable.Batch06Part15
01f79793	Vsa.Sim.DecodeTable.Batch06Part15
01f7b023	Vsa.Sim.DecodeTable.Batch06Part16
01f7b423	Vsa.Sim.DecodeTable.Batch06Part16
01f7d79b	Vsa.Sim.DecodeTable.Batch06Part16
01f7f793	Vsa.Sim.DecodeTable.Batch06Part16
01f8549b	Vsa.Sim.DecodeTable.Batch06Part16
01fa06bb	Vsa.Sim.DecodeTable.Batch06Part16
01fd0db3	Vsa.Sim.DecodeTable.Batch06Part16
01fd3023	Vsa.Sim.DecodeTable.Batch06Part16
01fd579b	Vsa.Sim.DecodeTable.Batch06Part16
0200006f	Vsa.Sim.DecodeTable.Batch06Part16
02000313	Vsa.Sim.DecodeTable.Batch06Part16
02000513	Vsa.Sim.DecodeTable.Batch06Part16
02000713	Vsa.Sim.DecodeTable.Batch06Part16
02000793	Vsa.Sim.DecodeTable.Batch06Part16
02010113	Vsa.Sim.DecodeTable.Batch06Part16
02010313	Vsa.Sim.DecodeTable.Batch06Part16
02010513	Vsa.Sim.DecodeTable.Batch06Part17
02010593	Vsa.Sim.DecodeTable.Batch06Part17
02010713	Vsa.Sim.DecodeTable.Batch06Part17
02013023	Vsa.Sim.DecodeTable.Batch06Part17
02013303	Vsa.Sim.DecodeTable.Batch06Part17
02013403	Vsa.Sim.DecodeTable.Batch06Part17
02013423	Vsa.Sim.DecodeTable.Batch06Part17
02013483	Vsa.Sim.DecodeTable.Batch06Part17
02013583	Vsa.Sim.DecodeTable.Batch06Part17
02013603	Vsa.Sim.DecodeTable.Batch06Part17
02013683	Vsa.Sim.DecodeTable.Batch06Part17
02013703	Vsa.Sim.DecodeTable.Batch06Part17
02013783	Vsa.Sim.DecodeTable.Batch06Part17
02013823	Vsa.Sim.DecodeTable.Batch06Part17
02013883	Vsa.Sim.DecodeTable.Batch06Part17
02013903	Vsa.Sim.DecodeTable.Batch06Part17
02013a03	Vsa.Sim.DecodeTable.Batch06Part18
02013b03	Vsa.Sim.DecodeTable.Batch06Part18
02013b83	Vsa.Sim.DecodeTable.Batch06Part18
02013c23	Vsa.Sim.DecodeTable.Batch06Part18
02013d03	Vsa.Sim.DecodeTable.Batch06Part18
02013e03	Vsa.Sim.DecodeTable.Batch06Part18
02013e83	Vsa.Sim.DecodeTable.Batch06Part18
02013f83	Vsa.Sim.DecodeTable.Batch06Part18
02030713	Vsa.Sim.DecodeTable.Batch06Part18
02031063	Vsa.Sim.DecodeTable.Batch06Part18
02031313	Vsa.Sim.DecodeTable.Batch06Part18
02031463	Vsa.Sim.DecodeTable.Batch06Part18
02035313	Vsa.Sim.DecodeTable.Batch06Part18
02035793	Vsa.Sim.DecodeTable.Batch06Part18
02036313	Vsa.Sim.DecodeTable.Batch06Part18
02037613	Vsa.Sim.DecodeTable.Batch06Part18
02037713	Vsa.Sim.DecodeTable.Batch06Part19
02037793	Vsa.Sim.DecodeTable.Batch06Part19
02040063	Vsa.Sim.DecodeTable.Batch06Part19
02040413	Vsa.Sim.DecodeTable.Batch06Part19
02040713	Vsa.Sim.DecodeTable.Batch06Part19
02040863	Vsa.Sim.DecodeTable.Batch06Part19
02041593	Vsa.Sim.DecodeTable.Batch06Part19
02042023	Vsa.Sim.DecodeTable.Batch06Part19
02042423	Vsa.Sim.DecodeTable.Batch06Part19
02042583	Vsa.Sim.DecodeTable.Batch06Part19
02042603	Vsa.Sim.DecodeTable.Batch06Part19
02042683	Vsa.Sim.DecodeTable.Batch06Part19
02043583	Vsa.Sim.DecodeTable.Batch06Part19
02043603	Vsa.Sim.DecodeTable.Batch06Part19
02045793	Vsa.Sim.DecodeTable.Batch06Part19
02049713	Vsa.Sim.DecodeTable.Batch06Part19
02050063	Vsa.Sim.DecodeTable.Batch06Part20
02050263	Vsa.Sim.DecodeTable.Batch06Part20
0205051b	Vsa.Sim.DecodeTable.Batch06Part20
02050663	Vsa.Sim.DecodeTable.Batch06Part20
02050713	Vsa.Sim.DecodeTable.Batch06Part20
02050793	Vsa.Sim.DecodeTable.Batch06Part20
02050863	Vsa.Sim.DecodeTable.Batch06Part20
02050e63	Vsa.Sim.DecodeTable.Batch06Part20
02051463	Vsa.Sim.DecodeTable.Batch06Part20
02051513	Vsa.Sim.DecodeTable.Batch06Part20
02051593	Vsa.Sim.DecodeTable.Batch06Part20
02051663	Vsa.Sim.DecodeTable.Batch06Part20
020516e3	Vsa.Sim.DecodeTable.Batch06Part20
02051713	Vsa.Sim.DecodeTable.Batch06Part20
02051793	Vsa.Sim.DecodeTable.Batch06Part20
02051a63	Vsa.Sim.DecodeTable.Batch06Part20
02051e63	Vsa.Sim.DecodeTable.Batch06Part21
02053023	Vsa.Sim.DecodeTable.Batch06Part21
02053423	Vsa.Sim.DecodeTable.Batch06Part21
02053983	Vsa.Sim.DecodeTable.Batch06Part21
02055513	Vsa.Sim.DecodeTable.Batch06Part21
02055693	Vsa.Sim.DecodeTable.Batch06Part21
02055793	Vsa.Sim.DecodeTable.Batch06Part21
02058063	Vsa.Sim.DecodeTable.Batch06Part21
02058463	Vsa.Sim.DecodeTable.Batch06Part21
02058593	Vsa.Sim.DecodeTable.Batch06Part21
02058663	Vsa.Sim.DecodeTable.Batch06Part21
02058c63	Vsa.Sim.DecodeTable.Batch06Part21
02059063	Vsa.Sim.DecodeTable.Batch06Part21
02059693	Vsa.Sim.DecodeTable.Batch06Part21
02059863	Vsa.Sim.DecodeTable.Batch06Part21
02059a13	Vsa.Sim.DecodeTable.Batch06Part21
0205a303	Vsa.Sim.DecodeTable.Batch06Part22
0205a783	Vsa.Sim.DecodeTable.Batch06Part22
0205b583	Vsa.Sim.DecodeTable.Batch06Part22
0205be83	Vsa.Sim.DecodeTable.Batch06Part22
0205d593	Vsa.Sim.DecodeTable.Batch06Part22
02060063	Vsa.Sim.DecodeTable.Batch06Part22
02060463	Vsa.Sim.DecodeTable.Batch17
02060c63	Vsa.Sim.DecodeTable.Batch06Part22
02061593	Vsa.Sim.DecodeTable.Batch06Part22
02061613	Vsa.Sim.DecodeTable.Batch06Part22
02061713	Vsa.Sim.DecodeTable.Batch06Part22
02062683	Vsa.Sim.DecodeTable.Batch06Part22
02062703	Vsa.Sim.DecodeTable.Batch06Part22
02065613	Vsa.Sim.DecodeTable.Batch06Part22
02065713	Vsa.Sim.DecodeTable.Batch06Part22
02068063	Vsa.Sim.DecodeTable.Batch06Part22
02068663	Vsa.Sim.DecodeTable.Batch06Part22
02068863	Vsa.Sim.DecodeTable.Batch06Part23
02068a63	Vsa.Sim.DecodeTable.Batch06Part23
02068e63	Vsa.Sim.DecodeTable.Batch06Part23
02069463	Vsa.Sim.DecodeTable.Batch06Part23
02069693	Vsa.Sim.DecodeTable.Batch06Part23
02069793	Vsa.Sim.DecodeTable.Batch06Part23
02069863	Vsa.Sim.DecodeTable.Batch17
02069e13	Vsa.Sim.DecodeTable.Batch06Part23
0206a613	Vsa.Sim.DecodeTable.Batch06Part23
0206b783	Vsa.Sim.DecodeTable.Batch06Part23
0206c663	Vsa.Sim.DecodeTable.Batch06Part23
0206d693	Vsa.Sim.DecodeTable.Batch06Part23
0206de93	Vsa.Sim.DecodeTable.Batch06Part23
02070593	Vsa.Sim.DecodeTable.Batch06Part23
02070663	Vsa.Sim.DecodeTable.Batch06Part23
02070713	Vsa.Sim.DecodeTable.Batch06Part23
02070863	Vsa.Sim.DecodeTable.Batch06Part23
02070e63	Vsa.Sim.DecodeTable.Batch06Part24
02071063	Vsa.Sim.DecodeTable.Batch06Part24
02071263	Vsa.Sim.DecodeTable.Batch06Part24
02071463	Vsa.Sim.DecodeTable.Batch06Part24
02071593	Vsa.Sim.DecodeTable.Batch06Part24
02071663	Vsa.Sim.DecodeTable.Batch06Part24
02071713	Vsa.Sim.DecodeTable.Batch06Part24
02071893	Vsa.Sim.DecodeTable.Batch06Part24
02071993	Vsa.Sim.DecodeTable.Batch06Part24
02071b13	Vsa.Sim.DecodeTable.Batch06Part24
02071c63	Vsa.Sim.DecodeTable.Batch06Part24
02071d13	Vsa.Sim.DecodeTable.Batch06Part24
02075413	Vsa.Sim.DecodeTable.Batch06Part24
02075713	Vsa.Sim.DecodeTable.Batch06Part24
02078063	Vsa.Sim.DecodeTable.Batch06Part24
02078263	Vsa.Sim.DecodeTable.Batch06Part24
02078463	Vsa.Sim.DecodeTable.Batch06Part25
02078663	Vsa.Sim.DecodeTable.Batch06Part25
02078793	Vsa.Sim.DecodeTable.Batch06Part25
02078863	Vsa.Sim.DecodeTable.Batch06Part25
02078c63	Vsa.Sim.DecodeTable.Batch06Part25
02078e13	Vsa.Sim.DecodeTable.Batch06Part25
02078e63	Vsa.Sim.DecodeTable.Batch06Part25
02079063	Vsa.Sim.DecodeTable.Batch06Part25
02079313	Vsa.Sim.DecodeTable.Batch06Part25
02079463	Vsa.Sim.DecodeTable.Batch06Part25
02079513	Vsa.Sim.DecodeTable.Batch06Part25
02079613	Vsa.Sim.DecodeTable.Batch06Part25
02079693	Vsa.Sim.DecodeTable.Batch06Part25
02079713	Vsa.Sim.DecodeTable.Batch06Part25
02079793	Vsa.Sim.DecodeTable.Batch06Part25
02079863	Vsa.Sim.DecodeTable.Batch06Part25
02079893	Vsa.Sim.DecodeTable.Batch06Part26
0207a583	Vsa.Sim.DecodeTable.Batch06Part26
0207a603	Vsa.Sim.DecodeTable.Batch06Part26
0207c263	Vsa.Sim.DecodeTable.Batch06Part26
0207d063	Vsa.Sim.DecodeTable.Batch06Part26
0207d713	Vsa.Sim.DecodeTable.Batch06Part26
0207d793	Vsa.Sim.DecodeTable.Batch06Part26
02081e63	Vsa.Sim.DecodeTable.Batch06Part26
02083783	Vsa.Sim.DecodeTable.Batch06Part26
02085813	Vsa.Sim.DecodeTable.Batch06Part26
02088a63	Vsa.Sim.DecodeTable.Batch06Part26
02089863	Vsa.Sim.DecodeTable.Batch06Part26
02089e13	Vsa.Sim.DecodeTable.Batch06Part26
0208d593	Vsa.Sim.DecodeTable.Batch06Part26
02090063	Vsa.Sim.DecodeTable.Batch06Part26
02091793	Vsa.Sim.DecodeTable.Batch06Part26
02091913	Vsa.Sim.DecodeTable.Batch06Part27
02095693	Vsa.Sim.DecodeTable.Batch06Part27
02095913	Vsa.Sim.DecodeTable.Batch06Part27
0209d993	Vsa.Sim.DecodeTable.Batch06Part27
020a1793	Vsa.Sim.DecodeTable.Batch06Part27
020a5a13	Vsa.Sim.DecodeTable.Batch06Part27
020a6a13	Vsa.Sim.DecodeTable.Batch06Part27
020a7713	Vsa.Sim.DecodeTable.Batch06Part27
020a7793	Vsa.Sim.DecodeTable.Batch06Part27
020ab803	Vsa.Sim.DecodeTable.Batch06Part27
020ad063	Vsa.Sim.DecodeTable.Batch06Part27
020b4663	Vsa.Sim.DecodeTable.Batch06Part27
020b5b13	Vsa.Sim.DecodeTable.Batch06Part27
020c1513	Vsa.Sim.DecodeTable.Batch06Part27
020d1d13	Vsa.Sim.DecodeTable.Batch06Part27
020d5d13	Vsa.Sim.DecodeTable.Batch06Part27
020d8a63	Vsa.Sim.DecodeTable.Batch06Part28
020e5e13	Vsa.Sim.DecodeTable.Batch06Part28
020e7793	Vsa.Sim.DecodeTable.Batch06Part28
020f0863	Vsa.Sim.DecodeTable.Batch06Part28
0210306f	Vsa.Sim.DecodeTable.Batch06Part28
02113423	Vsa.Sim.DecodeTable.Batch06Part28
02113c23	Vsa.Sim.DecodeTable.Batch06Part28
02179793	Vsa.Sim.DecodeTable.Batch06Part28
021a1a13	Vsa.Sim.DecodeTable.Batch06Part28
021a5a13	Vsa.Sim.DecodeTable.Batch06Part28
02279713	Vsa.Sim.DecodeTable.Batch06Part28
0240006f	Vsa.Sim.DecodeTable.Batch06Part28
02400613	Vsa.Sim.DecodeTable.Batch06Part28
024010ef	Vsa.Sim.DecodeTable.Batch06Part28
02500993	Vsa.Sim.DecodeTable.Batch06Part28
02513823	Vsa.Sim.DecodeTable.Batch06Part28
02604ce3	Vsa.Sim.DecodeTable.Batch06Part29
02611523	Vsa.Sim.DecodeTable.Batch06Part29
02613023	Vsa.Sim.DecodeTable.Batch06Part29
02613423	Vsa.Sim.DecodeTable.Batch06Part29
02613823	Vsa.Sim.DecodeTable.Batch06Part29
02613c23	Vsa.Sim.DecodeTable.Batch06Part29
026b5a63	Vsa.Sim.DecodeTable.Batch06Part29
02700593	Vsa.Sim.DecodeTable.Batch06Part29
02700713	Vsa.Sim.DecodeTable.Batch06Part29
0280006f	Vsa.Sim.DecodeTable.Batch06Part29
02805863	Vsa.Sim.DecodeTable.Batch06Part29
02810613	Vsa.Sim.DecodeTable.Batch06Part29
02812683	Vsa.Sim.DecodeTable.Batch06Part29
02812703	Vsa.Sim.DecodeTable.Batch06Part29
02813023	Vsa.Sim.DecodeTable.Batch06Part29
02813083	Vsa.Sim.DecodeTable.Batch06Part29
02813303	Vsa.Sim.DecodeTable.Batch06Part30
02813423	Vsa.Sim.DecodeTable.Batch06Part30
02813483	Vsa.Sim.DecodeTable.Batch06Part30
02813603	Vsa.Sim.DecodeTable.Batch06Part30
02813683	Vsa.Sim.DecodeTable.Batch06Part30
02813703	Vsa.Sim.DecodeTable.Batch06Part30
02813783	Vsa.Sim.DecodeTable.Batch06Part30
02813803	Vsa.Sim.DecodeTable.Batch06Part30
02813823	Vsa.Sim.DecodeTable.Batch06Part30
02813883	Vsa.Sim.DecodeTable.Batch06Part30
02813983	Vsa.Sim.DecodeTable.Batch06Part30
02813a03	Vsa.Sim.DecodeTable.Batch06Part30
02813a83	Vsa.Sim.DecodeTable.Batch06Part30
02813b83	Vsa.Sim.DecodeTable.Batch06Part30
02813c23	Vsa.Sim.DecodeTable.Batch06Part30
02813c83	Vsa.Sim.DecodeTable.Batch06Part30
02813d83	Vsa.Sim.DecodeTable.Batch06Part31
02813e03	Vsa.Sim.DecodeTable.Batch06Part31
02813e83	Vsa.Sim.DecodeTable.Batch06Part31
02813f03	Vsa.Sim.DecodeTable.Batch06Part31
02815783	Vsa.Sim.DecodeTable.Batch06Part31
02818513	Vsa.Sim.DecodeTable.Batch17
02843603	Vsa.Sim.DecodeTable.Batch06Part31
02843823	Vsa.Sim.DecodeTable.Batch06Part31
02853a03	Vsa.Sim.DecodeTable.Batch06Part31
0285be03	Vsa.Sim.DecodeTable.Batch06Part31
02862503	Vsa.Sim.DecodeTable.Batch06Part31
02862703	Vsa.Sim.DecodeTable.Batch06Part31
02870713	Vsa.Sim.DecodeTable.Batch06Part31
02880813	Vsa.Sim.DecodeTable.Batch06Part31
028dfe63	Vsa.Sim.DecodeTable.Batch06Part31
02913423	Vsa.Sim.DecodeTable.Batch06Part31
02913823	Vsa.Sim.DecodeTable.Batch06Part31
02913c23	Vsa.Sim.DecodeTable.Batch06Part32
02942023	Vsa.Sim.DecodeTable.Batch06Part32
02a00793	Vsa.Sim.DecodeTable.Batch06Part32
02a04063	Vsa.Sim.DecodeTable.Batch06Part32
02a04663	Vsa.Sim.DecodeTable.Batch06Part32
02a05c63	Vsa.Sim.DecodeTable.Batch06Part32
02a13023	Vsa.Sim.DecodeTable.Batch06Part32
02a13423	Vsa.Sim.DecodeTable.Batch06Part32
02a13823	Vsa.Sim.DecodeTable.Batch06Part32
02a13c23	Vsa.Sim.DecodeTable.Batch06Part32
02a5f663	Vsa.Sim.DecodeTable.Batch06Part32
02a76663	Vsa.Sim.DecodeTable.Batch06Part32
02b00713	Vsa.Sim.DecodeTable.Batch06Part32
02b00793	Vsa.Sim.DecodeTable.Batch06Part32
02b13823	Vsa.Sim.DecodeTable.Batch06Part32
02b33023	Vsa.Sim.DecodeTable.Batch06Part32
02b33423	Vsa.Sim.DecodeTable.Batch07Part01
02b70063	Vsa.Sim.DecodeTable.Batch07Part01
02b78263	Vsa.Sim.DecodeTable.Batch07Part01
02b7a023	Vsa.Sim.DecodeTable.Batch07Part01
02b812e3	Vsa.Sim.DecodeTable.Batch07Part01
02c0006f	Vsa.Sim.DecodeTable.Batch07Part01
02c13023	Vsa.Sim.DecodeTable.Batch07Part01
02c13423	Vsa.Sim.DecodeTable.Batch07Part01
02c13823	Vsa.Sim.DecodeTable.Batch07Part01
02c13c23	Vsa.Sim.DecodeTable.Batch07Part01
02c33823	Vsa.Sim.DecodeTable.Batch07Part01
02c33c23	Vsa.Sim.DecodeTable.Batch07Part01
02c37a63	Vsa.Sim.DecodeTable.Batch07Part01
02c53023	Vsa.Sim.DecodeTable.Batch07Part01
02c53423	Vsa.Sim.DecodeTable.Batch07Part01
02c5f263	Vsa.Sim.DecodeTable.Batch07Part01
02c69613	Vsa.Sim.DecodeTable.Batch07Part02
02c75793	Vsa.Sim.DecodeTable.Batch07Part02
02c77a63	Vsa.Sim.DecodeTable.Batch07Part02
02c7a023	Vsa.Sim.DecodeTable.Batch07Part02
02c7a423	Vsa.Sim.DecodeTable.Batch07Part02
02c7c263	Vsa.Sim.DecodeTable.Batch07Part02
02c7d263	Vsa.Sim.DecodeTable.Batch07Part02
02c7d793	Vsa.Sim.DecodeTable.Batch07Part02
02c7e863	Vsa.Sim.DecodeTable.Batch07Part02
02ca1793	Vsa.Sim.DecodeTable.Batch07Part02
02d00613	Vsa.Sim.DecodeTable.Batch07Part02
02d00693	Vsa.Sim.DecodeTable.Batch07Part02
02d00713	Vsa.Sim.DecodeTable.Batch07Part02
02d00793	Vsa.Sim.DecodeTable.Batch07Part02
02d00d93	Vsa.Sim.DecodeTable.Batch07Part02
02d00f13	Vsa.Sim.DecodeTable.Batch07Part02
02d13023	Vsa.Sim.DecodeTable.Batch07Part03
02d13423	Vsa.Sim.DecodeTable.Batch07Part03
02d13823	Vsa.Sim.DecodeTable.Batch07Part03
02d13c23	Vsa.Sim.DecodeTable.Batch07Part03
02d58063	Vsa.Sim.DecodeTable.Batch07Part03
02d59063	Vsa.Sim.DecodeTable.Batch07Part03
02d61663	Vsa.Sim.DecodeTable.Batch07Part03
02d66663	Vsa.Sim.DecodeTable.Batch07Part03
02d67a63	Vsa.Sim.DecodeTable.Batch07Part03
02d77063	Vsa.Sim.DecodeTable.Batch07Part03
02d7a023	Vsa.Sim.DecodeTable.Batch07Part03
02e00713	Vsa.Sim.DecodeTable.Batch07Part03
02e00793	Vsa.Sim.DecodeTable.Batch07Part03
02e12223	Vsa.Sim.DecodeTable.Batch07Part03
02e12423	Vsa.Sim.DecodeTable.Batch07Part03
02e12c23	Vsa.Sim.DecodeTable.Batch07Part03
02e13023	Vsa.Sim.DecodeTable.Batch07Part04
02e13423	Vsa.Sim.DecodeTable.Batch07Part04
02e13823	Vsa.Sim.DecodeTable.Batch07Part04
02e13c23	Vsa.Sim.DecodeTable.Batch07Part04
02e33023	Vsa.Sim.DecodeTable.Batch07Part04
02e33423	Vsa.Sim.DecodeTable.Batch07Part04
02e5a023	Vsa.Sim.DecodeTable.Batch07Part04
02e60063	Vsa.Sim.DecodeTable.Batch07Part04
02e60663	Vsa.Sim.DecodeTable.Batch07Part04
02e6c863	Vsa.Sim.DecodeTable.Batch07Part04
02e78063	Vsa.Sim.DecodeTable.Batch07Part04
02e79463	Vsa.Sim.DecodeTable.Batch07Part04
02e7fe63	Vsa.Sim.DecodeTable.Batch07Part04
02e83023	Vsa.Sim.DecodeTable.Batch07Part04
02e83423	Vsa.Sim.DecodeTable.Batch07Part04
02e8b023	Vsa.Sim.DecodeTable.Batch07Part04
02e8b423	Vsa.Sim.DecodeTable.Batch07Part05
02f05e63	Vsa.Sim.DecodeTable.Batch07Part05
02f11423	Vsa.Sim.DecodeTable.Batch07Part05
02f12023	Vsa.Sim.DecodeTable.Batch07Part05
02f12823	Vsa.Sim.DecodeTable.Batch07Part05
02f13023	Vsa.Sim.DecodeTable.Batch07Part05
02f13423	Vsa.Sim.DecodeTable.Batch07Part05
02f13823	Vsa.Sim.DecodeTable.Batch07Part05
02f13c23	Vsa.Sim.DecodeTable.Batch07Part05
02f31a63	Vsa.Sim.DecodeTable.Batch07Part05
02f34a63	Vsa.Sim.DecodeTable.Batch07Part05
02f50663	Vsa.Sim.DecodeTable.Batch07Part05
02f50863	Vsa.Sim.DecodeTable.Batch07Part05
02f54c63	Vsa.Sim.DecodeTable.Batch07Part05
02f57263	Vsa.Sim.DecodeTable.Batch07Part05
02f67463	Vsa.Sim.DecodeTable.Batch07Part05
02f70ee3	Vsa.Sim.DecodeTable.Batch07Part06
02f71463	Vsa.Sim.DecodeTable.Batch07Part06
02f71a63	Vsa.Sim.DecodeTable.Batch07Part06
02f72023	Vsa.Sim.DecodeTable.Batch07Part06
02f74a63	Vsa.Sim.DecodeTable.Batch07Part06
02f76063	Vsa.Sim.DecodeTable.Batch07Part06
02f76863	Vsa.Sim.DecodeTable.Batch07Part06
02f81463	Vsa.Sim.DecodeTable.Batch07Part06
02fa4063	Vsa.Sim.DecodeTable.Batch07Part06
02fb4063	Vsa.Sim.DecodeTable.Batch07Part06
02fb4263	Vsa.Sim.DecodeTable.Batch07Part06
02fbf063	Vsa.Sim.DecodeTable.Batch17
02ffca63	Vsa.Sim.DecodeTable.Batch07Part06
0300006f	Vsa.Sim.DecodeTable.Batch07Part06
03000513	Vsa.Sim.DecodeTable.Batch07Part06
03000593	Vsa.Sim.DecodeTable.Batch07Part06
03000613	Vsa.Sim.DecodeTable.Batch07Part06
03000713	Vsa.Sim.DecodeTable.Batch07Part07
03000793	Vsa.Sim.DecodeTable.Batch07Part07
030020ef	Vsa.Sim.DecodeTable.Batch07Part07
03010113	Vsa.Sim.DecodeTable.Batch07Part07
03013283	Vsa.Sim.DecodeTable.Batch07Part07
03013303	Vsa.Sim.DecodeTable.Batch07Part07
03013403	Vsa.Sim.DecodeTable.Batch07Part07
03013423	Vsa.Sim.DecodeTable.Batch07Part07
03013583	Vsa.Sim.DecodeTable.Batch07Part07
03013603	Vsa.Sim.DecodeTable.Batch07Part07
03013683	Vsa.Sim.DecodeTable.Batch07Part07
03013703	Vsa.Sim.DecodeTable.Batch07Part07
03013783	Vsa.Sim.DecodeTable.Batch07Part07
03013803	Vsa.Sim.DecodeTable.Batch07Part07
03013823	Vsa.Sim.DecodeTable.Batch07Part07
03013883	Vsa.Sim.DecodeTable.Batch07Part07
03013903	Vsa.Sim.DecodeTable.Batch07Part08
03013a03	Vsa.Sim.DecodeTable.Batch07Part08
03013b83	Vsa.Sim.DecodeTable.Batch07Part08
03013c03	Vsa.Sim.DecodeTable.Batch07Part08
03013c23	Vsa.Sim.DecodeTable.Batch07Part08
03013d03	Vsa.Sim.DecodeTable.Batch07Part08
03013e03	Vsa.Sim.DecodeTable.Batch07Part08
03013e83	Vsa.Sim.DecodeTable.Batch07Part08
03013f83	Vsa.Sim.DecodeTable.Batch07Part08
03030713	Vsa.Sim.DecodeTable.Batch07Part08
03040413	Vsa.Sim.DecodeTable.Batch07Part08
03040713	Vsa.Sim.DecodeTable.Batch07Part08
03041413	Vsa.Sim.DecodeTable.Batch07Part08
03041613	Vsa.Sim.DecodeTable.Batch07Part08
03041693	Vsa.Sim.DecodeTable.Batch07Part08
03041893	Vsa.Sim.DecodeTable.Batch07Part08
03041d93	Vsa.Sim.DecodeTable.Batch07Part09
03043583	Vsa.Sim.DecodeTable.Batch07Part09
03045413	Vsa.Sim.DecodeTable.Batch07Part09
0305049b	Vsa.Sim.DecodeTable.Batch07Part09
0305051b	Vsa.Sim.DecodeTable.Batch07Part09
03050713	Vsa.Sim.DecodeTable.Batch07Part09
0305071b	Vsa.Sim.DecodeTable.Batch07Part09
03050793	Vsa.Sim.DecodeTable.Batch07Part09
0305079b	Vsa.Sim.DecodeTable.Batch07Part09
0305091b	Vsa.Sim.DecodeTable.Batch07Part09
03050d9b	Vsa.Sim.DecodeTable.Batch07Part09
03053a83	Vsa.Sim.DecodeTable.Batch07Part09
03055513	Vsa.Sim.DecodeTable.Batch07Part09
03059593	Vsa.Sim.DecodeTable.Batch07Part09
0305b303	Vsa.Sim.DecodeTable.Batch07Part09
0305b883	Vsa.Sim.DecodeTable.Batch07Part09
0305d593	Vsa.Sim.DecodeTable.Batch07Part10
03061593	Vsa.Sim.DecodeTable.Batch07Part10
03061613	Vsa.Sim.DecodeTable.Batch07Part10
03061713	Vsa.Sim.DecodeTable.Batch07Part10
03065613	Vsa.Sim.DecodeTable.Batch07Part10
03065713	Vsa.Sim.DecodeTable.Batch07Part10
03069513	Vsa.Sim.DecodeTable.Batch07Part10
03069713	Vsa.Sim.DecodeTable.Batch07Part10
03069793	Vsa.Sim.DecodeTable.Batch07Part10
0306d693	Vsa.Sim.DecodeTable.Batch07Part10
0306d793	Vsa.Sim.DecodeTable.Batch07Part10
03070713	Vsa.Sim.DecodeTable.Batch07Part10
0307071b	Vsa.Sim.DecodeTable.Batch07Part10
03071693	Vsa.Sim.DecodeTable.Batch07Part10
03071713	Vsa.Sim.DecodeTable.Batch07Part10
03071793	Vsa.Sim.DecodeTable.Batch07Part10
03071b13	Vsa.Sim.DecodeTable.Batch07Part11
03071d13	Vsa.Sim.DecodeTable.Batch07Part11
03075713	Vsa.Sim.DecodeTable.Batch07Part11
0307879b	Vsa.Sim.DecodeTable.Batch07Part11
03078e63	Vsa.Sim.DecodeTable.Batch07Part11
03079713	Vsa.Sim.DecodeTable.Batch07Part11
03079793	Vsa.Sim.DecodeTable.Batch07Part11
0307d793	Vsa.Sim.DecodeTable.Batch07Part11
0308d893	Vsa.Sim.DecodeTable.Batch07Part11
0309071b	Vsa.Sim.DecodeTable.Batch07Part11
0309079b	Vsa.Sim.DecodeTable.Batch07Part11
030b051b	Vsa.Sim.DecodeTable.Batch07Part11
030b069b	Vsa.Sim.DecodeTable.Batch07Part11
030b071b	Vsa.Sim.DecodeTable.Batch07Part11
030b1513	Vsa.Sim.DecodeTable.Batch07Part11
030b5b13	Vsa.Sim.DecodeTable.Batch07Part11
030b9793	Vsa.Sim.DecodeTable.Batch07Part12
030c9793	Vsa.Sim.DecodeTable.Batch07Part12
030d071b	Vsa.Sim.DecodeTable.Batch07Part12
030d1513	Vsa.Sim.DecodeTable.Batch07Part12
030d5d13	Vsa.Sim.DecodeTable.Batch07Part12
030d9793	Vsa.Sim.DecodeTable.Batch07Part12
030ddd93	Vsa.Sim.DecodeTable.Batch07Part12
03100793	Vsa.Sim.DecodeTable.Batch07Part12
03113023	Vsa.Sim.DecodeTable.Batch07Part12
03113423	Vsa.Sim.DecodeTable.Batch07Part12
03113823	Vsa.Sim.DecodeTable.Batch07Part12
03113c23	Vsa.Sim.DecodeTable.Batch07Part12
03169893	Vsa.Sim.DecodeTable.Batch07Part12
03175793	Vsa.Sim.DecodeTable.Batch07Part12
03178d9b	Vsa.Sim.DecodeTable.Batch07Part12
03213023	Vsa.Sim.DecodeTable.Batch07Part12
03213823	Vsa.Sim.DecodeTable.Batch07Part13
03213c23	Vsa.Sim.DecodeTable.Batch07Part13
03242023	Vsa.Sim.DecodeTable.Batch07Part13
03271613	Vsa.Sim.DecodeTable.Batch07Part13
03271693	Vsa.Sim.DecodeTable.Batch07Part13
03271793	Vsa.Sim.DecodeTable.Batch07Part13
03279693	Vsa.Sim.DecodeTable.Batch07Part13
03279713	Vsa.Sim.DecodeTable.Batch07Part13
0328d893	Vsa.Sim.DecodeTable.Batch07Part13
03313423	Vsa.Sim.DecodeTable.Batch07Part13
03313c23	Vsa.Sim.DecodeTable.Batch07Part13
03353023	Vsa.Sim.DecodeTable.Batch07Part13
03369693	Vsa.Sim.DecodeTable.Batch07Part13
03371693	Vsa.Sim.DecodeTable.Batch07Part13
03371713	Vsa.Sim.DecodeTable.Batch07Part13
03379713	Vsa.Sim.DecodeTable.Batch07Part13
0340006f	Vsa.Sim.DecodeTable.Batch07Part14
034030ef	Vsa.Sim.DecodeTable.Batch07Part14
03405663	Vsa.Sim.DecodeTable.Batch07Part14
03413023	Vsa.Sim.DecodeTable.Batch07Part14
03413423	Vsa.Sim.DecodeTable.Batch07Part14
03413823	Vsa.Sim.DecodeTable.Batch07Part14
03413c23	Vsa.Sim.DecodeTable.Batch07Part14
03443c23	Vsa.Sim.DecodeTable.Batch07Part14
03451513	Vsa.Sim.DecodeTable.Batch07Part14
03453423	Vsa.Sim.DecodeTable.Batch07Part14
03455613	Vsa.Sim.DecodeTable.Batch07Part14
03455693	Vsa.Sim.DecodeTable.Batch07Part14
03455713	Vsa.Sim.DecodeTable.Batch07Part14
03455793	Vsa.Sim.DecodeTable.Batch07Part14
03455813	Vsa.Sim.DecodeTable.Batch07Part14
0345d613	Vsa.Sim.DecodeTable.Batch07Part14
0345d693	Vsa.Sim.DecodeTable.Batch07Part15
0345d713	Vsa.Sim.DecodeTable.Batch07Part15
0345d793	Vsa.Sim.DecodeTable.Batch07Part15
0345de13	Vsa.Sim.DecodeTable.Batch07Part15
03461613	Vsa.Sim.DecodeTable.Batch07Part15
03469693	Vsa.Sim.DecodeTable.Batch07Part15
0346d593	Vsa.Sim.DecodeTable.Batch07Part15
03471513	Vsa.Sim.DecodeTable.Batch07Part15
03478793	Vsa.Sim.DecodeTable.Batch07Part15
03479513	Vsa.Sim.DecodeTable.Batch07Part15
03479793	Vsa.Sim.DecodeTable.Batch07Part15
03500793	Vsa.Sim.DecodeTable.Batch07Part15
035010ef	Vsa.Sim.DecodeTable.Batch07Part15
03513423	Vsa.Sim.DecodeTable.Batch07Part15
03553823	Vsa.Sim.DecodeTable.Batch07Part15
03561593	Vsa.Sim.DecodeTable.Batch07Part15
03600713	Vsa.Sim.DecodeTable.Batch07Part16
03605863	Vsa.Sim.DecodeTable.Batch07Part16
03613023	Vsa.Sim.DecodeTable.Batch07Part16
03613423	Vsa.Sim.DecodeTable.Batch07Part16
03653c23	Vsa.Sim.DecodeTable.Batch07Part16
03671713	Vsa.Sim.DecodeTable.Batch07Part16
03700713	Vsa.Sim.DecodeTable.Batch07Part16
03713023	Vsa.Sim.DecodeTable.Batch07Part16
03713423	Vsa.Sim.DecodeTable.Batch07Part16
03713823	Vsa.Sim.DecodeTable.Batch07Part16
03713c23	Vsa.Sim.DecodeTable.Batch07Part16
03751513	Vsa.Sim.DecodeTable.Batch07Part16
03765613	Vsa.Sim.DecodeTable.Batch07Part16
03769693	Vsa.Sim.DecodeTable.Batch07Part16
0376d713	Vsa.Sim.DecodeTable.Batch07Part16
03771713	Vsa.Sim.DecodeTable.Batch07Part16
03779713	Vsa.Sim.DecodeTable.Batch07Part17
03779793	Vsa.Sim.DecodeTable.Batch07Part17
0377fe63	Vsa.Sim.DecodeTable.Batch07Part17
03781793	Vsa.Sim.DecodeTable.Batch07Part17
037e1e13	Vsa.Sim.DecodeTable.Batch07Part17
0380006f	Vsa.Sim.DecodeTable.Batch07Part17
03800713	Vsa.Sim.DecodeTable.Batch07Part17
03800793	Vsa.Sim.DecodeTable.Batch07Part17
03805863	Vsa.Sim.DecodeTable.Batch07Part17
03810513	Vsa.Sim.DecodeTable.Batch07Part17
03813083	Vsa.Sim.DecodeTable.Batch07Part17
03813303	Vsa.Sim.DecodeTable.Batch07Part17
03813403	Vsa.Sim.DecodeTable.Batch07Part17
03813483	Vsa.Sim.DecodeTable.Batch07Part17
03813503	Vsa.Sim.DecodeTable.Batch07Part17
03813603	Vsa.Sim.DecodeTable.Batch07Part17
03813683	Vsa.Sim.DecodeTable.Batch07Part18
03813703	Vsa.Sim.DecodeTable.Batch07Part18
03813783	Vsa.Sim.DecodeTable.Batch07Part18
03813803	Vsa.Sim.DecodeTable.Batch07Part18
03813823	Vsa.Sim.DecodeTable.Batch07Part18
03813883	Vsa.Sim.DecodeTable.Batch07Part18
03813903	Vsa.Sim.DecodeTable.Batch07Part18
03813983	Vsa.Sim.DecodeTable.Batch07Part18
03813a03	Vsa.Sim.DecodeTable.Batch07Part18
03813b83	Vsa.Sim.DecodeTable.Batch07Part18
03813c03	Vsa.Sim.DecodeTable.Batch07Part18
03813c23	Vsa.Sim.DecodeTable.Batch07Part18
03813c83	Vsa.Sim.DecodeTable.Batch07Part18
03813d03	Vsa.Sim.DecodeTable.Batch07Part18
03813d83	Vsa.Sim.DecodeTable.Batch07Part18
03813e03	Vsa.Sim.DecodeTable.Batch07Part18
03813f83	Vsa.Sim.DecodeTable.Batch07Part19
03853b03	Vsa.Sim.DecodeTable.Batch07Part19
0385b803	Vsa.Sim.DecodeTable.Batch07Part19
0386861b	Vsa.Sim.DecodeTable.Batch07Part19
03871713	Vsa.Sim.DecodeTable.Batch07Part19
03878e1b	Vsa.Sim.DecodeTable.Batch07Part19
03879793	Vsa.Sim.DecodeTable.Batch07Part19
03900593	Vsa.Sim.DecodeTable.Batch07Part19
03900713	Vsa.Sim.DecodeTable.Batch07Part19
03900793	Vsa.Sim.DecodeTable.Batch07Part19
0390106f	Vsa.Sim.DecodeTable.Batch07Part19
03905863	Vsa.Sim.DecodeTable.Batch07Part19
03913023	Vsa.Sim.DecodeTable.Batch07Part19
03913423	Vsa.Sim.DecodeTable.Batch07Part19
03913c23	Vsa.Sim.DecodeTable.Batch07Part19
0397889b	Vsa.Sim.DecodeTable.Batch07Part19
03a13023	Vsa.Sim.DecodeTable.Batch07Part20
03a13823	Vsa.Sim.DecodeTable.Batch07Part20
03a13c23	Vsa.Sim.DecodeTable.Batch07Part20
03b05863	Vsa.Sim.DecodeTable.Batch07Part20
03b13023	Vsa.Sim.DecodeTable.Batch07Part20
03b13423	Vsa.Sim.DecodeTable.Batch07Part20
03b13823	Vsa.Sim.DecodeTable.Batch07Part20
03b13c23	Vsa.Sim.DecodeTable.Batch07Part20
03c00693	Vsa.Sim.DecodeTable.Batch07Part20
03c0106f	Vsa.Sim.DecodeTable.Batch07Part20
03c13023	Vsa.Sim.DecodeTable.Batch07Part20
03c13423	Vsa.Sim.DecodeTable.Batch07Part20
03c13823	Vsa.Sim.DecodeTable.Batch07Part20
03c13c23	Vsa.Sim.DecodeTable.Batch07Part20
03c65613	Vsa.Sim.DecodeTable.Batch07Part20
03d00793	Vsa.Sim.DecodeTable.Batch07Part20
03d040ef	Vsa.Sim.DecodeTable.Batch07Part21
03d13023	Vsa.Sim.DecodeTable.Batch07Part21
03d13423	Vsa.Sim.DecodeTable.Batch07Part21
03d13823	Vsa.Sim.DecodeTable.Batch07Part21
03d55713	Vsa.Sim.DecodeTable.Batch07Part21
03d83023	Vsa.Sim.DecodeTable.Batch07Part21
03d83423	Vsa.Sim.DecodeTable.Batch07Part21
03e13423	Vsa.Sim.DecodeTable.Batch07Part21
03f00713	Vsa.Sim.DecodeTable.Batch07Part21
03f00793	Vsa.Sim.DecodeTable.Batch07Part21
03f00e13	Vsa.Sim.DecodeTable.Batch07Part21
03f13023	Vsa.Sim.DecodeTable.Batch07Part21
03f13823	Vsa.Sim.DecodeTable.Batch07Part21
03f13c23	Vsa.Sim.DecodeTable.Batch07Part21
03f31793	Vsa.Sim.DecodeTable.Batch07Part21
03f51513	Vsa.Sim.DecodeTable.Batch07Part21
03f55513	Vsa.Sim.DecodeTable.Batch07Part22
03f55713	Vsa.Sim.DecodeTable.Batch07Part22
03f55813	Vsa.Sim.DecodeTable.Batch07Part22
03f55893	Vsa.Sim.DecodeTable.Batch07Part22
03f59513	Vsa.Sim.DecodeTable.Batch07Part22
03f59593	Vsa.Sim.DecodeTable.Batch07Part22
03f5d593	Vsa.Sim.DecodeTable.Batch07Part22
03f79793	Vsa.Sim.DecodeTable.Batch07Part22
03f7d313	Vsa.Sim.DecodeTable.Batch07Part22
03f7df93	Vsa.Sim.DecodeTable.Batch07Part22
03f81813	Vsa.Sim.DecodeTable.Batch07Part22
03fa1d93	Vsa.Sim.DecodeTable.Batch07Part22
03fa5a63	Vsa.Sim.DecodeTable.Batch07Part22
03fb1d13	Vsa.Sim.DecodeTable.Batch07Part22
03fd1d13	Vsa.Sim.DecodeTable.Batch07Part22
03fd9d93	Vsa.Sim.DecodeTable.Batch07Part22
03fe9793	Vsa.Sim.DecodeTable.Batch07Part23
04000593	Vsa.Sim.DecodeTable.Batch07Part23
04000613	Vsa.Sim.DecodeTable.Batch07Part23
04000693	Vsa.Sim.DecodeTable.Batch07Part23
04000713	Vsa.Sim.DecodeTable.Batch07Part23
04000793	Vsa.Sim.DecodeTable.Batch07Part23
04000893	Vsa.Sim.DecodeTable.Batch07Part23
04000e13	Vsa.Sim.DecodeTable.Batch07Part23
040010ef	Vsa.Sim.DecodeTable.Batch07Part23
04010113	Vsa.Sim.DecodeTable.Batch07Part23
04010513	Vsa.Sim.DecodeTable.Batch07Part23
04010613	Vsa.Sim.DecodeTable.Batch07Part23
04012023	Vsa.Sim.DecodeTable.Batch07Part23
04012783	Vsa.Sim.DecodeTable.Batch07Part23
04013023	Vsa.Sim.DecodeTable.Batch07Part23
04013403	Vsa.Sim.DecodeTable.Batch07Part23
04013423	Vsa.Sim.DecodeTable.Batch07Part24
04013483	Vsa.Sim.DecodeTable.Batch07Part24
04013503	Vsa.Sim.DecodeTable.Batch07Part24
04013583	Vsa.Sim.DecodeTable.Batch07Part24
04013603	Vsa.Sim.DecodeTable.Batch07Part24
04013683	Vsa.Sim.DecodeTable.Batch07Part24
04013703	Vsa.Sim.DecodeTable.Batch07Part24
04013783	Vsa.Sim.DecodeTable.Batch07Part24
04013803	Vsa.Sim.DecodeTable.Batch07Part24
04013823	Vsa.Sim.DecodeTable.Batch07Part24
04013903	Vsa.Sim.DecodeTable.Batch07Part24
04013b03	Vsa.Sim.DecodeTable.Batch07Part24
04013c03	Vsa.Sim.DecodeTable.Batch07Part24
04013c23	Vsa.Sim.DecodeTable.Batch07Part24
04013c83	Vsa.Sim.DecodeTable.Batch07Part24
04013d03	Vsa.Sim.DecodeTable.Batch07Part24
04013d83	Vsa.Sim.DecodeTable.Batch07Part25
04013e83	Vsa.Sim.DecodeTable.Batch07Part25
04030713	Vsa.Sim.DecodeTable.Batch07Part25
04036313	Vsa.Sim.DecodeTable.Batch07Part25
04037513	Vsa.Sim.DecodeTable.Batch07Part25
04037613	Vsa.Sim.DecodeTable.Batch07Part25
04037693	Vsa.Sim.DecodeTable.Batch07Part25
04037713	Vsa.Sim.DecodeTable.Batch07Part25
04037793	Vsa.Sim.DecodeTable.Batch07Part25
04042c23	Vsa.Sim.DecodeTable.Batch07Part25
04043783	Vsa.Sim.DecodeTable.Batch07Part25
04043823	Vsa.Sim.DecodeTable.Batch07Part25
04043c23	Vsa.Sim.DecodeTable.Batch07Part25
04049c63	Vsa.Sim.DecodeTable.Batch07Part25
04050263	Vsa.Sim.DecodeTable.Batch07Part25
04050663	Vsa.Sim.DecodeTable.Batch07Part25
04050863	Vsa.Sim.DecodeTable.Batch07Part26
04050a63	Vsa.Sim.DecodeTable.Batch07Part26
04051263	Vsa.Sim.DecodeTable.Batch07Part26
04051463	Vsa.Sim.DecodeTable.Batch07Part26
04051c63	Vsa.Sim.DecodeTable.Batch07Part26
04051e63	Vsa.Sim.DecodeTable.Batch07Part26
04053b83	Vsa.Sim.DecodeTable.Batch07Part26
04055063	Vsa.Sim.DecodeTable.Batch07Part26
04059a63	Vsa.Sim.DecodeTable.Batch07Part26
0405b683	Vsa.Sim.DecodeTable.Batch07Part26
0405b803	Vsa.Sim.DecodeTable.Batch07Part26
04060063	Vsa.Sim.DecodeTable.Batch07Part26
04060863	Vsa.Sim.DecodeTable.Batch07Part26
04068063	Vsa.Sim.DecodeTable.Batch07Part26
04068263	Vsa.Sim.DecodeTable.Batch07Part26
04068663	Vsa.Sim.DecodeTable.Batch07Part26
04068863	Vsa.Sim.DecodeTable.Batch07Part27
04068a63	Vsa.Sim.DecodeTable.Batch07Part27
04070263	Vsa.Sim.DecodeTable.Batch07Part27
04070863	Vsa.Sim.DecodeTable.Batch07Part27
04070c63	Vsa.Sim.DecodeTable.Batch07Part27
04071463	Vsa.Sim.DecodeTable.Batch07Part27
04071863	Vsa.Sim.DecodeTable.Batch07Part27
04071a63	Vsa.Sim.DecodeTable.Batch07Part27
04074263	Vsa.Sim.DecodeTable.Batch07Part27
04075463	Vsa.Sim.DecodeTable.Batch07Part27
04075663	Vsa.Sim.DecodeTable.Batch07Part27
04075863	Vsa.Sim.DecodeTable.Batch07Part27
04076713	Vsa.Sim.DecodeTable.Batch07Part27
04078063	Vsa.Sim.DecodeTable.Batch07Part27
04078263	Vsa.Sim.DecodeTable.Batch07Part27
04078663	Vsa.Sim.DecodeTable.Batch07Part27
04078863	Vsa.Sim.DecodeTable.Batch07Part28
04078c63	Vsa.Sim.DecodeTable.Batch07Part28
04079263	Vsa.Sim.DecodeTable.Batch07Part28
04079e63	Vsa.Sim.DecodeTable.Batch07Part28
0407bc23	Vsa.Sim.DecodeTable.Batch07Part28
0407ca63	Vsa.Sim.DecodeTable.Batch07Part28
0407e693	Vsa.Sim.DecodeTable.Batch07Part28
0407e793	Vsa.Sim.DecodeTable.Batch07Part28
0407f793	Vsa.Sim.DecodeTable.Batch07Part28
04080863	Vsa.Sim.DecodeTable.Batch07Part28
040a4263	Vsa.Sim.DecodeTable.Batch07Part28
040a6a13	Vsa.Sim.DecodeTable.Batch07Part28
040a7693	Vsa.Sim.DecodeTable.Batch07Part28
040a7713	Vsa.Sim.DecodeTable.Batch07Part28
040a7793	Vsa.Sim.DecodeTable.Batch07Part28
040b0063	Vsa.Sim.DecodeTable.Batch07Part28
040b4263	Vsa.Sim.DecodeTable.Batch07Part29
040b8663	Vsa.Sim.DecodeTable.Batch07Part29
040c0263	Vsa.Sim.DecodeTable.Batch07Part29
040d0063	Vsa.Sim.DecodeTable.Batch07Part29
040d86e3	Vsa.Sim.DecodeTable.Batch07Part29
040d8d93	Vsa.Sim.DecodeTable.Batch07Part29
040e1c63	Vsa.Sim.DecodeTable.Batch07Part29
040e7793	Vsa.Sim.DecodeTable.Batch07Part29
04100513	Vsa.Sim.DecodeTable.Batch17
04100613	Vsa.Sim.DecodeTable.Batch07Part29
04100793	Vsa.Sim.DecodeTable.Batch07Part29
04113423	Vsa.Sim.DecodeTable.Batch07Part29
04113c23	Vsa.Sim.DecodeTable.Batch07Part29
04300693	Vsa.Sim.DecodeTable.Batch07Part29
04300793	Vsa.Sim.DecodeTable.Batch07Part29
0437869b	Vsa.Sim.DecodeTable.Batch07Part29
0440006f	Vsa.Sim.DecodeTable.Batch07Part29
0450106f	Vsa.Sim.DecodeTable.Batch07Part30
04600513	Vsa.Sim.DecodeTable.Batch17
04600713	Vsa.Sim.DecodeTable.Batch07Part30
04600793	Vsa.Sim.DecodeTable.Batch07Part30
04613823	Vsa.Sim.DecodeTable.Batch07Part30
04700693	Vsa.Sim.DecodeTable.Batch07Part30
04700713	Vsa.Sim.DecodeTable.Batch07Part30
04700793	Vsa.Sim.DecodeTable.Batch07Part30
0480006f	Vsa.Sim.DecodeTable.Batch07Part30
04800513	Vsa.Sim.DecodeTable.Batch07Part30
04800693	Vsa.Sim.DecodeTable.Batch07Part30
04800713	Vsa.Sim.DecodeTable.Batch07Part30
04800793	Vsa.Sim.DecodeTable.Batch07Part30
04800893	Vsa.Sim.DecodeTable.Batch07Part30
0480106f	Vsa.Sim.DecodeTable.Batch07Part30
04813023	Vsa.Sim.DecodeTable.Batch07Part30
04813083	Vsa.Sim.DecodeTable.Batch07Part30
04813403	Vsa.Sim.DecodeTable.Batch07Part31
04813483	Vsa.Sim.DecodeTable.Batch07Part31
04813503	Vsa.Sim.DecodeTable.Batch07Part31
04813583	Vsa.Sim.DecodeTable.Batch07Part31
04813603	Vsa.Sim.DecodeTable.Batch07Part31
04813703	Vsa.Sim.DecodeTable.Batch07Part31
04813783	Vsa.Sim.DecodeTable.Batch07Part31
04813823	Vsa.Sim.DecodeTable.Batch07Part31
04813983	Vsa.Sim.DecodeTable.Batch07Part31
04813a83	Vsa.Sim.DecodeTable.Batch07Part31
04813b83	Vsa.Sim.DecodeTable.Batch07Part31
04813c83	Vsa.Sim.DecodeTable.Batch07Part31
04813d03	Vsa.Sim.DecodeTable.Batch07Part31
04813e83	Vsa.Sim.DecodeTable.Batch07Part31
04843783	Vsa.Sim.DecodeTable.Batch07Part31
04843803	Vsa.Sim.DecodeTable.Batch07Part31
0484b783	Vsa.Sim.DecodeTable.Batch07Part32
04853783	Vsa.Sim.DecodeTable.Batch07Part32
04853c03	Vsa.Sim.DecodeTable.Batch07Part32
04858593	Vsa.Sim.DecodeTable.Batch07Part32
04870713	Vsa.Sim.DecodeTable.Batch07Part32
04873683	Vsa.Sim.DecodeTable.Batch07Part32
04873783	Vsa.Sim.DecodeTable.Batch07Part32
04885a63	Vsa.Sim.DecodeTable.Batch07Part32
04895663	Vsa.Sim.DecodeTable.Batch07Part32
048c5863	Vsa.Sim.DecodeTable.Batch07Part32
048c8c93	Vsa.Sim.DecodeTable.Batch07Part32
048d5663	Vsa.Sim.DecodeTable.Batch07Part32
048f5a63	Vsa.Sim.DecodeTable.Batch07Part32
04905e63	Vsa.Sim.DecodeTable.Batch07Part32
04913023	Vsa.Sim.DecodeTable.Batch07Part32
04913423	Vsa.Sim.DecodeTable.Batch07Part32
04913c23	Vsa.Sim.DecodeTable.Batch08Part01
04943823	Vsa.Sim.DecodeTable.Batch08Part01
0496f663	Vsa.Sim.DecodeTable.Batch08Part01
04a13023	Vsa.Sim.DecodeTable.Batch08Part01
04a13423	Vsa.Sim.DecodeTable.Batch08Part01
04a13823	Vsa.Sim.DecodeTable.Batch08Part01
04a43823	Vsa.Sim.DecodeTable.Batch08Part01
04a7c463	Vsa.Sim.DecodeTable.Batch08Part01
04b13423	Vsa.Sim.DecodeTable.Batch08Part01
04b42c23	Vsa.Sim.DecodeTable.Batch08Part01
04b9ee63	Vsa.Sim.DecodeTable.Batch08Part01
04c0106f	Vsa.Sim.DecodeTable.Batch08Part01
04c020ef	Vsa.Sim.DecodeTable.Batch08Part01
04c13023	Vsa.Sim.DecodeTable.Batch08Part01
04c13823	Vsa.Sim.DecodeTable.Batch08Part01
04c6e863	Vsa.Sim.DecodeTable.Batch08Part01
04c70263	Vsa.Sim.DecodeTable.Batch08Part02
04c77c63	Vsa.Sim.DecodeTable.Batch08Part02
04d000ef	Vsa.Sim.DecodeTable.Batch08Part02
04d13023	Vsa.Sim.DecodeTable.Batch08Part02
04d13423	Vsa.Sim.DecodeTable.Batch08Part02
04d13823	Vsa.Sim.DecodeTable.Batch08Part02
04d61663	Vsa.Sim.DecodeTable.Batch08Part02
04d70a63	Vsa.Sim.DecodeTable.Batch08Part02
04e13023	Vsa.Sim.DecodeTable.Batch08Part02
04e13423	Vsa.Sim.DecodeTable.Batch08Part02
04e13823	Vsa.Sim.DecodeTable.Batch08Part02
04e43423	Vsa.Sim.DecodeTable.Batch08Part02
04e60c63	Vsa.Sim.DecodeTable.Batch08Part02
04e7ea63	Vsa.Sim.DecodeTable.Batch08Part02
04eb14e3	Vsa.Sim.DecodeTable.Batch08Part02
04f05a63	Vsa.Sim.DecodeTable.Batch17
04f05e63	Vsa.Sim.DecodeTable.Batch08Part02
04f13023	Vsa.Sim.DecodeTable.Batch08Part03
04f13423	Vsa.Sim.DecodeTable.Batch08Part03
04f13823	Vsa.Sim.DecodeTable.Batch08Part03
04f13c23	Vsa.Sim.DecodeTable.Batch08Part03
04f50063	Vsa.Sim.DecodeTable.Batch08Part03
04f50463	Vsa.Sim.DecodeTable.Batch08Part03
04f6d063	Vsa.Sim.DecodeTable.Batch08Part03
04f9d463	Vsa.Sim.DecodeTable.Batch08Part03
04fcea63	Vsa.Sim.DecodeTable.Batch08Part03
04fd6a63	Vsa.Sim.DecodeTable.Batch08Part03
05000693	Vsa.Sim.DecodeTable.Batch08Part03
05010113	Vsa.Sim.DecodeTable.Batch08Part03
05010513	Vsa.Sim.DecodeTable.Batch08Part03
05013023	Vsa.Sim.DecodeTable.Batch08Part03
05013303	Vsa.Sim.DecodeTable.Batch08Part03
05013403	Vsa.Sim.DecodeTable.Batch08Part03
05013423	Vsa.Sim.DecodeTable.Batch08Part04
05013503	Vsa.Sim.DecodeTable.Batch08Part04
05013583	Vsa.Sim.DecodeTable.Batch08Part04
05013603	Vsa.Sim.DecodeTable.Batch08Part04
05013683	Vsa.Sim.DecodeTable.Batch08Part04
05013703	Vsa.Sim.DecodeTable.Batch08Part04
05013783	Vsa.Sim.DecodeTable.Batch08Part04
05013823	Vsa.Sim.DecodeTable.Batch08Part04
05013903	Vsa.Sim.DecodeTable.Batch08Part04
05013a03	Vsa.Sim.DecodeTable.Batch08Part04
05013b03	Vsa.Sim.DecodeTable.Batch08Part04
05013c03	Vsa.Sim.DecodeTable.Batch08Part04
05013c23	Vsa.Sim.DecodeTable.Batch08Part04
05013c83	Vsa.Sim.DecodeTable.Batch08Part04
05013e03	Vsa.Sim.DecodeTable.Batch08Part04
05013e83	Vsa.Sim.DecodeTable.Batch08Part04
05013f03	Vsa.Sim.DecodeTable.Batch08Part05
05013f83	Vsa.Sim.DecodeTable.Batch08Part05
05053583	Vsa.Sim.DecodeTable.Batch08Part05
05053c83	Vsa.Sim.DecodeTable.Batch08Part05
05113023	Vsa.Sim.DecodeTable.Batch08Part05
05113423	Vsa.Sim.DecodeTable.Batch08Part05
05213023	Vsa.Sim.DecodeTable.Batch08Part05
05213823	Vsa.Sim.DecodeTable.Batch08Part05
05213c23	Vsa.Sim.DecodeTable.Batch08Part05
05243423	Vsa.Sim.DecodeTable.Batch08Part05
05300613	Vsa.Sim.DecodeTable.Batch08Part05
05300713	Vsa.Sim.DecodeTable.Batch08Part05
05313423	Vsa.Sim.DecodeTable.Batch08Part05
05313c23	Vsa.Sim.DecodeTable.Batch08Part05
05343023	Vsa.Sim.DecodeTable.Batch08Part05
05343823	Vsa.Sim.DecodeTable.Batch08Part05
05400613	Vsa.Sim.DecodeTable.Batch08Part06
05400693	Vsa.Sim.DecodeTable.Batch08Part06
05413823	Vsa.Sim.DecodeTable.Batch08Part06
05413c23	Vsa.Sim.DecodeTable.Batch08Part06
0542d863	Vsa.Sim.DecodeTable.Batch08Part06
05440413	Vsa.Sim.DecodeTable.Batch08Part06
05478793	Vsa.Sim.DecodeTable.Batch08Part06
05495863	Vsa.Sim.DecodeTable.Batch08Part06
054eda63	Vsa.Sim.DecodeTable.Batch08Part06
054f5a63	Vsa.Sim.DecodeTable.Batch08Part06
054fda63	Vsa.Sim.DecodeTable.Batch08Part06
05513423	Vsa.Sim.DecodeTable.Batch08Part06
05513c23	Vsa.Sim.DecodeTable.Batch08Part06
05550663	Vsa.Sim.DecodeTable.Batch08Part06
05604463	Vsa.Sim.DecodeTable.Batch08Part06
05613023	Vsa.Sim.DecodeTable.Batch08Part06
05613823	Vsa.Sim.DecodeTable.Batch08Part07
0567f063	Vsa.Sim.DecodeTable.Batch08Part07
05713423	Vsa.Sim.DecodeTable.Batch08Part07
05713c23	Vsa.Sim.DecodeTable.Batch08Part07
05753023	Vsa.Sim.DecodeTable.Batch08Part07
05800793	Vsa.Sim.DecodeTable.Batch08Part07
0580106f	Vsa.Sim.DecodeTable.Batch08Part07
05810513	Vsa.Sim.DecodeTable.Batch08Part07
05810693	Vsa.Sim.DecodeTable.Batch08Part07
05813023	Vsa.Sim.DecodeTable.Batch08Part07
05813083	Vsa.Sim.DecodeTable.Batch08Part07
05813483	Vsa.Sim.DecodeTable.Batch08Part07
05813583	Vsa.Sim.DecodeTable.Batch08Part07
05813703	Vsa.Sim.DecodeTable.Batch08Part07
05813783	Vsa.Sim.DecodeTable.Batch08Part07
05813803	Vsa.Sim.DecodeTable.Batch08Part07
05813823	Vsa.Sim.DecodeTable.Batch08Part08
05813903	Vsa.Sim.DecodeTable.Batch08Part08
05813983	Vsa.Sim.DecodeTable.Batch08Part08
05813a03	Vsa.Sim.DecodeTable.Batch08Part08
05813a83	Vsa.Sim.DecodeTable.Batch08Part08
05813b83	Vsa.Sim.DecodeTable.Batch08Part08
05813e03	Vsa.Sim.DecodeTable.Batch08Part08
05813e83	Vsa.Sim.DecodeTable.Batch08Part08
05813f83	Vsa.Sim.DecodeTable.Batch08Part08
05843583	Vsa.Sim.DecodeTable.Batch08Part08
05843783	Vsa.Sim.DecodeTable.Batch08Part08
05852783	Vsa.Sim.DecodeTable.Batch08Part08
05853423	Vsa.Sim.DecodeTable.Batch08Part08
05853d03	Vsa.Sim.DecodeTable.Batch08Part08
05878463	Vsa.Sim.DecodeTable.Batch08Part08
0587b583	Vsa.Sim.DecodeTable.Batch08Part08
0590206f	Vsa.Sim.DecodeTable.Batch08Part09
05904263	Vsa.Sim.DecodeTable.Batch08Part09
05913023	Vsa.Sim.DecodeTable.Batch08Part09
05913423	Vsa.Sim.DecodeTable.Batch08Part09
05913823	Vsa.Sim.DecodeTable.Batch08Part09
05953823	Vsa.Sim.DecodeTable.Batch08Part09
0596d863	Vsa.Sim.DecodeTable.Batch08Part09
05a00c93	Vsa.Sim.DecodeTable.Batch08Part09
05a00d13	Vsa.Sim.DecodeTable.Batch08Part09
05a13023	Vsa.Sim.DecodeTable.Batch08Part09
05a53c23	Vsa.Sim.DecodeTable.Batch08Part09
05b13023	Vsa.Sim.DecodeTable.Batch08Part09
05b6861b	Vsa.Sim.DecodeTable.Batch08Part09
05b78e1b	Vsa.Sim.DecodeTable.Batch08Part09
05bb5663	Vsa.Sim.DecodeTable.Batch08Part09
05bc7863	Vsa.Sim.DecodeTable.Batch08Part09
05c010ef	Vsa.Sim.DecodeTable.Batch08Part10
05c020ef	Vsa.Sim.DecodeTable.Batch08Part10
05c080ef	Vsa.Sim.DecodeTable.Batch08Part10
05c13823	Vsa.Sim.DecodeTable.Batch08Part10
05c13c23	Vsa.Sim.DecodeTable.Batch08Part10
05c7889b	Vsa.Sim.DecodeTable.Batch08Part10
05d060ef	Vsa.Sim.DecodeTable.Batch08Part10
05d13023	Vsa.Sim.DecodeTable.Batch08Part10
05d13423	Vsa.Sim.DecodeTable.Batch08Part10
05d13823	Vsa.Sim.DecodeTable.Batch08Part10
05d13c23	Vsa.Sim.DecodeTable.Batch08Part10
05e13823	Vsa.Sim.DecodeTable.Batch08Part10
05f13823	Vsa.Sim.DecodeTable.Batch08Part10
05f13c23	Vsa.Sim.DecodeTable.Batch08Part10
06000593	Vsa.Sim.DecodeTable.Batch08Part10
060060ef	Vsa.Sim.DecodeTable.Batch08Part10
06010113	Vsa.Sim.DecodeTable.Batch08Part11
06010513	Vsa.Sim.DecodeTable.Batch08Part11
06010fa3	Vsa.Sim.DecodeTable.Batch08Part11
06012703	Vsa.Sim.DecodeTable.Batch08Part11
06013023	Vsa.Sim.DecodeTable.Batch08Part11
06013403	Vsa.Sim.DecodeTable.Batch08Part11
06013423	Vsa.Sim.DecodeTable.Batch08Part11
06013583	Vsa.Sim.DecodeTable.Batch08Part11
06013703	Vsa.Sim.DecodeTable.Batch08Part11
06013783	Vsa.Sim.DecodeTable.Batch08Part11
06013803	Vsa.Sim.DecodeTable.Batch08Part11
06013823	Vsa.Sim.DecodeTable.Batch08Part11
06013903	Vsa.Sim.DecodeTable.Batch08Part11
06013a03	Vsa.Sim.DecodeTable.Batch08Part11
06013b03	Vsa.Sim.DecodeTable.Batch08Part11
06013d03	Vsa.Sim.DecodeTable.Batch08Part11
06013e03	Vsa.Sim.DecodeTable.Batch08Part12
06013e83	Vsa.Sim.DecodeTable.Batch08Part12
06041063	Vsa.Sim.DecodeTable.Batch08Part12
06044063	Vsa.Sim.DecodeTable.Batch08Part12
06050263	Vsa.Sim.DecodeTable.Batch08Part12
06050463	Vsa.Sim.DecodeTable.Batch08Part12
06050663	Vsa.Sim.DecodeTable.Batch08Part12
06050a63	Vsa.Sim.DecodeTable.Batch08Part12
06051463	Vsa.Sim.DecodeTable.Batch08Part12
06053d83	Vsa.Sim.DecodeTable.Batch08Part12
06054063	Vsa.Sim.DecodeTable.Batch08Part12
06058663	Vsa.Sim.DecodeTable.Batch08Part12
06058863	Vsa.Sim.DecodeTable.Batch08Part12
06059e63	Vsa.Sim.DecodeTable.Batch08Part12
0605c663	Vsa.Sim.DecodeTable.Batch08Part12
06060263	Vsa.Sim.DecodeTable.Batch08Part12
06060e63	Vsa.Sim.DecodeTable.Batch08Part13
06061263	Vsa.Sim.DecodeTable.Batch08Part13
06061a63	Vsa.Sim.DecodeTable.Batch08Part13
06068063	Vsa.Sim.DecodeTable.Batch08Part13
06068263	Vsa.Sim.DecodeTable.Batch08Part13
06068a63	Vsa.Sim.DecodeTable.Batch08Part13
06068c63	Vsa.Sim.DecodeTable.Batch08Part13
06068e63	Vsa.Sim.DecodeTable.Batch08Part13
06069663	Vsa.Sim.DecodeTable.Batch08Part13
06069c63	Vsa.Sim.DecodeTable.Batch08Part13
06069e63	Vsa.Sim.DecodeTable.Batch08Part13
0606cc63	Vsa.Sim.DecodeTable.Batch08Part13
06070263	Vsa.Sim.DecodeTable.Batch08Part13
06070663	Vsa.Sim.DecodeTable.Batch08Part13
06070c63	Vsa.Sim.DecodeTable.Batch08Part13
06071463	Vsa.Sim.DecodeTable.Batch08Part13
06078063	Vsa.Sim.DecodeTable.Batch08Part14
06078263	Vsa.Sim.DecodeTable.Batch08Part14
06078463	Vsa.Sim.DecodeTable.Batch08Part14
06078e63	Vsa.Sim.DecodeTable.Batch08Part14
06079063	Vsa.Sim.DecodeTable.Batch08Part14
06079663	Vsa.Sim.DecodeTable.Batch08Part14
06080863	Vsa.Sim.DecodeTable.Batch08Part14
06081463	Vsa.Sim.DecodeTable.Batch08Part14
0609b483	Vsa.Sim.DecodeTable.Batch08Part14
060b46e3	Vsa.Sim.DecodeTable.Batch08Part14
060e0e63	Vsa.Sim.DecodeTable.Batch08Part14
060f9c63	Vsa.Sim.DecodeTable.Batch08Part14
06100713	Vsa.Sim.DecodeTable.Batch08Part14
06113423	Vsa.Sim.DecodeTable.Batch08Part14
06113c23	Vsa.Sim.DecodeTable.Batch08Part14
06253423	Vsa.Sim.DecodeTable.Batch08Part14
06300713	Vsa.Sim.DecodeTable.Batch08Part15
06300793	Vsa.Sim.DecodeTable.Batch08Part15
06300c93	Vsa.Sim.DecodeTable.Batch08Part15
0640006f	Vsa.Sim.DecodeTable.Batch08Part15
06500693	Vsa.Sim.DecodeTable.Batch08Part15
06500713	Vsa.Sim.DecodeTable.Batch08Part15
06600893	Vsa.Sim.DecodeTable.Batch08Part15
06600c13	Vsa.Sim.DecodeTable.Batch08Part15
06613423	Vsa.Sim.DecodeTable.Batch08Part15
06613823	Vsa.Sim.DecodeTable.Batch08Part15
06613c23	Vsa.Sim.DecodeTable.Batch08Part15
06675063	Vsa.Sim.DecodeTable.Batch08Part15
06700893	Vsa.Sim.DecodeTable.Batch08Part15
06700c13	Vsa.Sim.DecodeTable.Batch08Part15
0680006f	Vsa.Sim.DecodeTable.Batch08Part15
06800613	Vsa.Sim.DecodeTable.Batch08Part15
06800793	Vsa.Sim.DecodeTable.Batch08Part16
0680106f	Vsa.Sim.DecodeTable.Batch08Part16
06810513	Vsa.Sim.DecodeTable.Batch08Part16
06813023	Vsa.Sim.DecodeTable.Batch08Part16
06813083	Vsa.Sim.DecodeTable.Batch08Part16
06813303	Vsa.Sim.DecodeTable.Batch08Part16
06813403	Vsa.Sim.DecodeTable.Batch08Part16
06813423	Vsa.Sim.DecodeTable.Batch08Part16
06813483	Vsa.Sim.DecodeTable.Batch08Part16
06813683	Vsa.Sim.DecodeTable.Batch08Part16
06813703	Vsa.Sim.DecodeTable.Batch08Part16
06813783	Vsa.Sim.DecodeTable.Batch08Part16
06813803	Vsa.Sim.DecodeTable.Batch08Part16
06813823	Vsa.Sim.DecodeTable.Batch08Part16
06813883	Vsa.Sim.DecodeTable.Batch08Part16
06813983	Vsa.Sim.DecodeTable.Batch08Part16
06813a03	Vsa.Sim.DecodeTable.Batch08Part17
06813a83	Vsa.Sim.DecodeTable.Batch08Part17
06813b83	Vsa.Sim.DecodeTable.Batch08Part17
06813c23	Vsa.Sim.DecodeTable.Batch08Part17
06813e03	Vsa.Sim.DecodeTable.Batch08Part17
06813e83	Vsa.Sim.DecodeTable.Batch08Part17
06853103	Vsa.Sim.DecodeTable.Batch08Part17
06853783	Vsa.Sim.DecodeTable.Batch08Part17
06893783	Vsa.Sim.DecodeTable.Batch08Part17
06898463	Vsa.Sim.DecodeTable.Batch08Part17
0689b783	Vsa.Sim.DecodeTable.Batch08Part17
068bb783	Vsa.Sim.DecodeTable.Batch08Part17
0690306f	Vsa.Sim.DecodeTable.Batch08Part17
06913423	Vsa.Sim.DecodeTable.Batch08Part17
06913c23	Vsa.Sim.DecodeTable.Batch08Part17
06a05e63	Vsa.Sim.DecodeTable.Batch08Part17
06a13023	Vsa.Sim.DecodeTable.Batch08Part18
06a5e063	Vsa.Sim.DecodeTable.Batch08Part18
06a73423	Vsa.Sim.DecodeTable.Batch08Part18
06a9b023	Vsa.Sim.DecodeTable.Batch08Part18
06b13023	Vsa.Sim.DecodeTable.Batch08Part18
06b76c63	Vsa.Sim.DecodeTable.Batch08Part18
06b80063	Vsa.Sim.DecodeTable.Batch08Part18
06c00793	Vsa.Sim.DecodeTable.Batch08Part18
06c05e63	Vsa.Sim.DecodeTable.Batch08Part18
06c060ef	Vsa.Sim.DecodeTable.Batch08Part18
06c10fa3	Vsa.Sim.DecodeTable.Batch08Part18
06c13023	Vsa.Sim.DecodeTable.Batch08Part18
06c87663	Vsa.Sim.DecodeTable.Batch08Part18
06d13423	Vsa.Sim.DecodeTable.Batch08Part18
06d13c23	Vsa.Sim.DecodeTable.Batch08Part18
06d66c63	Vsa.Sim.DecodeTable.Batch08Part18
06d7c463	Vsa.Sim.DecodeTable.Batch08Part19
06e12c23	Vsa.Sim.DecodeTable.Batch08Part19
06e13023	Vsa.Sim.DecodeTable.Batch08Part19
06e13423	Vsa.Sim.DecodeTable.Batch08Part19
06e13823	Vsa.Sim.DecodeTable.Batch08Part19
06e13c23	Vsa.Sim.DecodeTable.Batch08Part19
06e6861b	Vsa.Sim.DecodeTable.Batch08Part19
06e78e1b	Vsa.Sim.DecodeTable.Batch08Part19
06e79863	Vsa.Sim.DecodeTable.Batch08Part19
06e7dc63	Vsa.Sim.DecodeTable.Batch08Part19
06f05e63	Vsa.Sim.DecodeTable.Batch08Part19
06f10fa3	Vsa.Sim.DecodeTable.Batch08Part19
06f13023	Vsa.Sim.DecodeTable.Batch08Part19
06f13423	Vsa.Sim.DecodeTable.Batch08Part19
06f13823	Vsa.Sim.DecodeTable.Batch08Part19
06f50663	Vsa.Sim.DecodeTable.Batch08Part19
06f68063	Vsa.Sim.DecodeTable.Batch08Part20
06f70c63	Vsa.Sim.DecodeTable.Batch08Part20
06f74a63	Vsa.Sim.DecodeTable.Batch08Part20
06f76263	Vsa.Sim.DecodeTable.Batch08Part20
06f7889b	Vsa.Sim.DecodeTable.Batch08Part20
06f86c63	Vsa.Sim.DecodeTable.Batch08Part20
0700006f	Vsa.Sim.DecodeTable.Batch08Part20
0700c0ef	Vsa.Sim.DecodeTable.Batch08Part20
07010113	Vsa.Sim.DecodeTable.Batch08Part20
07013023	Vsa.Sim.DecodeTable.Batch08Part20
07013303	Vsa.Sim.DecodeTable.Batch08Part20
07013403	Vsa.Sim.DecodeTable.Batch08Part20
07013423	Vsa.Sim.DecodeTable.Batch08Part20
07013703	Vsa.Sim.DecodeTable.Batch08Part20
07013783	Vsa.Sim.DecodeTable.Batch08Part20
07013803	Vsa.Sim.DecodeTable.Batch08Part20
07013823	Vsa.Sim.DecodeTable.Batch08Part21
07013883	Vsa.Sim.DecodeTable.Batch08Part21
07013903	Vsa.Sim.DecodeTable.Batch08Part21
07013a03	Vsa.Sim.DecodeTable.Batch08Part21
07013b03	Vsa.Sim.DecodeTable.Batch08Part21
07013b83	Vsa.Sim.DecodeTable.Batch08Part21
07013c83	Vsa.Sim.DecodeTable.Batch08Part21
07013e03	Vsa.Sim.DecodeTable.Batch08Part21
07013f83	Vsa.Sim.DecodeTable.Batch08Part21
07042783	Vsa.Sim.DecodeTable.Batch08Part21
0705a683	Vsa.Sim.DecodeTable.Batch08Part21
0707e063	Vsa.Sim.DecodeTable.Batch08Part21
07113423	Vsa.Sim.DecodeTable.Batch08Part21
07113823	Vsa.Sim.DecodeTable.Batch08Part21
07113c23	Vsa.Sim.DecodeTable.Batch08Part21
07213023	Vsa.Sim.DecodeTable.Batch08Part21
07213823	Vsa.Sim.DecodeTable.Batch08Part22
07240463	Vsa.Sim.DecodeTable.Batch08Part22
0725051b	Vsa.Sim.DecodeTable.Batch08Part22
0725859b	Vsa.Sim.DecodeTable.Batch08Part22
07300893	Vsa.Sim.DecodeTable.Batch08Part22
07300c13	Vsa.Sim.DecodeTable.Batch08Part22
07313423	Vsa.Sim.DecodeTable.Batch08Part22
07313c23	Vsa.Sim.DecodeTable.Batch08Part22
07378c63	Vsa.Sim.DecodeTable.Batch08Part22
0740106f	Vsa.Sim.DecodeTable.Batch08Part22
07413023	Vsa.Sim.DecodeTable.Batch08Part22
07413423	Vsa.Sim.DecodeTable.Batch08Part22
07413823	Vsa.Sim.DecodeTable.Batch08Part22
07413c23	Vsa.Sim.DecodeTable.Batch08Part22
07440793	Vsa.Sim.DecodeTable.Batch08Part22
07478693	Vsa.Sim.DecodeTable.Batch08Part22
075010ef	Vsa.Sim.DecodeTable.Batch08Part23
0750c0ef	Vsa.Sim.DecodeTable.Batch08Part23
07513423	Vsa.Sim.DecodeTable.Batch08Part23
07513c23	Vsa.Sim.DecodeTable.Batch08Part23
07613023	Vsa.Sim.DecodeTable.Batch08Part23
07613823	Vsa.Sim.DecodeTable.Batch08Part23
07713423	Vsa.Sim.DecodeTable.Batch08Part23
07713823	Vsa.Sim.DecodeTable.Batch08Part23
07758793	Vsa.Sim.DecodeTable.Batch08Part23
0776861b	Vsa.Sim.DecodeTable.Batch08Part23
07778693	Vsa.Sim.DecodeTable.Batch08Part23
07778e1b	Vsa.Sim.DecodeTable.Batch08Part23
07800717	Vsa.Sim.DecodeTable.Batch08Part23
07800793	Vsa.Sim.DecodeTable.Batch08Part23
07800893	Vsa.Sim.DecodeTable.Batch08Part23
07800c13	Vsa.Sim.DecodeTable.Batch08Part23
078080ef	Vsa.Sim.DecodeTable.Batch08Part24
07810513	Vsa.Sim.DecodeTable.Batch08Part24
07810693	Vsa.Sim.DecodeTable.Batch08Part24
07812783	Vsa.Sim.DecodeTable.Batch08Part24
07812803	Vsa.Sim.DecodeTable.Batch08Part24
07812b83	Vsa.Sim.DecodeTable.Batch08Part24
07813083	Vsa.Sim.DecodeTable.Batch08Part24
07813303	Vsa.Sim.DecodeTable.Batch08Part24
07813403	Vsa.Sim.DecodeTable.Batch08Part24
07813483	Vsa.Sim.DecodeTable.Batch08Part24
07813603	Vsa.Sim.DecodeTable.Batch08Part24
07813683	Vsa.Sim.DecodeTable.Batch08Part24
07813703	Vsa.Sim.DecodeTable.Batch08Part24
07813783	Vsa.Sim.DecodeTable.Batch08Part24
07813883	Vsa.Sim.DecodeTable.Batch08Part24
07813983	Vsa.Sim.DecodeTable.Batch08Part24
07813a03	Vsa.Sim.DecodeTable.Batch08Part25
07813a83	Vsa.Sim.DecodeTable.Batch08Part25
07813e03	Vsa.Sim.DecodeTable.Batch08Part25
07813f83	Vsa.Sim.DecodeTable.Batch08Part25
0787889b	Vsa.Sim.DecodeTable.Batch08Part25
079050ef	Vsa.Sim.DecodeTable.Batch08Part25
07913823	Vsa.Sim.DecodeTable.Batch08Part25
07a13023	Vsa.Sim.DecodeTable.Batch08Part25
07b53023	Vsa.Sim.DecodeTable.Batch08Part25
07c10613	Vsa.Sim.DecodeTable.Batch08Part25
07c12703	Vsa.Sim.DecodeTable.Batch08Part25
07c12783	Vsa.Sim.DecodeTable.Batch08Part25
07c12983	Vsa.Sim.DecodeTable.Batch08Part25
07c13023	Vsa.Sim.DecodeTable.Batch08Part25
07c13423	Vsa.Sim.DecodeTable.Batch08Part25
07c13823	Vsa.Sim.DecodeTable.Batch08Part25
07c13c23	Vsa.Sim.DecodeTable.Batch08Part26
07c6861b	Vsa.Sim.DecodeTable.Batch08Part26
07c78e1b	Vsa.Sim.DecodeTable.Batch08Part26
07d0306f	Vsa.Sim.DecodeTable.Batch08Part26
07d13023	Vsa.Sim.DecodeTable.Batch08Part26
07d13423	Vsa.Sim.DecodeTable.Batch08Part26
07d7889b	Vsa.Sim.DecodeTable.Batch08Part26
07e00613	Vsa.Sim.DecodeTable.Batch08Part26
07e00e13	Vsa.Sim.DecodeTable.Batch08Part26
07f00893	Vsa.Sim.DecodeTable.Batch08Part26
07f10593	Vsa.Sim.DecodeTable.Batch08Part26
07f13823	Vsa.Sim.DecodeTable.Batch08Part26
07f13c23	Vsa.Sim.DecodeTable.Batch08Part26
07f14583	Vsa.Sim.DecodeTable.Batch08Part26
07f14603	Vsa.Sim.DecodeTable.Batch08Part26
07f14683	Vsa.Sim.DecodeTable.Batch08Part26
07f14703	Vsa.Sim.DecodeTable.Batch08Part27
07f14783	Vsa.Sim.DecodeTable.Batch08Part27
07f14d83	Vsa.Sim.DecodeTable.Batch08Part27
08000593	Vsa.Sim.DecodeTable.Batch08Part27
08000713	Vsa.Sim.DecodeTable.Batch08Part27
08010113	Vsa.Sim.DecodeTable.Batch08Part27
08010593	Vsa.Sim.DecodeTable.Batch08Part27
08012583	Vsa.Sim.DecodeTable.Batch08Part27
08013023	Vsa.Sim.DecodeTable.Batch08Part27
08013303	Vsa.Sim.DecodeTable.Batch08Part27
08013403	Vsa.Sim.DecodeTable.Batch08Part27
08013603	Vsa.Sim.DecodeTable.Batch08Part27
08013703	Vsa.Sim.DecodeTable.Batch08Part27
08013783	Vsa.Sim.DecodeTable.Batch08Part27
08013803	Vsa.Sim.DecodeTable.Batch08Part27
08013823	Vsa.Sim.DecodeTable.Batch08Part27
08013903	Vsa.Sim.DecodeTable.Batch08Part28
08013983	Vsa.Sim.DecodeTable.Batch08Part28
08013a03	Vsa.Sim.DecodeTable.Batch08Part28
08013d83	Vsa.Sim.DecodeTable.Batch08Part28
08013e83	Vsa.Sim.DecodeTable.Batch08Part28
08031e63	Vsa.Sim.DecodeTable.Batch08Part28
08036313	Vsa.Sim.DecodeTable.Batch08Part28
08048263	Vsa.Sim.DecodeTable.Batch08Part28
08050463	Vsa.Sim.DecodeTable.Batch08Part28
08050663	Vsa.Sim.DecodeTable.Batch08Part28
08050863	Vsa.Sim.DecodeTable.Batch08Part28
08050e63	Vsa.Sim.DecodeTable.Batch08Part28
08054263	Vsa.Sim.DecodeTable.Batch08Part28
08054e63	Vsa.Sim.DecodeTable.Batch08Part28
08058663	Vsa.Sim.DecodeTable.Batch08Part28
0805ce63	Vsa.Sim.DecodeTable.Batch08Part28
08060063	Vsa.Sim.DecodeTable.Batch08Part29
08060263	Vsa.Sim.DecodeTable.Batch08Part29
08060863	Vsa.Sim.DecodeTable.Batch08Part29
08066613	Vsa.Sim.DecodeTable.Batch08Part29
08068063	Vsa.Sim.DecodeTable.Batch08Part29
0806c663	Vsa.Sim.DecodeTable.Batch08Part29
08070263	Vsa.Sim.DecodeTable.Batch08Part29
080702e3	Vsa.Sim.DecodeTable.Batch08Part29
08070663	Vsa.Sim.DecodeTable.Batch08Part29
08070a63	Vsa.Sim.DecodeTable.Batch08Part29
08070e63	Vsa.Sim.DecodeTable.Batch08Part29
08076713	Vsa.Sim.DecodeTable.Batch08Part29
08077693	Vsa.Sim.DecodeTable.Batch08Part29
08077713	Vsa.Sim.DecodeTable.Batch08Part29
08078793	Vsa.Sim.DecodeTable.Batch08Part29
08078e63	Vsa.Sim.DecodeTable.Batch08Part29
08079063	Vsa.Sim.DecodeTable.Batch08Part30
08079263	Vsa.Sim.DecodeTable.Batch08Part30
08079e63	Vsa.Sim.DecodeTable.Batch08Part30
0807f793	Vsa.Sim.DecodeTable.Batch08Part30
08080663	Vsa.Sim.DecodeTable.Batch08Part30
08080c63	Vsa.Sim.DecodeTable.Batch08Part30
08090a63	Vsa.Sim.DecodeTable.Batch08Part30
08090e63	Vsa.Sim.DecodeTable.Batch08Part30
080a6a13	Vsa.Sim.DecodeTable.Batch08Part30
080b4c63	Vsa.Sim.DecodeTable.Batch08Part30
080b8063	Vsa.Sim.DecodeTable.Batch08Part30
080c0863	Vsa.Sim.DecodeTable.Batch08Part30
080c1463	Vsa.Sim.DecodeTable.Batch08Part30
080e8863	Vsa.Sim.DecodeTable.Batch08Part30
080f88e3	Vsa.Sim.DecodeTable.Batch08Part30
08113423	Vsa.Sim.DecodeTable.Batch08Part30
08113c23	Vsa.Sim.DecodeTable.Batch08Part31
08410593	Vsa.Sim.DecodeTable.Batch08Part31
08412783	Vsa.Sim.DecodeTable.Batch08Part31
08437293	Vsa.Sim.DecodeTable.Batch08Part31
08437f93	Vsa.Sim.DecodeTable.Batch08Part31
084e7d13	Vsa.Sim.DecodeTable.Batch08Part31
08513423	Vsa.Sim.DecodeTable.Batch08Part31
08613023	Vsa.Sim.DecodeTable.Batch08Part31
08613423	Vsa.Sim.DecodeTable.Batch08Part31
08613823	Vsa.Sim.DecodeTable.Batch08Part31
08678e63	Vsa.Sim.DecodeTable.Batch08Part31
088040ef	Vsa.Sim.DecodeTable.Batch08Part31
08810513	Vsa.Sim.DecodeTable.Batch08Part31
08810713	Vsa.Sim.DecodeTable.Batch08Part31
08813023	Vsa.Sim.DecodeTable.Batch08Part31
08813083	Vsa.Sim.DecodeTable.Batch08Part31
08813283	Vsa.Sim.DecodeTable.Batch08Part32
08813303	Vsa.Sim.DecodeTable.Batch08Part32
08813483	Vsa.Sim.DecodeTable.Batch08Part32
08813603	Vsa.Sim.DecodeTable.Batch08Part32
08813703	Vsa.Sim.DecodeTable.Batch08Part32
08813783	Vsa.Sim.DecodeTable.Batch08Part32
08813803	Vsa.Sim.DecodeTable.Batch08Part32
08813823	Vsa.Sim.DecodeTable.Batch08Part32
08813983	Vsa.Sim.DecodeTable.Batch08Part32
08813a03	Vsa.Sim.DecodeTable.Batch08Part32
08813c03	Vsa.Sim.DecodeTable.Batch08Part32
08813d03	Vsa.Sim.DecodeTable.Batch08Part32
08813d83	Vsa.Sim.DecodeTable.Batch08Part32
08867613	Vsa.Sim.DecodeTable.Batch08Part32
088dd463	Vsa.Sim.DecodeTable.Batch08Part32
0890d0ef	Vsa.Sim.DecodeTable.Batch08Part32
08913423	Vsa.Sim.DecodeTable.Batch09Part01
08913c23	Vsa.Sim.DecodeTable.Batch09Part01
08a00793	Vsa.Sim.DecodeTable.Batch09Part01
08a13023	Vsa.Sim.DecodeTable.Batch09Part01
08a43823	Vsa.Sim.DecodeTable.Batch09Part01
08a60863	Vsa.Sim.DecodeTable.Batch09Part01
08a7d063	Vsa.Sim.DecodeTable.Batch09Part01
08a7e863	Vsa.Sim.DecodeTable.Batch09Part01
08b00793	Vsa.Sim.DecodeTable.Batch09Part01
08b36c63	Vsa.Sim.DecodeTable.Batch09Part01
08c13023	Vsa.Sim.DecodeTable.Batch09Part01
08c13823	Vsa.Sim.DecodeTable.Batch09Part01
08cb0b13	Vsa.Sim.DecodeTable.Batch09Part01
08d13023	Vsa.Sim.DecodeTable.Batch09Part01
08d13c23	Vsa.Sim.DecodeTable.Batch09Part01
08d66063	Vsa.Sim.DecodeTable.Batch09Part01
08d78463	Vsa.Sim.DecodeTable.Batch09Part02
08d7c863	Vsa.Sim.DecodeTable.Batch09Part02
08e10023	Vsa.Sim.DecodeTable.Batch09Part02
08e100a3	Vsa.Sim.DecodeTable.Batch09Part02
08e11023	Vsa.Sim.DecodeTable.Batch09Part02
08e13023	Vsa.Sim.DecodeTable.Batch09Part02
08e13423	Vsa.Sim.DecodeTable.Batch09Part02
08e5dc63	Vsa.Sim.DecodeTable.Batch09Part02
08e60063	Vsa.Sim.DecodeTable.Batch09Part02
08e78263	Vsa.Sim.DecodeTable.Batch09Part02
08e7d463	Vsa.Sim.DecodeTable.Batch09Part02
08e7ee63	Vsa.Sim.DecodeTable.Batch09Part02
08f13823	Vsa.Sim.DecodeTable.Batch09Part02
08f13c23	Vsa.Sim.DecodeTable.Batch09Part02
08f6e063	Vsa.Sim.DecodeTable.Batch09Part02
09010113	Vsa.Sim.DecodeTable.Batch09Part02
09010513	Vsa.Sim.DecodeTable.Batch09Part03
09010693	Vsa.Sim.DecodeTable.Batch09Part03
09010713	Vsa.Sim.DecodeTable.Batch09Part03
09012503	Vsa.Sim.DecodeTable.Batch09Part03
09012583	Vsa.Sim.DecodeTable.Batch09Part03
09013303	Vsa.Sim.DecodeTable.Batch09Part03
09013403	Vsa.Sim.DecodeTable.Batch09Part03
09013423	Vsa.Sim.DecodeTable.Batch09Part03
09013603	Vsa.Sim.DecodeTable.Batch09Part03
09013683	Vsa.Sim.DecodeTable.Batch09Part03
09013703	Vsa.Sim.DecodeTable.Batch09Part03
09013783	Vsa.Sim.DecodeTable.Batch09Part03
09013803	Vsa.Sim.DecodeTable.Batch09Part03
09013823	Vsa.Sim.DecodeTable.Batch09Part03
09013903	Vsa.Sim.DecodeTable.Batch09Part03
09013a03	Vsa.Sim.DecodeTable.Batch09Part03
09013c23	Vsa.Sim.DecodeTable.Batch09Part04
09013c83	Vsa.Sim.DecodeTable.Batch09Part04
09013d03	Vsa.Sim.DecodeTable.Batch09Part04
09043603	Vsa.Sim.DecodeTable.Batch09Part04
09177c63	Vsa.Sim.DecodeTable.Batch09Part04
09205063	Vsa.Sim.DecodeTable.Batch09Part04
09213023	Vsa.Sim.DecodeTable.Batch09Part04
09213823	Vsa.Sim.DecodeTable.Batch09Part04
09240663	Vsa.Sim.DecodeTable.Batch09Part04
09279a63	Vsa.Sim.DecodeTable.Batch09Part04
0929ec63	Vsa.Sim.DecodeTable.Batch09Part04
09313423	Vsa.Sim.DecodeTable.Batch09Part04
093b4263	Vsa.Sim.DecodeTable.Batch09Part04
094070ef	Vsa.Sim.DecodeTable.Batch09Part04
09413023	Vsa.Sim.DecodeTable.Batch09Part04
09413423	Vsa.Sim.DecodeTable.Batch09Part04
09413823	Vsa.Sim.DecodeTable.Batch09Part05
094b5063	Vsa.Sim.DecodeTable.Batch09Part05
0966d263	Vsa.Sim.DecodeTable.Batch09Part05
096d5063	Vsa.Sim.DecodeTable.Batch09Part05
09810513	Vsa.Sim.DecodeTable.Batch09Part05
09810613	Vsa.Sim.DecodeTable.Batch09Part05
09810693	Vsa.Sim.DecodeTable.Batch09Part05
09813083	Vsa.Sim.DecodeTable.Batch09Part05
09813423	Vsa.Sim.DecodeTable.Batch09Part05
09813483	Vsa.Sim.DecodeTable.Batch09Part05
09813583	Vsa.Sim.DecodeTable.Batch09Part05
09813683	Vsa.Sim.DecodeTable.Batch09Part05
09813703	Vsa.Sim.DecodeTable.Batch09Part05
09813783	Vsa.Sim.DecodeTable.Batch09Part05
09813803	Vsa.Sim.DecodeTable.Batch09Part05
09813883	Vsa.Sim.DecodeTable.Batch09Part05
09813c83	Vsa.Sim.DecodeTable.Batch09Part06
09813f83	Vsa.Sim.DecodeTable.Batch09Part06
09858593	Vsa.Sim.DecodeTable.Batch09Part06
099060ef	Vsa.Sim.DecodeTable.Batch09Part06
09913c23	Vsa.Sim.DecodeTable.Batch09Part06
09971c63	Vsa.Sim.DecodeTable.Batch09Part06
099c5263	Vsa.Sim.DecodeTable.Batch09Part06
09a13423	Vsa.Sim.DecodeTable.Batch09Part06
09a13823	Vsa.Sim.DecodeTable.Batch09Part06
09b13423	Vsa.Sim.DecodeTable.Batch09Part06
09bd5e63	Vsa.Sim.DecodeTable.Batch09Part06
09c000ef	Vsa.Sim.DecodeTable.Batch09Part06
09d000ef	Vsa.Sim.DecodeTable.Batch09Part06
09d0206f	Vsa.Sim.DecodeTable.Batch09Part06
09d13023	Vsa.Sim.DecodeTable.Batch09Part06
09f13c23	Vsa.Sim.DecodeTable.Batch09Part06
0a0020ef	Vsa.Sim.DecodeTable.Batch09Part07
0a010113	Vsa.Sim.DecodeTable.Batch09Part07
0a0103a3	Vsa.Sim.DecodeTable.Batch09Part07
0a010613	Vsa.Sim.DecodeTable.Batch09Part07
0a012423	Vsa.Sim.DecodeTable.Batch09Part07
0a012c23	Vsa.Sim.DecodeTable.Batch09Part07
0a013403	Vsa.Sim.DecodeTable.Batch09Part07
0a013703	Vsa.Sim.DecodeTable.Batch09Part07
0a013783	Vsa.Sim.DecodeTable.Batch09Part07
0a013823	Vsa.Sim.DecodeTable.Batch09Part07
0a013c03	Vsa.Sim.DecodeTable.Batch09Part07
0a040863	Vsa.Sim.DecodeTable.Batch09Part07
0a041e63	Vsa.Sim.DecodeTable.Batch09Part07
0a042823	Vsa.Sim.DecodeTable.Batch09Part07
0a043503	Vsa.Sim.DecodeTable.Batch09Part07
0a043c23	Vsa.Sim.DecodeTable.Batch09Part07
0a050263	Vsa.Sim.DecodeTable.Batch09Part08
0a050663	Vsa.Sim.DecodeTable.Batch09Part08
0a050863	Vsa.Sim.DecodeTable.Batch09Part08
0a0518e3	Vsa.Sim.DecodeTable.Batch09Part08
0a054ae3	Vsa.Sim.DecodeTable.Batch09Part08
0a05b503	Vsa.Sim.DecodeTable.Batch09Part08
0a060063	Vsa.Sim.DecodeTable.Batch09Part08
0a060463	Vsa.Sim.DecodeTable.Batch09Part08
0a060663	Vsa.Sim.DecodeTable.Batch09Part08
0a063503	Vsa.Sim.DecodeTable.Batch09Part08
0a06c063	Vsa.Sim.DecodeTable.Batch09Part08
0a06cc63	Vsa.Sim.DecodeTable.Batch09Part08
0a06d063	Vsa.Sim.DecodeTable.Batch09Part08
0a070c63	Vsa.Sim.DecodeTable.Batch09Part08
0a070e63	Vsa.Sim.DecodeTable.Batch09Part08
0a071063	Vsa.Sim.DecodeTable.Batch09Part08
0a071263	Vsa.Sim.DecodeTable.Batch09Part09
0a071a63	Vsa.Sim.DecodeTable.Batch09Part09
0a071e63	Vsa.Sim.DecodeTable.Batch09Part09
0a078263	Vsa.Sim.DecodeTable.Batch09Part09
0a078663	Vsa.Sim.DecodeTable.Batch09Part09
0a078c63	Vsa.Sim.DecodeTable.Batch09Part09
0a079063	Vsa.Sim.DecodeTable.Batch09Part09
0a079263	Vsa.Sim.DecodeTable.Batch09Part09
0a079863	Vsa.Sim.DecodeTable.Batch09Part09
0a07cc63	Vsa.Sim.DecodeTable.Batch09Part09
0a081263	Vsa.Sim.DecodeTable.Batch09Part09
0a0a1463	Vsa.Sim.DecodeTable.Batch09Part09
0a0a3503	Vsa.Sim.DecodeTable.Batch09Part09
0a0a4863	Vsa.Sim.DecodeTable.Batch09Part09
0a0e0c63	Vsa.Sim.DecodeTable.Batch09Part09
0a113423	Vsa.Sim.DecodeTable.Batch09Part09
0a710593	Vsa.Sim.DecodeTable.Batch09Part10
0a714583	Vsa.Sim.DecodeTable.Batch09Part10
0a714603	Vsa.Sim.DecodeTable.Batch09Part10
0a714703	Vsa.Sim.DecodeTable.Batch09Part10
0a714783	Vsa.Sim.DecodeTable.Batch09Part10
0a714803	Vsa.Sim.DecodeTable.Batch09Part10
0a714f03	Vsa.Sim.DecodeTable.Batch09Part10
0a729463	Vsa.Sim.DecodeTable.Batch09Part10
0a729a63	Vsa.Sim.DecodeTable.Batch09Part10
0a810593	Vsa.Sim.DecodeTable.Batch09Part10
0a810713	Vsa.Sim.DecodeTable.Batch09Part10
0a812583	Vsa.Sim.DecodeTable.Batch09Part10
0a812703	Vsa.Sim.DecodeTable.Batch09Part10
0a813023	Vsa.Sim.DecodeTable.Batch09Part10
0a813083	Vsa.Sim.DecodeTable.Batch09Part10
0a813b83	Vsa.Sim.DecodeTable.Batch09Part10
0aa05863	Vsa.Sim.DecodeTable.Batch09Part11
0aa5ec63	Vsa.Sim.DecodeTable.Batch09Part11
0ac103a3	Vsa.Sim.DecodeTable.Batch09Part11
0ac13823	Vsa.Sim.DecodeTable.Batch09Part11
0ac69c63	Vsa.Sim.DecodeTable.Batch09Part11
0acffc63	Vsa.Sim.DecodeTable.Batch09Part11
0ad10c23	Vsa.Sim.DecodeTable.Batch09Part11
0ad10ca3	Vsa.Sim.DecodeTable.Batch09Part11
0ad13823	Vsa.Sim.DecodeTable.Batch09Part11
0ad7dc63	Vsa.Sim.DecodeTable.Batch09Part11
0ae103a3	Vsa.Sim.DecodeTable.Batch09Part11
0ae10c23	Vsa.Sim.DecodeTable.Batch09Part11
0ae10ca3	Vsa.Sim.DecodeTable.Batch09Part11
0ae10d23	Vsa.Sim.DecodeTable.Batch09Part11
0ae12423	Vsa.Sim.DecodeTable.Batch09Part11
0ae12823	Vsa.Sim.DecodeTable.Batch09Part11
0ae62823	Vsa.Sim.DecodeTable.Batch09Part12
0ae7e463	Vsa.Sim.DecodeTable.Batch09Part12
0aea2823	Vsa.Sim.DecodeTable.Batch09Part12
0aeede63	Vsa.Sim.DecodeTable.Batch09Part12
0af103a3	Vsa.Sim.DecodeTable.Batch09Part12
0af10423	Vsa.Sim.DecodeTable.Batch09Part12
0af104a3	Vsa.Sim.DecodeTable.Batch09Part12
0af11423	Vsa.Sim.DecodeTable.Batch09Part12
0af42823	Vsa.Sim.DecodeTable.Batch09Part12
0af68c63	Vsa.Sim.DecodeTable.Batch09Part12
0af6e663	Vsa.Sim.DecodeTable.Batch09Part12
0afe0c63	Vsa.Sim.DecodeTable.Batch09Part12
0b00106f	Vsa.Sim.DecodeTable.Batch09Part12
0b00206f	Vsa.Sim.DecodeTable.Batch09Part12
0b010113	Vsa.Sim.DecodeTable.Batch09Part12
0b010593	Vsa.Sim.DecodeTable.Batch09Part12
0b010713	Vsa.Sim.DecodeTable.Batch09Part13
0b012303	Vsa.Sim.DecodeTable.Batch09Part13
0b012583	Vsa.Sim.DecodeTable.Batch09Part13
0b012703	Vsa.Sim.DecodeTable.Batch09Part13
0b012783	Vsa.Sim.DecodeTable.Batch09Part13
0b012a03	Vsa.Sim.DecodeTable.Batch09Part13
0b012b03	Vsa.Sim.DecodeTable.Batch09Part13
0b012f83	Vsa.Sim.DecodeTable.Batch09Part13
0b013503	Vsa.Sim.DecodeTable.Batch09Part13
0b013603	Vsa.Sim.DecodeTable.Batch09Part13
0b013683	Vsa.Sim.DecodeTable.Batch09Part13
0b013783	Vsa.Sim.DecodeTable.Batch09Part13
0b013b03	Vsa.Sim.DecodeTable.Batch09Part13
0b042783	Vsa.Sim.DecodeTable.Batch09Part13
0b05a703	Vsa.Sim.DecodeTable.Batch09Part13
0b05a783	Vsa.Sim.DecodeTable.Batch09Part13
0b05ae03	Vsa.Sim.DecodeTable.Batch09Part14
0b062703	Vsa.Sim.DecodeTable.Batch09Part14
0b062783	Vsa.Sim.DecodeTable.Batch09Part14
0b068693	Vsa.Sim.DecodeTable.Batch09Part14
0b080813	Vsa.Sim.DecodeTable.Batch09Part14
0b0a2703	Vsa.Sim.DecodeTable.Batch09Part14
0b0a2783	Vsa.Sim.DecodeTable.Batch09Part14
0b10c0ef	Vsa.Sim.DecodeTable.Batch09Part14
0b1104a3	Vsa.Sim.DecodeTable.Batch09Part14
0b110c23	Vsa.Sim.DecodeTable.Batch09Part14
0b404863	Vsa.Sim.DecodeTable.Batch09Part14
0b410593	Vsa.Sim.DecodeTable.Batch09Part14
0b412783	Vsa.Sim.DecodeTable.Batch09Part14
0b495063	Vsa.Sim.DecodeTable.Batch09Part14
0b50006f	Vsa.Sim.DecodeTable.Batch09Part14
0b513023	Vsa.Sim.DecodeTable.Batch09Part14
0b513c23	Vsa.Sim.DecodeTable.Batch09Part15
0b6046e3	Vsa.Sim.DecodeTable.Batch09Part15
0b612823	Vsa.Sim.DecodeTable.Batch09Part15
0b613823	Vsa.Sim.DecodeTable.Batch09Part15
0b62de63	Vsa.Sim.DecodeTable.Batch09Part15
0b695863	Vsa.Sim.DecodeTable.Batch09Part15
0b695c63	Vsa.Sim.DecodeTable.Batch09Part15
0b6dde63	Vsa.Sim.DecodeTable.Batch09Part15
0b6fde63	Vsa.Sim.DecodeTable.Batch09Part15
0b704263	Vsa.Sim.DecodeTable.Batch09Part15
0b713423	Vsa.Sim.DecodeTable.Batch09Part15
0b7a0263	Vsa.Sim.DecodeTable.Batch09Part15
0b8104a3	Vsa.Sim.DecodeTable.Batch09Part15
0b810513	Vsa.Sim.DecodeTable.Batch09Part15
0b810593	Vsa.Sim.DecodeTable.Batch09Part15
0b810693	Vsa.Sim.DecodeTable.Batch09Part15
0b810793	Vsa.Sim.DecodeTable.Batch09Part16
0b810b13	Vsa.Sim.DecodeTable.Batch09Part16
0b810c23	Vsa.Sim.DecodeTable.Batch09Part16
0b810e13	Vsa.Sim.DecodeTable.Batch09Part16
0b813023	Vsa.Sim.DecodeTable.Batch09Part16
0b813503	Vsa.Sim.DecodeTable.Batch09Part16
0b813a83	Vsa.Sim.DecodeTable.Batch09Part16
0b840413	Vsa.Sim.DecodeTable.Batch17
0b85051b	Vsa.Sim.DecodeTable.Batch09Part16
0b85859b	Vsa.Sim.DecodeTable.Batch09Part16
0ba00593	Vsa.Sim.DecodeTable.Batch09Part16
0ba10513	Vsa.Sim.DecodeTable.Batch09Part16
0ba10713	Vsa.Sim.DecodeTable.Batch09Part16
0bb10713	Vsa.Sim.DecodeTable.Batch09Part16
0bdf5a63	Vsa.Sim.DecodeTable.Batch09Part16
0be103a3	Vsa.Sim.DecodeTable.Batch09Part16
0c000593	Vsa.Sim.DecodeTable.Batch09Part16
0c013a03	Vsa.Sim.DecodeTable.Batch09Part17
0c042c23	Vsa.Sim.DecodeTable.Batch09Part17
0c043023	Vsa.Sim.DecodeTable.Batch09Part17
0c043823	Vsa.Sim.DecodeTable.Batch09Part17
0c050263	Vsa.Sim.DecodeTable.Batch09Part17
0c050e63	Vsa.Sim.DecodeTable.Batch09Part17
0c051063	Vsa.Sim.DecodeTable.Batch09Part17
0c051c63	Vsa.Sim.DecodeTable.Batch09Part17
0c060a63	Vsa.Sim.DecodeTable.Batch09Part17
0c069463	Vsa.Sim.DecodeTable.Batch09Part17
0c070663	Vsa.Sim.DecodeTable.Batch09Part17
0c071c63	Vsa.Sim.DecodeTable.Batch09Part17
0c074063	Vsa.Sim.DecodeTable.Batch09Part17
0c078063	Vsa.Sim.DecodeTable.Batch09Part17
0c078663	Vsa.Sim.DecodeTable.Batch09Part17
0c078c63	Vsa.Sim.DecodeTable.Batch09Part17
0c078e63	Vsa.Sim.DecodeTable.Batch09Part18
0c079063	Vsa.Sim.DecodeTable.Batch09Part18
0c079a63	Vsa.Sim.DecodeTable.Batch09Part18
0c079c63	Vsa.Sim.DecodeTable.Batch09Part18
0c07c263	Vsa.Sim.DecodeTable.Batch09Part18
0c089063	Vsa.Sim.DecodeTable.Batch09Part18
0c0d9ce3	Vsa.Sim.DecodeTable.Batch09Part18
0c0ddee3	Vsa.Sim.DecodeTable.Batch09Part18
0c0e0263	Vsa.Sim.DecodeTable.Batch09Part18
0c113c23	Vsa.Sim.DecodeTable.Batch09Part18
0c4100ef	Vsa.Sim.DecodeTable.Batch09Part18
0c710413	Vsa.Sim.DecodeTable.Batch09Part18
0c710793	Vsa.Sim.DecodeTable.Batch09Part18
0c729e63	Vsa.Sim.DecodeTable.Batch09Part18
0c810513	Vsa.Sim.DecodeTable.Batch09Part18
0c810713	Vsa.Sim.DecodeTable.Batch09Part18
0c813483	Vsa.Sim.DecodeTable.Batch09Part19
0c813823	Vsa.Sim.DecodeTable.Batch09Part19
0c813983	Vsa.Sim.DecodeTable.Batch09Part19
0c813c23	Vsa.Sim.DecodeTable.Batch09Part19
0c878863	Vsa.Sim.DecodeTable.Batch09Part19
0c9050ef	Vsa.Sim.DecodeTable.Batch09Part19
0c913423	Vsa.Sim.DecodeTable.Batch09Part19
0c913c23	Vsa.Sim.DecodeTable.Batch09Part19
0ca5de63	Vsa.Sim.DecodeTable.Batch09Part19
0cc0006f	Vsa.Sim.DecodeTable.Batch09Part19
0cc0306f	Vsa.Sim.DecodeTable.Batch09Part19
0cc060ef	Vsa.Sim.DecodeTable.Batch09Part19
0cc69663	Vsa.Sim.DecodeTable.Batch09Part19
0cd0106f	Vsa.Sim.DecodeTable.Batch09Part19
0cd010ef	Vsa.Sim.DecodeTable.Batch09Part19
0ce6c663	Vsa.Sim.DecodeTable.Batch09Part19
0cf13c23	Vsa.Sim.DecodeTable.Batch09Part20
0cf42423	Vsa.Sim.DecodeTable.Batch09Part20
0cf54e63	Vsa.Sim.DecodeTable.Batch09Part20
0cf60c63	Vsa.Sim.DecodeTable.Batch09Part20
0d0030ef	Vsa.Sim.DecodeTable.Batch09Part20
0d010513	Vsa.Sim.DecodeTable.Batch09Part20
0d010593	Vsa.Sim.DecodeTable.Batch09Part20
0d010693	Vsa.Sim.DecodeTable.Batch09Part20
0d010713	Vsa.Sim.DecodeTable.Batch09Part20
0d010793	Vsa.Sim.DecodeTable.Batch09Part20
0d013403	Vsa.Sim.DecodeTable.Batch09Part20
0d013903	Vsa.Sim.DecodeTable.Batch09Part20
0d213823	Vsa.Sim.DecodeTable.Batch09Part20
0d313423	Vsa.Sim.DecodeTable.Batch09Part20
0d350463	Vsa.Sim.DecodeTable.Batch09Part20
0d350a63	Vsa.Sim.DecodeTable.Batch09Part20
0d4020ef	Vsa.Sim.DecodeTable.Batch09Part21
0d413023	Vsa.Sim.DecodeTable.Batch09Part21
0d676c63	Vsa.Sim.DecodeTable.Batch09Part21
0d8010ef	Vsa.Sim.DecodeTable.Batch09Part21
0d810513	Vsa.Sim.DecodeTable.Batch09Part21
0d810613	Vsa.Sim.DecodeTable.Batch09Part21
0d810693	Vsa.Sim.DecodeTable.Batch09Part21
0d810813	Vsa.Sim.DecodeTable.Batch09Part21
0d813083	Vsa.Sim.DecodeTable.Batch09Part21
0d813483	Vsa.Sim.DecodeTable.Batch09Part21
0d813683	Vsa.Sim.DecodeTable.Batch09Part21
0d813703	Vsa.Sim.DecodeTable.Batch09Part21
0d813783	Vsa.Sim.DecodeTable.Batch09Part21
0d8750e3	Vsa.Sim.DecodeTable.Batch09Part21
0d913c23	Vsa.Sim.DecodeTable.Batch09Part21
0da13c23	Vsa.Sim.DecodeTable.Batch09Part21
0daf5463	Vsa.Sim.DecodeTable.Batch09Part22
0db85063	Vsa.Sim.DecodeTable.Batch09Part22
0dc12423	Vsa.Sim.DecodeTable.Batch09Part22
0dd020ef	Vsa.Sim.DecodeTable.Batch09Part22
0de5051b	Vsa.Sim.DecodeTable.Batch09Part22
0de5859b	Vsa.Sim.DecodeTable.Batch09Part22
0e010613	Vsa.Sim.DecodeTable.Batch09Part22
0e012423	Vsa.Sim.DecodeTable.Batch09Part22
0e013403	Vsa.Sim.DecodeTable.Batch09Part22
0e013823	Vsa.Sim.DecodeTable.Batch09Part22
0e040513	Vsa.Sim.DecodeTable.Batch09Part22
0e042023	Vsa.Sim.DecodeTable.Batch09Part22
0e048463	Vsa.Sim.DecodeTable.Batch09Part22
0e050263	Vsa.Sim.DecodeTable.Batch09Part22
0e0506e3	Vsa.Sim.DecodeTable.Batch09Part22
0e050e63	Vsa.Sim.DecodeTable.Batch09Part22
0e051063	Vsa.Sim.DecodeTable.Batch09Part23
0e051863	Vsa.Sim.DecodeTable.Batch09Part23
0e060063	Vsa.Sim.DecodeTable.Batch09Part23
0e064263	Vsa.Sim.DecodeTable.Batch09Part23
0e068263	Vsa.Sim.DecodeTable.Batch09Part23
0e070c63	Vsa.Sim.DecodeTable.Batch09Part23
0e078513	Vsa.Sim.DecodeTable.Batch09Part23
0e078863	Vsa.Sim.DecodeTable.Batch09Part23
0e080663	Vsa.Sim.DecodeTable.Batch09Part23
0e093783	Vsa.Sim.DecodeTable.Batch09Part23
0e098663	Vsa.Sim.DecodeTable.Batch09Part23
0e113423	Vsa.Sim.DecodeTable.Batch09Part23
0e40006f	Vsa.Sim.DecodeTable.Batch09Part23
0e810693	Vsa.Sim.DecodeTable.Batch09Part23
0e812583	Vsa.Sim.DecodeTable.Batch09Part23
0e812683	Vsa.Sim.DecodeTable.Batch09Part23
0e812703	Vsa.Sim.DecodeTable.Batch09Part24
0e812783	Vsa.Sim.DecodeTable.Batch09Part24
0e812803	Vsa.Sim.DecodeTable.Batch09Part24
0e812a03	Vsa.Sim.DecodeTable.Batch09Part24
0e812b03	Vsa.Sim.DecodeTable.Batch09Part24
0e812e83	Vsa.Sim.DecodeTable.Batch09Part24
0e813023	Vsa.Sim.DecodeTable.Batch09Part24
0e813083	Vsa.Sim.DecodeTable.Batch09Part24
0e84b403	Vsa.Sim.DecodeTable.Batch09Part24
0e84ba03	Vsa.Sim.DecodeTable.Batch09Part24
0e84bb03	Vsa.Sim.DecodeTable.Batch09Part24
0e8c6063	Vsa.Sim.DecodeTable.Batch09Part24
0ea13823	Vsa.Sim.DecodeTable.Batch09Part24
0eaa7263	Vsa.Sim.DecodeTable.Batch09Part24
0eb12423	Vsa.Sim.DecodeTable.Batch09Part24
0eb13c23	Vsa.Sim.DecodeTable.Batch09Part24
0ec100ef	Vsa.Sim.DecodeTable.Batch09Part25
0ec13823	Vsa.Sim.DecodeTable.Batch09Part25
0ec8e063	Vsa.Sim.DecodeTable.Batch09Part25
0ed12423	Vsa.Sim.DecodeTable.Batch09Part25
0ed13423	Vsa.Sim.DecodeTable.Batch09Part25
0ed13823	Vsa.Sim.DecodeTable.Batch09Part25
0ed13c23	Vsa.Sim.DecodeTable.Batch09Part25
0ed60663	Vsa.Sim.DecodeTable.Batch09Part25
0ed66263	Vsa.Sim.DecodeTable.Batch09Part25
0ee12423	Vsa.Sim.DecodeTable.Batch09Part25
0ee13823	Vsa.Sim.DecodeTable.Batch09Part25
0ee78063	Vsa.Sim.DecodeTable.Batch09Part25
0ee78c63	Vsa.Sim.DecodeTable.Batch09Part25
0ee78e63	Vsa.Sim.DecodeTable.Batch09Part25
0ef05063	Vsa.Sim.DecodeTable.Batch09Part25
0ef10c23	Vsa.Sim.DecodeTable.Batch09Part25
0ef12423	Vsa.Sim.DecodeTable.Batch09Part26
0ef13c23	Vsa.Sim.DecodeTable.Batch09Part26
0ef43423	Vsa.Sim.DecodeTable.Batch09Part26
0ef8d063	Vsa.Sim.DecodeTable.Batch09Part26
0efde263	Vsa.Sim.DecodeTable.Batch09Part26
0f0010ef	Vsa.Sim.DecodeTable.Batch09Part26
0f005863	Vsa.Sim.DecodeTable.Batch09Part26
0f010113	Vsa.Sim.DecodeTable.Batch09Part26
0f010413	Vsa.Sim.DecodeTable.Batch09Part26
0f010513	Vsa.Sim.DecodeTable.Batch09Part26
0f010613	Vsa.Sim.DecodeTable.Batch09Part26
0f010693	Vsa.Sim.DecodeTable.Batch09Part26
0f012423	Vsa.Sim.DecodeTable.Batch09Part26
0f013503	Vsa.Sim.DecodeTable.Batch09Part26
0f013603	Vsa.Sim.DecodeTable.Batch09Part26
0f013683	Vsa.Sim.DecodeTable.Batch09Part26
0f013703	Vsa.Sim.DecodeTable.Batch09Part27
0f013783	Vsa.Sim.DecodeTable.Batch09Part27
0f013803	Vsa.Sim.DecodeTable.Batch09Part27
0f013c83	Vsa.Sim.DecodeTable.Batch09Part27
0f05051b	Vsa.Sim.DecodeTable.Batch09Part27
0f05859b	Vsa.Sim.DecodeTable.Batch09Part27
0f0ef063	Vsa.Sim.DecodeTable.Batch09Part27
0f1010ef	Vsa.Sim.DecodeTable.Batch09Part27
0f10206f	Vsa.Sim.DecodeTable.Batch09Part27
0f110c23	Vsa.Sim.DecodeTable.Batch09Part27
0f113c23	Vsa.Sim.DecodeTable.Batch09Part27
0f313c23	Vsa.Sim.DecodeTable.Batch09Part27
0f343c23	Vsa.Sim.DecodeTable.Batch09Part27
0f412423	Vsa.Sim.DecodeTable.Batch09Part27
0f443823	Vsa.Sim.DecodeTable.Batch09Part27
0f513023	Vsa.Sim.DecodeTable.Batch09Part27
0f612423	Vsa.Sim.DecodeTable.Batch09Part28
0f8060ef	Vsa.Sim.DecodeTable.Batch09Part28
0f810593	Vsa.Sim.DecodeTable.Batch09Part28
0f810c23	Vsa.Sim.DecodeTable.Batch09Part28
0f810c93	Vsa.Sim.DecodeTable.Batch09Part28
0f810d13	Vsa.Sim.DecodeTable.Batch09Part28
0f813703	Vsa.Sim.DecodeTable.Batch09Part28
0f913823	Vsa.Sim.DecodeTable.Batch09Part28
0fa5051b	Vsa.Sim.DecodeTable.Batch09Part28
0fa5859b	Vsa.Sim.DecodeTable.Batch09Part28
0fd12423	Vsa.Sim.DecodeTable.Batch09Part28
0ff47413	Vsa.Sim.DecodeTable.Batch09Part28
0ff57593	Vsa.Sim.DecodeTable.Batch09Part28
0ff5f313	Vsa.Sim.DecodeTable.Batch09Part28
0ff5f593	Vsa.Sim.DecodeTable.Batch09Part28
0ff5f693	Vsa.Sim.DecodeTable.Batch09Part28
0ff67613	Vsa.Sim.DecodeTable.Batch09Part29
0ff6f693	Vsa.Sim.DecodeTable.Batch09Part29
0ff77693	Vsa.Sim.DecodeTable.Batch09Part29
0ff77713	Vsa.Sim.DecodeTable.Batch09Part29
0ff77b13	Vsa.Sim.DecodeTable.Batch09Part29
0ff77d13	Vsa.Sim.DecodeTable.Batch09Part29
0ff7f693	Vsa.Sim.DecodeTable.Batch09Part29
0ff7f713	Vsa.Sim.DecodeTable.Batch09Part29
0ff7f793	Vsa.Sim.DecodeTable.Batch09Part29
10000593	Vsa.Sim.DecodeTable.Batch09Part29
10000693	Vsa.Sim.DecodeTable.Batch17
10000737	Vsa.Sim.DecodeTable.Batch09Part29
10013783	Vsa.Sim.DecodeTable.Batch09Part29
10036313	Vsa.Sim.DecodeTable.Batch09Part29
10036c93	Vsa.Sim.DecodeTable.Batch09Part29
10037713	Vsa.Sim.DecodeTable.Batch09Part29
10048463	Vsa.Sim.DecodeTable.Batch09Part29
1004b583	Vsa.Sim.DecodeTable.Batch09Part30
10050663	Vsa.Sim.DecodeTable.Batch09Part30
10050a63	Vsa.Sim.DecodeTable.Batch09Part30
10058a63	Vsa.Sim.DecodeTable.Batch09Part30
10059263	Vsa.Sim.DecodeTable.Batch09Part30
10060263	Vsa.Sim.DecodeTable.Batch09Part30
100612e3	Vsa.Sim.DecodeTable.Batch09Part30
10068063	Vsa.Sim.DecodeTable.Batch09Part30
10068a63	Vsa.Sim.DecodeTable.Batch09Part30
10070463	Vsa.Sim.DecodeTable.Batch09Part30
10074263	Vsa.Sim.DecodeTable.Batch09Part30
10075063	Vsa.Sim.DecodeTable.Batch09Part30
10078863	Vsa.Sim.DecodeTable.Batch09Part30
10078c63	Vsa.Sim.DecodeTable.Batch09Part30
10079063	Vsa.Sim.DecodeTable.Batch09Part30
10079863	Vsa.Sim.DecodeTable.Batch09Part30
10079a63	Vsa.Sim.DecodeTable.Batch09Part31
1007f693	Vsa.Sim.DecodeTable.Batch17
100b4ee3	Vsa.Sim.DecodeTable.Batch09Part31
100e6713	Vsa.Sim.DecodeTable.Batch09Part31
100e6e13	Vsa.Sim.DecodeTable.Batch09Part31
100e7593	Vsa.Sim.DecodeTable.Batch09Part31
10100713	Vsa.Sim.DecodeTable.Batch17
104a0a13	Vsa.Sim.DecodeTable.Batch09Part31
108020ef	Vsa.Sim.DecodeTable.Batch09Part31
1090106f	Vsa.Sim.DecodeTable.Batch09Part31
10943423	Vsa.Sim.DecodeTable.Batch09Part31
10a64e63	Vsa.Sim.DecodeTable.Batch09Part31
10c56863	Vsa.Sim.DecodeTable.Batch09Part31
10c76e63	Vsa.Sim.DecodeTable.Batch09Part31
10e10da3	Vsa.Sim.DecodeTable.Batch09Part31
10e13023	Vsa.Sim.DecodeTable.Batch09Part31
10e78463	Vsa.Sim.DecodeTable.Batch09Part31
10e78663	Vsa.Sim.DecodeTable.Batch09Part31
10f13023	Vsa.Sim.DecodeTable.Batch09Part32
10f50c63	Vsa.Sim.DecodeTable.Batch09Part32
10f68663	Vsa.Sim.DecodeTable.Batch09Part32
10fe1a63	Vsa.Sim.DecodeTable.Batch09Part32
1100106f	Vsa.Sim.DecodeTable.Batch09Part32
11010113	Vsa.Sim.DecodeTable.Batch09Part32
11010513	Vsa.Sim.DecodeTable.Batch17
11013023	Vsa.Sim.DecodeTable.Batch09Part32
11113423	Vsa.Sim.DecodeTable.Batch09Part32
11243023	Vsa.Sim.DecodeTable.Batch09Part32
114010ef	Vsa.Sim.DecodeTable.Batch09Part32
1140206f	Vsa.Sim.DecodeTable.Batch09Part32
115000ef	Vsa.Sim.DecodeTable.Batch09Part32
118e0e13	Vsa.Sim.DecodeTable.Batch09Part32
119000ef	Vsa.Sim.DecodeTable.Batch09Part32
11b10e13	Vsa.Sim.DecodeTable.Batch09Part32
11c10e13	Vsa.Sim.DecodeTable.Batch09Part32
11c10e93	Vsa.Sim.DecodeTable.Batch10Part01
120030ef	Vsa.Sim.DecodeTable.Batch10Part01
12010a93	Vsa.Sim.DecodeTable.Batch10Part01
12050c63	Vsa.Sim.DecodeTable.Batch10Part01
120518e3	Vsa.Sim.DecodeTable.Batch10Part01
12054263	Vsa.Sim.DecodeTable.Batch10Part01
12058863	Vsa.Sim.DecodeTable.Batch10Part01
12064e63	Vsa.Sim.DecodeTable.Batch10Part01
12071463	Vsa.Sim.DecodeTable.Batch10Part01
12071ee3	Vsa.Sim.DecodeTable.Batch10Part01
12078263	Vsa.Sim.DecodeTable.Batch10Part01
12078e63	Vsa.Sim.DecodeTable.Batch10Part01
12079263	Vsa.Sim.DecodeTable.Batch10Part01
12079663	Vsa.Sim.DecodeTable.Batch10Part01
12079c63	Vsa.Sim.DecodeTable.Batch10Part01
1207d263	Vsa.Sim.DecodeTable.Batch10Part01
12080463	Vsa.Sim.DecodeTable.Batch10Part02
120e0463	Vsa.Sim.DecodeTable.Batch10Part02
1240006f	Vsa.Sim.DecodeTable.Batch10Part02
125010ef	Vsa.Sim.DecodeTable.Batch10Part02
12878793	Vsa.Sim.DecodeTable.Batch10Part02
128b8b93	Vsa.Sim.DecodeTable.Batch10Part02
1290106f	Vsa.Sim.DecodeTable.Batch10Part02
1297079b	Vsa.Sim.DecodeTable.Batch10Part02
12a04ce3	Vsa.Sim.DecodeTable.Batch10Part02
12a68063	Vsa.Sim.DecodeTable.Batch10Part02
12b88263	Vsa.Sim.DecodeTable.Batch10Part02
12c0106f	Vsa.Sim.DecodeTable.Batch10Part02
12c010ef	Vsa.Sim.DecodeTable.Batch10Part02
12c0206f	Vsa.Sim.DecodeTable.Batch10Part02
12c76c63	Vsa.Sim.DecodeTable.Batch10Part02
12ca0a13	Vsa.Sim.DecodeTable.Batch10Part02
12e51c63	Vsa.Sim.DecodeTable.Batch10Part03
12e602e3	Vsa.Sim.DecodeTable.Batch10Part03
12e6c863	Vsa.Sim.DecodeTable.Batch10Part03
12f6fce3	Vsa.Sim.DecodeTable.Batch10Part03
12f75463	Vsa.Sim.DecodeTable.Batch10Part03
12f77a63	Vsa.Sim.DecodeTable.Batch10Part03
13005063	Vsa.Sim.DecodeTable.Batch10Part03
131020ef	Vsa.Sim.DecodeTable.Batch10Part03
134020ef	Vsa.Sim.DecodeTable.Batch10Part03
13480813	Vsa.Sim.DecodeTable.Batch10Part03
135080ef	Vsa.Sim.DecodeTable.Batch10Part03
138060ef	Vsa.Sim.DecodeTable.Batch10Part03
13c010ef	Vsa.Sim.DecodeTable.Batch10Part03
13c50693	Vsa.Sim.DecodeTable.Batch10Part03
13d060ef	Vsa.Sim.DecodeTable.Batch10Part03
14060a63	Vsa.Sim.DecodeTable.Batch10Part03
140712e3	Vsa.Sim.DecodeTable.Batch10Part04
14071663	Vsa.Sim.DecodeTable.Batch10Part04
14071ae3	Vsa.Sim.DecodeTable.Batch10Part04
14071ee3	Vsa.Sim.DecodeTable.Batch10Part04
14075e63	Vsa.Sim.DecodeTable.Batch10Part04
14078063	Vsa.Sim.DecodeTable.Batch10Part04
14078e63	Vsa.Sim.DecodeTable.Batch10Part04
14079a63	Vsa.Sim.DecodeTable.Batch10Part04
14089863	Vsa.Sim.DecodeTable.Batch10Part04
140b44e3	Vsa.Sim.DecodeTable.Batch10Part04
140b4ae3	Vsa.Sim.DecodeTable.Batch10Part04
140d0ce3	Vsa.Sim.DecodeTable.Batch10Part04
140d8863	Vsa.Sim.DecodeTable.Batch10Part04
140d8ee3	Vsa.Sim.DecodeTable.Batch10Part04
14450b13	Vsa.Sim.DecodeTable.Batch10Part04
14500593	Vsa.Sim.DecodeTable.Batch10Part04
14a58063	Vsa.Sim.DecodeTable.Batch10Part05
14b6cc63	Vsa.Sim.DecodeTable.Batch10Part05
14c05263	Vsa.Sim.DecodeTable.Batch10Part05
14cd8d93	Vsa.Sim.DecodeTable.Batch10Part05
14e10da3	Vsa.Sim.DecodeTable.Batch10Part05
14f10da3	Vsa.Sim.DecodeTable.Batch10Part05
14f30e63	Vsa.Sim.DecodeTable.Batch10Part05
14f6f863	Vsa.Sim.DecodeTable.Batch10Part05
14f87463	Vsa.Sim.DecodeTable.Batch10Part05
151010ef	Vsa.Sim.DecodeTable.Batch10Part05
15400613	Vsa.Sim.DecodeTable.Batch10Part05
15400693	Vsa.Sim.DecodeTable.Batch10Part05
15478793	Vsa.Sim.DecodeTable.Batch10Part05
156758e3	Vsa.Sim.DecodeTable.Batch10Part05
15675ee3	Vsa.Sim.DecodeTable.Batch10Part05
15697663	Vsa.Sim.DecodeTable.Batch10Part05
159000ef	Vsa.Sim.DecodeTable.Batch10Part06
159060ef	Vsa.Sim.DecodeTable.Batch10Part06
15b10c93	Vsa.Sim.DecodeTable.Batch10Part06
15b10d13	Vsa.Sim.DecodeTable.Batch10Part06
15c0a0ef	Vsa.Sim.DecodeTable.Batch10Part06
15c10693	Vsa.Sim.DecodeTable.Batch10Part06
15c10b13	Vsa.Sim.DecodeTable.Batch10Part06
15c10c93	Vsa.Sim.DecodeTable.Batch10Part06
15c10d13	Vsa.Sim.DecodeTable.Batch10Part06
16010a93	Vsa.Sim.DecodeTable.Batch10Part06
16042423	Vsa.Sim.DecodeTable.Batch10Part06
16043823	Vsa.Sim.DecodeTable.Batch10Part06
16043c23	Vsa.Sim.DecodeTable.Batch10Part06
16070863	Vsa.Sim.DecodeTable.Batch10Part06
16071a63	Vsa.Sim.DecodeTable.Batch10Part06
160780e3	Vsa.Sim.DecodeTable.Batch10Part06
16078463	Vsa.Sim.DecodeTable.Batch10Part07
16078a63	Vsa.Sim.DecodeTable.Batch10Part07
16088863	Vsa.Sim.DecodeTable.Batch10Part07
16098993	Vsa.Sim.DecodeTable.Batch10Part07
160e0663	Vsa.Sim.DecodeTable.Batch10Part07
16200593	Vsa.Sim.DecodeTable.Batch10Part07
16a05463	Vsa.Sim.DecodeTable.Batch10Part07
16a68663	Vsa.Sim.DecodeTable.Batch10Part07
16c040ef	Vsa.Sim.DecodeTable.Batch10Part07
16d05ee3	Vsa.Sim.DecodeTable.Batch10Part07
16d67663	Vsa.Sim.DecodeTable.Batch10Part07
1700106f	Vsa.Sim.DecodeTable.Batch10Part07
17078063	Vsa.Sim.DecodeTable.Batch10Part07
17083783	Vsa.Sim.DecodeTable.Batch10Part07
17305263	Vsa.Sim.DecodeTable.Batch10Part07
174050ef	Vsa.Sim.DecodeTable.Batch10Part07
175050ef	Vsa.Sim.DecodeTable.Batch10Part08
1780106f	Vsa.Sim.DecodeTable.Batch10Part08
17850513	Vsa.Sim.DecodeTable.Batch10Part08
18031ae3	Vsa.Sim.DecodeTable.Batch10Part08
18042823	Vsa.Sim.DecodeTable.Batch10Part08
18042c23	Vsa.Sim.DecodeTable.Batch10Part08
18043423	Vsa.Sim.DecodeTable.Batch10Part08
18050463	Vsa.Sim.DecodeTable.Batch10Part08
18051663	Vsa.Sim.DecodeTable.Batch10Part08
1806c063	Vsa.Sim.DecodeTable.Batch10Part08
1806ca63	Vsa.Sim.DecodeTable.Batch10Part08
18071863	Vsa.Sim.DecodeTable.Batch10Part08
18075663	Vsa.Sim.DecodeTable.Batch10Part08
18078063	Vsa.Sim.DecodeTable.Batch10Part08
18078663	Vsa.Sim.DecodeTable.Batch10Part08
18078a63	Vsa.Sim.DecodeTable.Batch10Part08
18089863	Vsa.Sim.DecodeTable.Batch10Part09
180b42e3	Vsa.Sim.DecodeTable.Batch10Part09
1810106f	Vsa.Sim.DecodeTable.Batch10Part09
18460613	Vsa.Sim.DecodeTable.Batch10Part09
188030ef	Vsa.Sim.DecodeTable.Batch10Part09
188060ef	Vsa.Sim.DecodeTable.Batch10Part09
1890106f	Vsa.Sim.DecodeTable.Batch10Part09
1896f463	Vsa.Sim.DecodeTable.Batch10Part09
18b05a63	Vsa.Sim.DecodeTable.Batch10Part09
18c0206f	Vsa.Sim.DecodeTable.Batch10Part09
18c51663	Vsa.Sim.DecodeTable.Batch10Part09
18c76263	Vsa.Sim.DecodeTable.Batch10Part09
18c80813	Vsa.Sim.DecodeTable.Batch10Part09
18c80e63	Vsa.Sim.DecodeTable.Batch10Part09
18d000ef	Vsa.Sim.DecodeTable.Batch10Part09
18d05c63	Vsa.Sim.DecodeTable.Batch10Part09
18d76263	Vsa.Sim.DecodeTable.Batch10Part10
18e51263	Vsa.Sim.DecodeTable.Batch10Part10
18e68663	Vsa.Sim.DecodeTable.Batch10Part10
18f42023	Vsa.Sim.DecodeTable.Batch10Part10
18f70663	Vsa.Sim.DecodeTable.Batch10Part10
191060ef	Vsa.Sim.DecodeTable.Batch10Part10
194010ef	Vsa.Sim.DecodeTable.Batch10Part10
196756e3	Vsa.Sim.DecodeTable.Batch10Part10
19d0106f	Vsa.Sim.DecodeTable.Batch10Part10
19d010ef	Vsa.Sim.DecodeTable.Batch10Part10
19d050ef	Vsa.Sim.DecodeTable.Batch10Part10
1a00006f	Vsa.Sim.DecodeTable.Batch10Part10
1a050063	Vsa.Sim.DecodeTable.Batch10Part10
1a050263	Vsa.Sim.DecodeTable.Batch10Part10
1a0518e3	Vsa.Sim.DecodeTable.Batch10Part10
1a060663	Vsa.Sim.DecodeTable.Batch10Part10
1a0616e3	Vsa.Sim.DecodeTable.Batch10Part11
1a064463	Vsa.Sim.DecodeTable.Batch10Part11
1a069863	Vsa.Sim.DecodeTable.Batch10Part11
1a06c463	Vsa.Sim.DecodeTable.Batch10Part11
1a06cc63	Vsa.Sim.DecodeTable.Batch10Part11
1a071263	Vsa.Sim.DecodeTable.Batch10Part11
1a071c63	Vsa.Sim.DecodeTable.Batch10Part11
1a079463	Vsa.Sim.DecodeTable.Batch10Part11
1a080263	Vsa.Sim.DecodeTable.Batch10Part11
1a081263	Vsa.Sim.DecodeTable.Batch10Part11
1a0b1663	Vsa.Sim.DecodeTable.Batch10Part11
1a0b4663	Vsa.Sim.DecodeTable.Batch10Part11
1a0c0863	Vsa.Sim.DecodeTable.Batch10Part11
1a0e9063	Vsa.Sim.DecodeTable.Batch10Part11
1a0e9863	Vsa.Sim.DecodeTable.Batch10Part11
1a1010ef	Vsa.Sim.DecodeTable.Batch10Part11
1a8070ef	Vsa.Sim.DecodeTable.Batch10Part12
1a813d83	Vsa.Sim.DecodeTable.Batch10Part12
1a8d0d13	Vsa.Sim.DecodeTable.Batch10Part12
1a9030ef	Vsa.Sim.DecodeTable.Batch10Part12
1ac0106f	Vsa.Sim.DecodeTable.Batch10Part12
1ac020ef	Vsa.Sim.DecodeTable.Batch10Part12
1ad5f863	Vsa.Sim.DecodeTable.Batch10Part12
1ad9c663	Vsa.Sim.DecodeTable.Batch10Part12
1ae6c4e3	Vsa.Sim.DecodeTable.Batch10Part12
1ae7e0e3	Vsa.Sim.DecodeTable.Batch10Part12
1af00593	Vsa.Sim.DecodeTable.Batch10Part12
1af43023	Vsa.Sim.DecodeTable.Batch10Part12
1af50c63	Vsa.Sim.DecodeTable.Batch10Part12
1af74e63	Vsa.Sim.DecodeTable.Batch10Part12
1af87263	Vsa.Sim.DecodeTable.Batch10Part12
1b013d03	Vsa.Sim.DecodeTable.Batch10Part12
1b1050ef	Vsa.Sim.DecodeTable.Batch10Part13
1b243c23	Vsa.Sim.DecodeTable.Batch10Part13
1b343823	Vsa.Sim.DecodeTable.Batch10Part13
1b40006f	Vsa.Sim.DecodeTable.Batch10Part13
1b443423	Vsa.Sim.DecodeTable.Batch10Part13
1b66c6e3	Vsa.Sim.DecodeTable.Batch10Part13
1b697c63	Vsa.Sim.DecodeTable.Batch10Part13
1b813c83	Vsa.Sim.DecodeTable.Batch10Part13
1b9060ef	Vsa.Sim.DecodeTable.Batch10Part13
1b913c23	Vsa.Sim.DecodeTable.Batch10Part13
1ba13823	Vsa.Sim.DecodeTable.Batch10Part13
1bb13423	Vsa.Sim.DecodeTable.Batch10Part13
1c00206f	Vsa.Sim.DecodeTable.Batch10Part13
1c013c03	Vsa.Sim.DecodeTable.Batch10Part13
1c054063	Vsa.Sim.DecodeTable.Batch10Part13
1c060663	Vsa.Sim.DecodeTable.Batch10Part13
1c061663	Vsa.Sim.DecodeTable.Batch10Part14
1c061a63	Vsa.Sim.DecodeTable.Batch10Part14
1c071063	Vsa.Sim.DecodeTable.Batch10Part14
1c071e63	Vsa.Sim.DecodeTable.Batch10Part14
1c0794e3	Vsa.Sim.DecodeTable.Batch10Part14
1c0798e3	Vsa.Sim.DecodeTable.Batch10Part14
1c090063	Vsa.Sim.DecodeTable.Batch10Part14
1c0c8063	Vsa.Sim.DecodeTable.Batch10Part14
1c40206f	Vsa.Sim.DecodeTable.Batch10Part14
1c8070ef	Vsa.Sim.DecodeTable.Batch10Part14
1c813b83	Vsa.Sim.DecodeTable.Batch10Part14
1c943023	Vsa.Sim.DecodeTable.Batch10Part14
1ca04663	Vsa.Sim.DecodeTable.Batch10Part14
1cc010ef	Vsa.Sim.DecodeTable.Batch10Part14
1ce7e263	Vsa.Sim.DecodeTable.Batch10Part14
1cf30663	Vsa.Sim.DecodeTable.Batch10Part14
1d0040ef	Vsa.Sim.DecodeTable.Batch10Part15
1d013b03	Vsa.Sim.DecodeTable.Batch10Part15
1d088e63	Vsa.Sim.DecodeTable.Batch10Part15
1d1010ef	Vsa.Sim.DecodeTable.Batch10Part15
1d50106f	Vsa.Sim.DecodeTable.Batch10Part15
1d5060ef	Vsa.Sim.DecodeTable.Batch10Part15
1d513c23	Vsa.Sim.DecodeTable.Batch10Part15
1d613823	Vsa.Sim.DecodeTable.Batch10Part15
1d713423	Vsa.Sim.DecodeTable.Batch10Part15
1d813023	Vsa.Sim.DecodeTable.Batch10Part15
1d813a83	Vsa.Sim.DecodeTable.Batch10Part15
1dc0306f	Vsa.Sim.DecodeTable.Batch10Part15
1de00593	Vsa.Sim.DecodeTable.Batch10Part15
1e010793	Vsa.Sim.DecodeTable.Batch10Part15
1e013a03	Vsa.Sim.DecodeTable.Batch10Part15
1e050063	Vsa.Sim.DecodeTable.Batch10Part15
1e054e63	Vsa.Sim.DecodeTable.Batch10Part16
1e058863	Vsa.Sim.DecodeTable.Batch10Part16
1e069e63	Vsa.Sim.DecodeTable.Batch10Part16
1e071063	Vsa.Sim.DecodeTable.Batch10Part16
1e078063	Vsa.Sim.DecodeTable.Batch10Part16
1e090913	Vsa.Sim.DecodeTable.Batch10Part16
1e0f0263	Vsa.Sim.DecodeTable.Batch10Part16
1e80006f	Vsa.Sim.DecodeTable.Batch10Part16
1e8060ef	Vsa.Sim.DecodeTable.Batch10Part16
1e813983	Vsa.Sim.DecodeTable.Batch10Part16
1e813d83	Vsa.Sim.DecodeTable.Batch10Part16
1e90106f	Vsa.Sim.DecodeTable.Batch10Part16
1e913c23	Vsa.Sim.DecodeTable.Batch10Part16
1ea75063	Vsa.Sim.DecodeTable.Batch10Part16
1eb7e063	Vsa.Sim.DecodeTable.Batch10Part16
1ec54063	Vsa.Sim.DecodeTable.Batch10Part16
1ee5cc63	Vsa.Sim.DecodeTable.Batch10Part17
1ee64ae3	Vsa.Sim.DecodeTable.Batch10Part17
1f010613	Vsa.Sim.DecodeTable.Batch17
1f013903	Vsa.Sim.DecodeTable.Batch10Part17
1f013d03	Vsa.Sim.DecodeTable.Batch10Part17
1f213823	Vsa.Sim.DecodeTable.Batch10Part17
1f313423	Vsa.Sim.DecodeTable.Batch10Part17
1f40006f	Vsa.Sim.DecodeTable.Batch10Part17
1f413023	Vsa.Sim.DecodeTable.Batch10Part17
1f460613	Vsa.Sim.DecodeTable.Batch10Part17
1f5052e3	Vsa.Sim.DecodeTable.Batch10Part17
1f700793	Vsa.Sim.DecodeTable.Batch10Part17
1f813483	Vsa.Sim.DecodeTable.Batch10Part17
1f813c83	Vsa.Sim.DecodeTable.Batch10Part17
1f84b783	Vsa.Sim.DecodeTable.Batch10Part17
1f913c23	Vsa.Sim.DecodeTable.Batch10Part17
1fa13823	Vsa.Sim.DecodeTable.Batch10Part17
1fb13423	Vsa.Sim.DecodeTable.Batch10Part18
1ff00693	Vsa.Sim.DecodeTable.Batch10Part18
1ff00713	Vsa.Sim.DecodeTable.Batch10Part18
20000593	Vsa.Sim.DecodeTable.Batch10Part18
20013403	Vsa.Sim.DecodeTable.Batch10Part18
20013c03	Vsa.Sim.DecodeTable.Batch10Part18
20036313	Vsa.Sim.DecodeTable.Batch10Part18
20037313	Vsa.Sim.DecodeTable.Batch10Part18
20037513	Vsa.Sim.DecodeTable.Batch10Part18
20037613	Vsa.Sim.DecodeTable.Batch10Part18
20037693	Vsa.Sim.DecodeTable.Batch10Part18
20037713	Vsa.Sim.DecodeTable.Batch10Part18
20037793	Vsa.Sim.DecodeTable.Batch10Part18
20037f93	Vsa.Sim.DecodeTable.Batch10Part18
2004b783	Vsa.Sim.DecodeTable.Batch10Part18
20050c63	Vsa.Sim.DecodeTable.Batch10Part18
20050e63	Vsa.Sim.DecodeTable.Batch10Part19
20051463	Vsa.Sim.DecodeTable.Batch10Part19
20068e63	Vsa.Sim.DecodeTable.Batch10Part19
2006d663	Vsa.Sim.DecodeTable.Batch10Part19
2006f693	Vsa.Sim.DecodeTable.Batch10Part19
2006f713	Vsa.Sim.DecodeTable.Batch10Part19
20070c63	Vsa.Sim.DecodeTable.Batch10Part19
20077613	Vsa.Sim.DecodeTable.Batch10Part19
20077693	Vsa.Sim.DecodeTable.Batch10Part19
20077713	Vsa.Sim.DecodeTable.Batch10Part19
20078ce3	Vsa.Sim.DecodeTable.Batch10Part19
20079263	Vsa.Sim.DecodeTable.Batch10Part19
2007f693	Vsa.Sim.DecodeTable.Batch10Part19
2007f713	Vsa.Sim.DecodeTable.Batch10Part19
2007f793	Vsa.Sim.DecodeTable.Batch10Part19
200a6a13	Vsa.Sim.DecodeTable.Batch10Part19
200a7313	Vsa.Sim.DecodeTable.Batch10Part20
200a7693	Vsa.Sim.DecodeTable.Batch10Part20
200a7713	Vsa.Sim.DecodeTable.Batch10Part20
200a7e13	Vsa.Sim.DecodeTable.Batch10Part20
200c1463	Vsa.Sim.DecodeTable.Batch10Part20
200e7793	Vsa.Sim.DecodeTable.Batch10Part20
20113423	Vsa.Sim.DecodeTable.Batch10Part20
2040006f	Vsa.Sim.DecodeTable.Batch10Part20
20400737	Vsa.Sim.DecodeTable.Batch10Part20
2040106f	Vsa.Sim.DecodeTable.Batch10Part20
20813023	Vsa.Sim.DecodeTable.Batch10Part20
20813083	Vsa.Sim.DecodeTable.Batch10Part20
20813b83	Vsa.Sim.DecodeTable.Batch10Part20
20850513	Vsa.Sim.DecodeTable.Batch10Part20
20880813	Vsa.Sim.DecodeTable.Batch10Part20
20a7d063	Vsa.Sim.DecodeTable.Batch10Part20
20c000ef	Vsa.Sim.DecodeTable.Batch10Part21
20c060ef	Vsa.Sim.DecodeTable.Batch10Part21
20d060ef	Vsa.Sim.DecodeTable.Batch10Part21
20d5cce3	Vsa.Sim.DecodeTable.Batch10Part21
20f54063	Vsa.Sim.DecodeTable.Batch10Part21
20f6c2e3	Vsa.Sim.DecodeTable.Batch10Part21
20fe1463	Vsa.Sim.DecodeTable.Batch10Part21
210010ef	Vsa.Sim.DecodeTable.Batch10Part21
21010113	Vsa.Sim.DecodeTable.Batch10Part21
21013b03	Vsa.Sim.DecodeTable.Batch10Part21
211050ef	Vsa.Sim.DecodeTable.Batch10Part21
2140c0ef	Vsa.Sim.DecodeTable.Batch10Part21
214dea63	Vsa.Sim.DecodeTable.Batch10Part21
21513c23	Vsa.Sim.DecodeTable.Batch10Part21
2157e863	Vsa.Sim.DecodeTable.Batch10Part21
21613823	Vsa.Sim.DecodeTable.Batch10Part21
2167e063	Vsa.Sim.DecodeTable.Batch10Part22
21713423	Vsa.Sim.DecodeTable.Batch10Part22
2180006f	Vsa.Sim.DecodeTable.Batch10Part22
21813023	Vsa.Sim.DecodeTable.Batch10Part22
21813a83	Vsa.Sim.DecodeTable.Batch10Part22
21e79e63	Vsa.Sim.DecodeTable.Batch10Part22
22013a03	Vsa.Sim.DecodeTable.Batch10Part22
22042023	Vsa.Sim.DecodeTable.Batch10Part22
22051063	Vsa.Sim.DecodeTable.Batch10Part22
22060063	Vsa.Sim.DecodeTable.Batch10Part22
22068e63	Vsa.Sim.DecodeTable.Batch10Part22
22070a63	Vsa.Sim.DecodeTable.Batch10Part22
22078e63	Vsa.Sim.DecodeTable.Batch10Part22
220792e3	Vsa.Sim.DecodeTable.Batch10Part22
22079863	Vsa.Sim.DecodeTable.Batch10Part22
2207dc63	Vsa.Sim.DecodeTable.Batch10Part22
22088063	Vsa.Sim.DecodeTable.Batch10Part23
220e9663	Vsa.Sim.DecodeTable.Batch10Part23
2240006f	Vsa.Sim.DecodeTable.Batch10Part23
224070ef	Vsa.Sim.DecodeTable.Batch10Part23
2280d0ef	Vsa.Sim.DecodeTable.Batch10Part23
22813983	Vsa.Sim.DecodeTable.Batch10Part23
22913c23	Vsa.Sim.DecodeTable.Batch10Part23
22c76263	Vsa.Sim.DecodeTable.Batch10Part23
22cd3d03	Vsa.Sim.DecodeTable.Batch10Part23
22d030ef	Vsa.Sim.DecodeTable.Batch10Part23
22e78a63	Vsa.Sim.DecodeTable.Batch10Part23
23013903	Vsa.Sim.DecodeTable.Batch10Part23
23058463	Vsa.Sim.DecodeTable.Batch10Part23
23213823	Vsa.Sim.DecodeTable.Batch10Part23
2327c263	Vsa.Sim.DecodeTable.Batch10Part23
23313423	Vsa.Sim.DecodeTable.Batch10Part23
234010ef	Vsa.Sim.DecodeTable.Batch10Part24
23413023	Vsa.Sim.DecodeTable.Batch10Part24
234c52e3	Vsa.Sim.DecodeTable.Batch10Part24
23700593	Vsa.Sim.DecodeTable.Batch10Part24
238040ef	Vsa.Sim.DecodeTable.Batch10Part24
23813483	Vsa.Sim.DecodeTable.Batch10Part24
23c48493	Vsa.Sim.DecodeTable.Batch10Part24
24013403	Vsa.Sim.DecodeTable.Batch10Part24
24050263	Vsa.Sim.DecodeTable.Batch10Part24
240504e3	Vsa.Sim.DecodeTable.Batch10Part24
24054a63	Vsa.Sim.DecodeTable.Batch10Part24
24067513	Vsa.Sim.DecodeTable.Batch10Part24
24068693	Vsa.Sim.DecodeTable.Batch10Part24
24068c63	Vsa.Sim.DecodeTable.Batch10Part24
24069a63	Vsa.Sim.DecodeTable.Batch10Part24
24070263	Vsa.Sim.DecodeTable.Batch10Part24
24071ee3	Vsa.Sim.DecodeTable.Batch10Part25
2407de63	Vsa.Sim.DecodeTable.Batch10Part25
240b4ee3	Vsa.Sim.DecodeTable.Batch10Part25
240f1063	Vsa.Sim.DecodeTable.Batch10Part25
24113423	Vsa.Sim.DecodeTable.Batch10Part25
24500593	Vsa.Sim.DecodeTable.Batch10Part25
245070ef	Vsa.Sim.DecodeTable.Batch10Part25
24813023	Vsa.Sim.DecodeTable.Batch10Part25
24813083	Vsa.Sim.DecodeTable.Batch10Part25
24c040ef	Vsa.Sim.DecodeTable.Batch10Part25
24e04063	Vsa.Sim.DecodeTable.Batch10Part25
24e6ee63	Vsa.Sim.DecodeTable.Batch10Part25
24e79a63	Vsa.Sim.DecodeTable.Batch10Part25
24f6ee63	Vsa.Sim.DecodeTable.Batch10Part25
24fe0063	Vsa.Sim.DecodeTable.Batch10Part25
250000ef	Vsa.Sim.DecodeTable.Batch10Part25
25010113	Vsa.Sim.DecodeTable.Batch10Part26
253d0ce3	Vsa.Sim.DecodeTable.Batch10Part26
2546d663	Vsa.Sim.DecodeTable.Batch10Part26
256c5c63	Vsa.Sim.DecodeTable.Batch10Part26
258000ef	Vsa.Sim.DecodeTable.Batch10Part26
2580206f	Vsa.Sim.DecodeTable.Batch10Part26
2587c063	Vsa.Sim.DecodeTable.Batch10Part26
25c85c63	Vsa.Sim.DecodeTable.Batch10Part26
25d060ef	Vsa.Sim.DecodeTable.Batch10Part26
25e7d663	Vsa.Sim.DecodeTable.Batch10Part26
26050a63	Vsa.Sim.DecodeTable.Batch10Part26
26051ee3	Vsa.Sim.DecodeTable.Batch10Part26
26054463	Vsa.Sim.DecodeTable.Batch10Part26
26058863	Vsa.Sim.DecodeTable.Batch10Part26
260686e3	Vsa.Sim.DecodeTable.Batch10Part26
26069463	Vsa.Sim.DecodeTable.Batch10Part26
26070863	Vsa.Sim.DecodeTable.Batch10Part27
26070c63	Vsa.Sim.DecodeTable.Batch10Part27
26079a63	Vsa.Sim.DecodeTable.Batch10Part27
260a46e3	Vsa.Sim.DecodeTable.Batch10Part27
260b1063	Vsa.Sim.DecodeTable.Batch10Part27
260d1a63	Vsa.Sim.DecodeTable.Batch10Part27
261060ef	Vsa.Sim.DecodeTable.Batch10Part27
2640006f	Vsa.Sim.DecodeTable.Batch10Part27
264020ef	Vsa.Sim.DecodeTable.Batch10Part27
264040ef	Vsa.Sim.DecodeTable.Batch10Part27
2650d0ef	Vsa.Sim.DecodeTable.Batch10Part27
269010ef	Vsa.Sim.DecodeTable.Batch10Part27
26a78263	Vsa.Sim.DecodeTable.Batch10Part27
26c030ef	Vsa.Sim.DecodeTable.Batch10Part27
26c040ef	Vsa.Sim.DecodeTable.Batch10Part27
2700c0ef	Vsa.Sim.DecodeTable.Batch10Part27
27075c63	Vsa.Sim.DecodeTable.Batch10Part28
27100713	Vsa.Sim.DecodeTable.Batch10Part28
274000ef	Vsa.Sim.DecodeTable.Batch10Part28
274010ef	Vsa.Sim.DecodeTable.Batch10Part28
274c56e3	Vsa.Sim.DecodeTable.Batch10Part28
278030ef	Vsa.Sim.DecodeTable.Batch10Part28
279d8c63	Vsa.Sim.DecodeTable.Batch10Part28
28050463	Vsa.Sim.DecodeTable.Batch10Part28
28051c63	Vsa.Sim.DecodeTable.Batch10Part28
2806ca63	Vsa.Sim.DecodeTable.Batch10Part28
28070863	Vsa.Sim.DecodeTable.Batch10Part28
28070a63	Vsa.Sim.DecodeTable.Batch10Part28
28070c63	Vsa.Sim.DecodeTable.Batch10Part28
28077713	Vsa.Sim.DecodeTable.Batch10Part28
28079e63	Vsa.Sim.DecodeTable.Batch10Part28
2807c663	Vsa.Sim.DecodeTable.Batch10Part28
28099e63	Vsa.Sim.DecodeTable.Batch10Part29
280ad863	Vsa.Sim.DecodeTable.Batch10Part29
280cc063	Vsa.Sim.DecodeTable.Batch10Part29
284060ef	Vsa.Sim.DecodeTable.Batch10Part29
288020ef	Vsa.Sim.DecodeTable.Batch10Part29
28818493	Vsa.Sim.DecodeTable.Batch10Part29
28818813	Vsa.Sim.DecodeTable.Batch10Part29
289010ef	Vsa.Sim.DecodeTable.Batch10Part29
289020ef	Vsa.Sim.DecodeTable.Batch10Part29
289060ef	Vsa.Sim.DecodeTable.Batch10Part29
28c05463	Vsa.Sim.DecodeTable.Batch10Part29
28d0206f	Vsa.Sim.DecodeTable.Batch10Part29
28d66e63	Vsa.Sim.DecodeTable.Batch10Part29
28d70463	Vsa.Sim.DecodeTable.Batch10Part29
28e5cce3	Vsa.Sim.DecodeTable.Batch10Part29
28f8dc63	Vsa.Sim.DecodeTable.Batch10Part29
28fb0c63	Vsa.Sim.DecodeTable.Batch10Part30
290060ef	Vsa.Sim.DecodeTable.Batch10Part30
29460613	Vsa.Sim.DecodeTable.Batch10Part30
2947c0e3	Vsa.Sim.DecodeTable.Batch10Part30
295010ef	Vsa.Sim.DecodeTable.Batch10Part30
2950206f	Vsa.Sim.DecodeTable.Batch10Part30
298070ef	Vsa.Sim.DecodeTable.Batch10Part30
29853503	Vsa.Sim.DecodeTable.Batch10Part30
2987d663	Vsa.Sim.DecodeTable.Batch10Part30
29c000ef	Vsa.Sim.DecodeTable.Batch10Part30
29c010ef	Vsa.Sim.DecodeTable.Batch10Part30
29d5c663	Vsa.Sim.DecodeTable.Batch10Part30
2a0060ef	Vsa.Sim.DecodeTable.Batch10Part30
2a0516e3	Vsa.Sim.DecodeTable.Batch10Part30
2a060613	Vsa.Sim.DecodeTable.Batch10Part30
2a070063	Vsa.Sim.DecodeTable.Batch10Part30
2a07c4e3	Vsa.Sim.DecodeTable.Batch10Part31
2a080813	Vsa.Sim.DecodeTable.Batch10Part31
2a4010ef	Vsa.Sim.DecodeTable.Batch10Part31
2a4020ef	Vsa.Sim.DecodeTable.Batch10Part31
2a4060ef	Vsa.Sim.DecodeTable.Batch10Part31
2a5010ef	Vsa.Sim.DecodeTable.Batch10Part31
2a5030ef	Vsa.Sim.DecodeTable.Batch10Part31
2ad70863	Vsa.Sim.DecodeTable.Batch10Part31
2ae7d463	Vsa.Sim.DecodeTable.Batch10Part31
2b4060ef	Vsa.Sim.DecodeTable.Batch10Part31
2b6044e3	Vsa.Sim.DecodeTable.Batch10Part31
2b66d863	Vsa.Sim.DecodeTable.Batch10Part31
2b9040ef	Vsa.Sim.DecodeTable.Batch10Part31
2b9050ef	Vsa.Sim.DecodeTable.Batch10Part31
2bc0106f	Vsa.Sim.DecodeTable.Batch10Part31
2bd030ef	Vsa.Sim.DecodeTable.Batch10Part31
2c0010ef	Vsa.Sim.DecodeTable.Batch10Part32
2c050663	Vsa.Sim.DecodeTable.Batch10Part32
2c060863	Vsa.Sim.DecodeTable.Batch10Part32
2c068663	Vsa.Sim.DecodeTable.Batch10Part32
2c070863	Vsa.Sim.DecodeTable.Batch10Part32
2c070c63	Vsa.Sim.DecodeTable.Batch10Part32
2c078663	Vsa.Sim.DecodeTable.Batch10Part32
2c078a63	Vsa.Sim.DecodeTable.Batch10Part32
2c080863	Vsa.Sim.DecodeTable.Batch10Part32
2c0a4263	Vsa.Sim.DecodeTable.Batch10Part32
2c0b8863	Vsa.Sim.DecodeTable.Batch10Part32
2c0f0263	Vsa.Sim.DecodeTable.Batch10Part32
2c85b583	Vsa.Sim.DecodeTable.Batch10Part32
2cc7c063	Vsa.Sim.DecodeTable.Batch10Part32
2cc7e263	Vsa.Sim.DecodeTable.Batch10Part32
2ce794e3	Vsa.Sim.DecodeTable.Batch10Part32
2cec04e3	Vsa.Sim.DecodeTable.Batch11Part01
2d00106f	Vsa.Sim.DecodeTable.Batch11Part01
2d4000ef	Vsa.Sim.DecodeTable.Batch11Part01
2d4010ef	Vsa.Sim.DecodeTable.Batch11Part01
2d5010ef	Vsa.Sim.DecodeTable.Batch11Part01
2d50b0ef	Vsa.Sim.DecodeTable.Batch11Part01
2d67c8e3	Vsa.Sim.DecodeTable.Batch11Part01
2d67eee3	Vsa.Sim.DecodeTable.Batch11Part01
2d80c0ef	Vsa.Sim.DecodeTable.Batch11Part01
2dc0106f	Vsa.Sim.DecodeTable.Batch11Part01
2e0000ef	Vsa.Sim.DecodeTable.Batch11Part01
2e059663	Vsa.Sim.DecodeTable.Batch11Part01
2e0700e3	Vsa.Sim.DecodeTable.Batch11Part01
2e078c63	Vsa.Sim.DecodeTable.Batch11Part01
2e07c263	Vsa.Sim.DecodeTable.Batch11Part01
2e07de63	Vsa.Sim.DecodeTable.Batch11Part01
2e113c23	Vsa.Sim.DecodeTable.Batch17
2e40206f	Vsa.Sim.DecodeTable.Batch11Part02
2e470713	Vsa.Sim.DecodeTable.Batch11Part02
2e80106f	Vsa.Sim.DecodeTable.Batch11Part02
2e80f0ef	Vsa.Sim.DecodeTable.Batch11Part02
2e813823	Vsa.Sim.DecodeTable.Batch17
2e873703	Vsa.Sim.DecodeTable.Batch11Part02
2e87a783	Vsa.Sim.DecodeTable.Batch11Part02
2e880813	Vsa.Sim.DecodeTable.Batch11Part02
2ec0106f	Vsa.Sim.DecodeTable.Batch11Part02
2ec070ef	Vsa.Sim.DecodeTable.Batch11Part02
2ec76663	Vsa.Sim.DecodeTable.Batch11Part02
2ec7d063	Vsa.Sim.DecodeTable.Batch11Part02
2ee78c63	Vsa.Sim.DecodeTable.Batch11Part02
2ef00593	Vsa.Sim.DecodeTable.Batch11Part02
2f013403	Vsa.Sim.DecodeTable.Batch17
2f10106f	Vsa.Sim.DecodeTable.Batch11Part02
2f4010ef	Vsa.Sim.DecodeTable.Batch11Part02
2f80106f	Vsa.Sim.DecodeTable.Batch11Part02
2f813083	Vsa.Sim.DecodeTable.Batch17
2fd010ef	Vsa.Sim.DecodeTable.Batch11Part03
2fd78863	Vsa.Sim.DecodeTable.Batch11Part03
300010ef	Vsa.Sim.DecodeTable.Batch11Part03
300060ef	Vsa.Sim.DecodeTable.Batch11Part03
30010113	Vsa.Sim.DecodeTable.Batch17
30050c63	Vsa.Sim.DecodeTable.Batch11Part03
30068263	Vsa.Sim.DecodeTable.Batch11Part03
30068863	Vsa.Sim.DecodeTable.Batch11Part03
30068e63	Vsa.Sim.DecodeTable.Batch11Part03
3010206f	Vsa.Sim.DecodeTable.Batch11Part03
308050ef	Vsa.Sim.DecodeTable.Batch11Part03
30850513	Vsa.Sim.DecodeTable.Batch11Part03
30c76a63	Vsa.Sim.DecodeTable.Batch11Part03
30d000ef	Vsa.Sim.DecodeTable.Batch11Part03
30d0206f	Vsa.Sim.DecodeTable.Batch11Part03
30d080ef	Vsa.Sim.DecodeTable.Batch11Part03
30f00593	Vsa.Sim.DecodeTable.Batch11Part03
30f74863	Vsa.Sim.DecodeTable.Batch11Part04
30fb02e3	Vsa.Sim.DecodeTable.Batch11Part04
310030ef	Vsa.Sim.DecodeTable.Batch11Part04
3105c463	Vsa.Sim.DecodeTable.Batch11Part04
31075463	Vsa.Sim.DecodeTable.Batch11Part04
31092783	Vsa.Sim.DecodeTable.Batch11Part04
314010ef	Vsa.Sim.DecodeTable.Batch17
31492783	Vsa.Sim.DecodeTable.Batch11Part04
315000ef	Vsa.Sim.DecodeTable.Batch11Part04
315060ef	Vsa.Sim.DecodeTable.Batch11Part04
31c000ef	Vsa.Sim.DecodeTable.Batch11Part04
3200106f	Vsa.Sim.DecodeTable.Batch11Part04
32050ee3	Vsa.Sim.DecodeTable.Batch11Part04
32051ae3	Vsa.Sim.DecodeTable.Batch11Part04
32060663	Vsa.Sim.DecodeTable.Batch11Part04
32068ae3	Vsa.Sim.DecodeTable.Batch11Part04
3206ce63	Vsa.Sim.DecodeTable.Batch11Part04
32070ee3	Vsa.Sim.DecodeTable.Batch11Part05
32078e63	Vsa.Sim.DecodeTable.Batch11Part05
320a0a13	Vsa.Sim.DecodeTable.Batch11Part05
320c0863	Vsa.Sim.DecodeTable.Batch11Part05
3280f0ef	Vsa.Sim.DecodeTable.Batch11Part05
328d5ae3	Vsa.Sim.DecodeTable.Batch11Part05
329060ef	Vsa.Sim.DecodeTable.Batch11Part05
32be4a63	Vsa.Sim.DecodeTable.Batch11Part05
32c710e3	Vsa.Sim.DecodeTable.Batch11Part05
32d30a63	Vsa.Sim.DecodeTable.Batch11Part05
32e686e3	Vsa.Sim.DecodeTable.Batch11Part05
32e880e3	Vsa.Sim.DecodeTable.Batch11Part05
32f6d463	Vsa.Sim.DecodeTable.Batch11Part05
32fc02e3	Vsa.Sim.DecodeTable.Batch11Part05
330020ef	Vsa.Sim.DecodeTable.Batch11Part05
330c8c93	Vsa.Sim.DecodeTable.Batch11Part05
331060ef	Vsa.Sim.DecodeTable.Batch11Part06
331070ef	Vsa.Sim.DecodeTable.Batch11Part06
3340106f	Vsa.Sim.DecodeTable.Batch11Part06
335020ef	Vsa.Sim.DecodeTable.Batch11Part06
33880813	Vsa.Sim.DecodeTable.Batch11Part06
339050ef	Vsa.Sim.DecodeTable.Batch11Part06
33c070ef	Vsa.Sim.DecodeTable.Batch11Part06
33f75463	Vsa.Sim.DecodeTable.Batch11Part06
3400106f	Vsa.Sim.DecodeTable.Batch11Part06
340030ef	Vsa.Sim.DecodeTable.Batch11Part06
340060ef	Vsa.Sim.DecodeTable.Batch11Part06
3400a0ef	Vsa.Sim.DecodeTable.Batch11Part06
34031063	Vsa.Sim.DecodeTable.Batch11Part06
34060063	Vsa.Sim.DecodeTable.Batch11Part06
34061e63	Vsa.Sim.DecodeTable.Batch11Part06
34065a63	Vsa.Sim.DecodeTable.Batch11Part06
340680e3	Vsa.Sim.DecodeTable.Batch11Part07
34068e63	Vsa.Sim.DecodeTable.Batch11Part07
34070263	Vsa.Sim.DecodeTable.Batch11Part07
34079063	Vsa.Sim.DecodeTable.Batch11Part07
34080c63	Vsa.Sim.DecodeTable.Batch11Part07
340d8c63	Vsa.Sim.DecodeTable.Batch11Part07
341010ef	Vsa.Sim.DecodeTable.Batch11Part07
3440f0ef	Vsa.Sim.DecodeTable.Batch11Part07
345000ef	Vsa.Sim.DecodeTable.Batch11Part07
3466e663	Vsa.Sim.DecodeTable.Batch11Part07
3480106f	Vsa.Sim.DecodeTable.Batch11Part07
34c0106f	Vsa.Sim.DecodeTable.Batch11Part07
34c020ef	Vsa.Sim.DecodeTable.Batch11Part07
34c56463	Vsa.Sim.DecodeTable.Batch11Part07
34d060ef	Vsa.Sim.DecodeTable.Batch11Part07
34d50a63	Vsa.Sim.DecodeTable.Batch11Part07
34f48a63	Vsa.Sim.DecodeTable.Batch11Part08
34fb0463	Vsa.Sim.DecodeTable.Batch11Part08
3517d463	Vsa.Sim.DecodeTable.Batch11Part08
354d8d93	Vsa.Sim.DecodeTable.Batch11Part08
3590306f	Vsa.Sim.DecodeTable.Batch11Part08
35904e63	Vsa.Sim.DecodeTable.Batch11Part08
359784e3	Vsa.Sim.DecodeTable.Batch11Part08
35d030ef	Vsa.Sim.DecodeTable.Batch11Part08
360514e3	Vsa.Sim.DecodeTable.Batch11Part08
36051663	Vsa.Sim.DecodeTable.Batch11Part08
36070463	Vsa.Sim.DecodeTable.Batch11Part08
36074ee3	Vsa.Sim.DecodeTable.Batch11Part08
36079e63	Vsa.Sim.DecodeTable.Batch11Part08
360a1a63	Vsa.Sim.DecodeTable.Batch11Part08
3610f0ef	Vsa.Sim.DecodeTable.Batch11Part08
364010ef	Vsa.Sim.DecodeTable.Batch11Part08
368070ef	Vsa.Sim.DecodeTable.Batch11Part09
3681b783	Vsa.Sim.DecodeTable.Batch11Part09
3685b583	Vsa.Sim.DecodeTable.Batch11Part09
369040ef	Vsa.Sim.DecodeTable.Batch11Part09
36c0106f	Vsa.Sim.DecodeTable.Batch11Part09
36c010ef	Vsa.Sim.DecodeTable.Batch11Part09
36d020ef	Vsa.Sim.DecodeTable.Batch11Part09
36e40c63	Vsa.Sim.DecodeTable.Batch11Part09
3740106f	Vsa.Sim.DecodeTable.Batch11Part09
375010ef	Vsa.Sim.DecodeTable.Batch11Part09
3750306f	Vsa.Sim.DecodeTable.Batch11Part09
376782e3	Vsa.Sim.DecodeTable.Batch11Part09
3790106f	Vsa.Sim.DecodeTable.Batch11Part09
37c080ef	Vsa.Sim.DecodeTable.Batch11Part09
37cc8c93	Vsa.Sim.DecodeTable.Batch11Part09
38050663	Vsa.Sim.DecodeTable.Batch11Part09
380686e3	Vsa.Sim.DecodeTable.Batch11Part10
38070663	Vsa.Sim.DecodeTable.Batch11Part10
38078263	Vsa.Sim.DecodeTable.Batch11Part10
380786e3	Vsa.Sim.DecodeTable.Batch11Part10
3807cc63	Vsa.Sim.DecodeTable.Batch11Part10
385050ef	Vsa.Sim.DecodeTable.Batch11Part10
388030ef	Vsa.Sim.DecodeTable.Batch11Part10
38818513	Vsa.Sim.DecodeTable.Batch11Part10
3887d263	Vsa.Sim.DecodeTable.Batch11Part10
38c58593	Vsa.Sim.DecodeTable.Batch11Part10
38d010ef	Vsa.Sim.DecodeTable.Batch17
38e41063	Vsa.Sim.DecodeTable.Batch11Part10
38e5c263	Vsa.Sim.DecodeTable.Batch11Part10
38f68263	Vsa.Sim.DecodeTable.Batch11Part10
398010ef	Vsa.Sim.DecodeTable.Batch11Part10
3990206f	Vsa.Sim.DecodeTable.Batch11Part10
39c0f0ef	Vsa.Sim.DecodeTable.Batch11Part10
3a050663	Vsa.Sim.DecodeTable.Batch11Part11
3a051063	Vsa.Sim.DecodeTable.Batch11Part11
3a060e63	Vsa.Sim.DecodeTable.Batch11Part11
3a0686e3	Vsa.Sim.DecodeTable.Batch11Part11
3a068863	Vsa.Sim.DecodeTable.Batch11Part11
3a068c63	Vsa.Sim.DecodeTable.Batch11Part11
3a675c63	Vsa.Sim.DecodeTable.Batch11Part11
3a90e0ef	Vsa.Sim.DecodeTable.Batch11Part11
3ad010ef	Vsa.Sim.DecodeTable.Batch17
3ad0206f	Vsa.Sim.DecodeTable.Batch11Part11
3ad74663	Vsa.Sim.DecodeTable.Batch11Part11
3ad75463	Vsa.Sim.DecodeTable.Batch11Part11
3adb4663	Vsa.Sim.DecodeTable.Batch11Part11
3af48a63	Vsa.Sim.DecodeTable.Batch11Part11
3af6c063	Vsa.Sim.DecodeTable.Batch11Part11
3af70a63	Vsa.Sim.DecodeTable.Batch11Part11
3b1010ef	Vsa.Sim.DecodeTable.Batch11Part11
3b1060ef	Vsa.Sim.DecodeTable.Batch11Part12
3b40106f	Vsa.Sim.DecodeTable.Batch11Part12
3b4010ef	Vsa.Sim.DecodeTable.Batch11Part12
3b67e6e3	Vsa.Sim.DecodeTable.Batch11Part12
3b80106f	Vsa.Sim.DecodeTable.Batch11Part12
3b8060ef	Vsa.Sim.DecodeTable.Batch11Part12
3b9070ef	Vsa.Sim.DecodeTable.Batch11Part12
3c00106f	Vsa.Sim.DecodeTable.Batch11Part12
3c030063	Vsa.Sim.DecodeTable.Batch11Part12
3c0458e3	Vsa.Sim.DecodeTable.Batch11Part12
3c050263	Vsa.Sim.DecodeTable.Batch11Part12
3c051c63	Vsa.Sim.DecodeTable.Batch11Part12
3c060863	Vsa.Sim.DecodeTable.Batch11Part12
3c0684e3	Vsa.Sim.DecodeTable.Batch11Part12
3c068693	Vsa.Sim.DecodeTable.Batch11Part12
3c068863	Vsa.Sim.DecodeTable.Batch11Part12
3c070263	Vsa.Sim.DecodeTable.Batch11Part13
3c0710e3	Vsa.Sim.DecodeTable.Batch11Part13
3c0f0463	Vsa.Sim.DecodeTable.Batch11Part13
3c1000ef	Vsa.Sim.DecodeTable.Batch11Part13
3c1010ef	Vsa.Sim.DecodeTable.Batch11Part13
3c1050ef	Vsa.Sim.DecodeTable.Batch11Part13
3c4010ef	Vsa.Sim.DecodeTable.Batch11Part13
3c8030ef	Vsa.Sim.DecodeTable.Batch11Part13
3cd7de63	Vsa.Sim.DecodeTable.Batch11Part13
3ce412e3	Vsa.Sim.DecodeTable.Batch11Part13
3ce608e3	Vsa.Sim.DecodeTable.Batch11Part13
3cf41063	Vsa.Sim.DecodeTable.Batch11Part13
3cf5d663	Vsa.Sim.DecodeTable.Batch11Part13
3d051a63	Vsa.Sim.DecodeTable.Batch11Part13
3d070793	Vsa.Sim.DecodeTable.Batch11Part13
3d4060ef	Vsa.Sim.DecodeTable.Batch11Part13
3d67d063	Vsa.Sim.DecodeTable.Batch11Part14
3d9020ef	Vsa.Sim.DecodeTable.Batch11Part14
3db044e3	Vsa.Sim.DecodeTable.Batch11Part14
3dc0b0ef	Vsa.Sim.DecodeTable.Batch11Part14
3dd080ef	Vsa.Sim.DecodeTable.Batch11Part14
3e00206f	Vsa.Sim.DecodeTable.Batch11Part14
3e0502e3	Vsa.Sim.DecodeTable.Batch11Part14
3e068e63	Vsa.Sim.DecodeTable.Batch11Part14
3e078ce3	Vsa.Sim.DecodeTable.Batch11Part14
3e088463	Vsa.Sim.DecodeTable.Batch11Part14
3e0e14e3	Vsa.Sim.DecodeTable.Batch11Part14
3e10106f	Vsa.Sim.DecodeTable.Batch11Part14
3e1010ef	Vsa.Sim.DecodeTable.Batch11Part14
3e40106f	Vsa.Sim.DecodeTable.Batch11Part14
3e6e67b7	Vsa.Sim.DecodeTable.Batch11Part14
3e800613	Vsa.Sim.DecodeTable.Batch11Part14
3e8040ef	Vsa.Sim.DecodeTable.Batch11Part15
3e81c503	Vsa.Sim.DecodeTable.Batch11Part15
3e858593	Vsa.Sim.DecodeTable.Batch11Part15
3ec070ef	Vsa.Sim.DecodeTable.Batch11Part15
3ef76a63	Vsa.Sim.DecodeTable.Batch11Part15
3f1000ef	Vsa.Sim.DecodeTable.Batch11Part15
3f1040ef	Vsa.Sim.DecodeTable.Batch11Part15
3f1050ef	Vsa.Sim.DecodeTable.Batch11Part15
3f713c23	Vsa.Sim.DecodeTable.Batch11Part15
3f8070ef	Vsa.Sim.DecodeTable.Batch11Part15
3f813b83	Vsa.Sim.DecodeTable.Batch11Part15
3f858593	Vsa.Sim.DecodeTable.Batch11Part15
3f860613	Vsa.Sim.DecodeTable.Batch11Part15
3f9020ef	Vsa.Sim.DecodeTable.Batch11Part15
3f9030ef	Vsa.Sim.DecodeTable.Batch11Part15
3fd010ef	Vsa.Sim.DecodeTable.Batch11Part15
3fd0206f	Vsa.Sim.DecodeTable.Batch11Part16
3fe00637	Vsa.Sim.DecodeTable.Batch11Part16
3fe00693	Vsa.Sim.DecodeTable.Batch11Part16
3ff00737	Vsa.Sim.DecodeTable.Batch11Part16
3ff054e3	Vsa.Sim.DecodeTable.Batch11Part16
3ff60593	Vsa.Sim.DecodeTable.Batch11Part16
3ff70613	Vsa.Sim.DecodeTable.Batch11Part16
40000513	Vsa.Sim.DecodeTable.Batch11Part16
40000593	Vsa.Sim.DecodeTable.Batch11Part16
40000693	Vsa.Sim.DecodeTable.Batch11Part16
400006b7	Vsa.Sim.DecodeTable.Batch11Part16
40000713	Vsa.Sim.DecodeTable.Batch11Part16
40000737	Vsa.Sim.DecodeTable.Batch11Part16
400010ef	Vsa.Sim.DecodeTable.Batch11Part16
40013b03	Vsa.Sim.DecodeTable.Batch11Part16
40036313	Vsa.Sim.DecodeTable.Batch11Part16
40037313	Vsa.Sim.DecodeTable.Batch11Part17
40037713	Vsa.Sim.DecodeTable.Batch11Part17
40037b13	Vsa.Sim.DecodeTable.Batch11Part17
40037d93	Vsa.Sim.DecodeTable.Batch11Part17
40060593	Vsa.Sim.DecodeTable.Batch11Part17
40068693	Vsa.Sim.DecodeTable.Batch11Part17
4006f693	Vsa.Sim.DecodeTable.Batch11Part17
40070613	Vsa.Sim.DecodeTable.Batch11Part17
40077713	Vsa.Sim.DecodeTable.Batch11Part17
40078063	Vsa.Sim.DecodeTable.Batch11Part17
40078863	Vsa.Sim.DecodeTable.Batch11Part17
400a6a13	Vsa.Sim.DecodeTable.Batch11Part17
400d0063	Vsa.Sim.DecodeTable.Batch11Part17
400e7693	Vsa.Sim.DecodeTable.Batch11Part17
400e7a13	Vsa.Sim.DecodeTable.Batch11Part17
400e7e13	Vsa.Sim.DecodeTable.Batch11Part17
4014541b	Vsa.Sim.DecodeTable.Batch11Part18
4014d49b	Vsa.Sim.DecodeTable.Batch11Part18
4019591b	Vsa.Sim.DecodeTable.Batch11Part18
401a5a1b	Vsa.Sim.DecodeTable.Batch11Part18
4023531b	Vsa.Sim.DecodeTable.Batch11Part18
4024541b	Vsa.Sim.DecodeTable.Batch11Part18
4026561b	Vsa.Sim.DecodeTable.Batch11Part18
4027d61b	Vsa.Sim.DecodeTable.Batch11Part18
4028d79b	Vsa.Sim.DecodeTable.Batch11Part18
404010ef	Vsa.Sim.DecodeTable.Batch17
404020ef	Vsa.Sim.DecodeTable.Batch11Part18
404a579b	Vsa.Sim.DecodeTable.Batch11Part18
404ada1b	Vsa.Sim.DecodeTable.Batch11Part18
405020ef	Vsa.Sim.DecodeTable.Batch11Part18
405030ef	Vsa.Sim.DecodeTable.Batch11Part18
40538e33	Vsa.Sim.DecodeTable.Batch11Part18
40565a1b	Vsa.Sim.DecodeTable.Batch11Part18
40650b3b	Vsa.Sim.DecodeTable.Batch11Part19
40657063	Vsa.Sim.DecodeTable.Batch11Part19
40660333	Vsa.Sim.DecodeTable.Batch11Part19
406686bb	Vsa.Sim.DecodeTable.Batch11Part19
40670733	Vsa.Sim.DecodeTable.Batch11Part19
4080043b	Vsa.Sim.DecodeTable.Batch11Part19
408005b3	Vsa.Sim.DecodeTable.Batch11Part19
40813a83	Vsa.Sim.DecodeTable.Batch11Part19
40848433	Vsa.Sim.DecodeTable.Batch11Part19
408484b3	Vsa.Sim.DecodeTable.Batch11Part19
40878433	Vsa.Sim.DecodeTable.Batch11Part19
408787b3	Vsa.Sim.DecodeTable.Batch11Part19
40880833	Vsa.Sim.DecodeTable.Batch11Part19
4097063b	Vsa.Sim.DecodeTable.Batch11Part19
4097073b	Vsa.Sim.DecodeTable.Batch11Part19
40a00533	Vsa.Sim.DecodeTable.Batch11Part19
40a0073b	Vsa.Sim.DecodeTable.Batch11Part20
40a00f3b	Vsa.Sim.DecodeTable.Batch11Part20
40a05e63	Vsa.Sim.DecodeTable.Batch11Part20
40a484bb	Vsa.Sim.DecodeTable.Batch11Part20
40a68533	Vsa.Sim.DecodeTable.Batch11Part20
40a6853b	Vsa.Sim.DecodeTable.Batch11Part20
40a686b3	Vsa.Sim.DecodeTable.Batch11Part20
40a686bb	Vsa.Sim.DecodeTable.Batch11Part20
40a7053b	Vsa.Sim.DecodeTable.Batch11Part20
40a706b3	Vsa.Sim.DecodeTable.Batch11Part20
40a70733	Vsa.Sim.DecodeTable.Batch11Part20
40a7853b	Vsa.Sim.DecodeTable.Batch11Part20
40a78633	Vsa.Sim.DecodeTable.Batch11Part20
40a787b3	Vsa.Sim.DecodeTable.Batch11Part20
40a787bb	Vsa.Sim.DecodeTable.Batch11Part20
40a80cbb	Vsa.Sim.DecodeTable.Batch11Part20
40a88b3b	Vsa.Sim.DecodeTable.Batch11Part21
40a906bb	Vsa.Sim.DecodeTable.Batch11Part21
40a90933	Vsa.Sim.DecodeTable.Batch11Part21
40ae0e3b	Vsa.Sim.DecodeTable.Batch11Part21
40af06b3	Vsa.Sim.DecodeTable.Batch11Part21
40b00533	Vsa.Sim.DecodeTable.Batch11Part21
40b005b3	Vsa.Sim.DecodeTable.Batch11Part21
40b00a3b	Vsa.Sim.DecodeTable.Batch11Part21
40b00b3b	Vsa.Sim.DecodeTable.Batch11Part21
40b50533	Vsa.Sim.DecodeTable.Batch11Part21
40b686bb	Vsa.Sim.DecodeTable.Batch11Part21
40b7073b	Vsa.Sim.DecodeTable.Batch11Part21
40b787b3	Vsa.Sim.DecodeTable.Batch11Part21
40be8ebb	Vsa.Sim.DecodeTable.Batch11Part21
40c0063b	Vsa.Sim.DecodeTable.Batch11Part21
40c3033b	Vsa.Sim.DecodeTable.Batch11Part21
40c306b3	Vsa.Sim.DecodeTable.Batch11Part22
40c4d693	Vsa.Sim.DecodeTable.Batch11Part22
40c585b3	Vsa.Sim.DecodeTable.Batch11Part22
40c5b583	Vsa.Sim.DecodeTable.Batch11Part22
40c686bb	Vsa.Sim.DecodeTable.Batch11Part22
40c7073b	Vsa.Sim.DecodeTable.Batch11Part22
40c784bb	Vsa.Sim.DecodeTable.Batch11Part22
40ce0633	Vsa.Sim.DecodeTable.Batch11Part22
40d000ef	Vsa.Sim.DecodeTable.Batch11Part22
40d50533	Vsa.Sim.DecodeTable.Batch11Part22
40d586bb	Vsa.Sim.DecodeTable.Batch11Part22
40d60533	Vsa.Sim.DecodeTable.Batch11Part22
40d60633	Vsa.Sim.DecodeTable.Batch11Part22
40d7073b	Vsa.Sim.DecodeTable.Batch11Part22
40d707bb	Vsa.Sim.DecodeTable.Batch11Part22
40d7853b	Vsa.Sim.DecodeTable.Batch11Part22
40d787bb	Vsa.Sim.DecodeTable.Batch11Part23
40db0b3b	Vsa.Sim.DecodeTable.Batch11Part23
40df0633	Vsa.Sim.DecodeTable.Batch11Part23
40df06b3	Vsa.Sim.DecodeTable.Batch11Part23
40df0733	Vsa.Sim.DecodeTable.Batch11Part23
40e0053b	Vsa.Sim.DecodeTable.Batch11Part23
40e00733	Vsa.Sim.DecodeTable.Batch11Part23
40e3033b	Vsa.Sim.DecodeTable.Batch11Part23
40e306b3	Vsa.Sim.DecodeTable.Batch11Part23
40e507b3	Vsa.Sim.DecodeTable.Batch11Part23
40e50b3b	Vsa.Sim.DecodeTable.Batch11Part23
40e5873b	Vsa.Sim.DecodeTable.Batch11Part23
40e605b3	Vsa.Sim.DecodeTable.Batch11Part23
40e60633	Vsa.Sim.DecodeTable.Batch11Part23
40e606b3	Vsa.Sim.DecodeTable.Batch11Part23
40e68633	Vsa.Sim.DecodeTable.Batch11Part23
40e686b3	Vsa.Sim.DecodeTable.Batch11Part24
40e68b3b	Vsa.Sim.DecodeTable.Batch11Part24
40e7873b	Vsa.Sim.DecodeTable.Batch11Part24
40e787b3	Vsa.Sim.DecodeTable.Batch11Part24
40e787bb	Vsa.Sim.DecodeTable.Batch11Part24
40ea0a3b	Vsa.Sim.DecodeTable.Batch11Part24
40eb0b3b	Vsa.Sim.DecodeTable.Batch11Part24
40ee0e33	Vsa.Sim.DecodeTable.Batch11Part24
40ee8b3b	Vsa.Sim.DecodeTable.Batch11Part24
40ee8d3b	Vsa.Sim.DecodeTable.Batch11Part24
40ee8dbb	Vsa.Sim.DecodeTable.Batch11Part24
40ef8fbb	Vsa.Sim.DecodeTable.Batch11Part24
40f484b3	Vsa.Sim.DecodeTable.Batch17
40f50533	Vsa.Sim.DecodeTable.Batch11Part24
40f5053b	Vsa.Sim.DecodeTable.Batch11Part24
40f50ebb	Vsa.Sim.DecodeTable.Batch11Part24
40f60633	Vsa.Sim.DecodeTable.Batch11Part24
40f607bb	Vsa.Sim.DecodeTable.Batch11Part25
40f686b3	Vsa.Sim.DecodeTable.Batch11Part25
40f686bb	Vsa.Sim.DecodeTable.Batch11Part25
40f687bb	Vsa.Sim.DecodeTable.Batch11Part25
40f70063	Vsa.Sim.DecodeTable.Batch11Part25
40f70533	Vsa.Sim.DecodeTable.Batch11Part25
40f705bb	Vsa.Sim.DecodeTable.Batch11Part25
40f70733	Vsa.Sim.DecodeTable.Batch11Part25
40f7073b	Vsa.Sim.DecodeTable.Batch11Part25
40f707bb	Vsa.Sim.DecodeTable.Batch11Part25
40f80733	Vsa.Sim.DecodeTable.Batch11Part25
40f888bb	Vsa.Sim.DecodeTable.Batch11Part25
40f88ae3	Vsa.Sim.DecodeTable.Batch11Part25
40fb0c3b	Vsa.Sim.DecodeTable.Batch11Part25
40fb8bbb	Vsa.Sim.DecodeTable.Batch11Part25
40fc02e3	Vsa.Sim.DecodeTable.Batch11Part25
40fc8433	Vsa.Sim.DecodeTable.Batch11Part26
40fd0b33	Vsa.Sim.DecodeTable.Batch11Part26
40fd0c33	Vsa.Sim.DecodeTable.Batch11Part26
4100053b	Vsa.Sim.DecodeTable.Batch11Part26
4100073b	Vsa.Sim.DecodeTable.Batch11Part26
410010ef	Vsa.Sim.DecodeTable.Batch11Part26
41013a03	Vsa.Sim.DecodeTable.Batch11Part26
4104883b	Vsa.Sim.DecodeTable.Batch11Part26
41051c63	Vsa.Sim.DecodeTable.Batch11Part26
4106063b	Vsa.Sim.DecodeTable.Batch11Part26
41070733	Vsa.Sim.DecodeTable.Batch11Part26
4107559b	Vsa.Sim.DecodeTable.Batch11Part26
4107571b	Vsa.Sim.DecodeTable.Batch11Part26
4107579b	Vsa.Sim.DecodeTable.Batch11Part26
41075d9b	Vsa.Sim.DecodeTable.Batch11Part26
4107d59b	Vsa.Sim.DecodeTable.Batch11Part26
4107d69b	Vsa.Sim.DecodeTable.Batch11Part27
4107d79b	Vsa.Sim.DecodeTable.Batch11Part27
410b5b1b	Vsa.Sim.DecodeTable.Batch11Part27
410d5d1b	Vsa.Sim.DecodeTable.Batch11Part27
410e073b	Vsa.Sim.DecodeTable.Batch11Part27
410e0a3b	Vsa.Sim.DecodeTable.Batch11Part27
410e0ebb	Vsa.Sim.DecodeTable.Batch11Part27
411006b3	Vsa.Sim.DecodeTable.Batch11Part27
41150833	Vsa.Sim.DecodeTable.Batch11Part27
411686b3	Vsa.Sim.DecodeTable.Batch11Part27
411985b3	Vsa.Sim.DecodeTable.Batch11Part27
412484bb	Vsa.Sim.DecodeTable.Batch11Part27
41270733	Vsa.Sim.DecodeTable.Batch11Part27
4127073b	Vsa.Sim.DecodeTable.Batch11Part27
412787b3	Vsa.Sim.DecodeTable.Batch11Part27
4129879b	Vsa.Sim.DecodeTable.Batch11Part27
412989b3	Vsa.Sim.DecodeTable.Batch11Part28
412b8bb3	Vsa.Sim.DecodeTable.Batch11Part28
41313c23	Vsa.Sim.DecodeTable.Batch11Part28
41370733	Vsa.Sim.DecodeTable.Batch11Part28
4137073b	Vsa.Sim.DecodeTable.Batch11Part28
413787bb	Vsa.Sim.DecodeTable.Batch11Part28
413b89bb	Vsa.Sim.DecodeTable.Batch11Part28
413b8bbb	Vsa.Sim.DecodeTable.Batch11Part28
413c0c3b	Vsa.Sim.DecodeTable.Batch11Part28
41413823	Vsa.Sim.DecodeTable.Batch11Part28
41470733	Vsa.Sim.DecodeTable.Batch11Part28
4147073b	Vsa.Sim.DecodeTable.Batch11Part28
41470a3b	Vsa.Sim.DecodeTable.Batch11Part28
4147571b	Vsa.Sim.DecodeTable.Batch11Part28
41478a3b	Vsa.Sim.DecodeTable.Batch11Part28
4147e6e3	Vsa.Sim.DecodeTable.Batch11Part28
414c8c93	Vsa.Sim.DecodeTable.Batch11Part29
414d8b3b	Vsa.Sim.DecodeTable.Batch11Part29
414f8a3b	Vsa.Sim.DecodeTable.Batch11Part29
415000ef	Vsa.Sim.DecodeTable.Batch11Part29
415007bb	Vsa.Sim.DecodeTable.Batch11Part29
41500a3b	Vsa.Sim.DecodeTable.Batch11Part29
41513423	Vsa.Sim.DecodeTable.Batch11Part29
415787bb	Vsa.Sim.DecodeTable.Batch11Part29
41600b33	Vsa.Sim.DecodeTable.Batch11Part29
41613023	Vsa.Sim.DecodeTable.Batch11Part29
41630b3b	Vsa.Sim.DecodeTable.Batch11Part29
41668b3b	Vsa.Sim.DecodeTable.Batch11Part29
4167073b	Vsa.Sim.DecodeTable.Batch11Part29
41678b3b	Vsa.Sim.DecodeTable.Batch11Part29
416a0a3b	Vsa.Sim.DecodeTable.Batch11Part29
417686bb	Vsa.Sim.DecodeTable.Batch11Part29
41790bbb	Vsa.Sim.DecodeTable.Batch11Part30
418010ef	Vsa.Sim.DecodeTable.Batch11Part30
41813983	Vsa.Sim.DecodeTable.Batch11Part30
41840733	Vsa.Sim.DecodeTable.Batch11Part30
4187571b	Vsa.Sim.DecodeTable.Batch11Part30
418b5b1b	Vsa.Sim.DecodeTable.Batch11Part30
418c8d3b	Vsa.Sim.DecodeTable.Batch11Part30
418d5d1b	Vsa.Sim.DecodeTable.Batch11Part30
41950c3b	Vsa.Sim.DecodeTable.Batch11Part30
419686b3	Vsa.Sim.DecodeTable.Batch11Part30
419686bb	Vsa.Sim.DecodeTable.Batch11Part30
419687bb	Vsa.Sim.DecodeTable.Batch11Part30
419786bb	Vsa.Sim.DecodeTable.Batch11Part30
419787bb	Vsa.Sim.DecodeTable.Batch11Part30
419a07bb	Vsa.Sim.DecodeTable.Batch11Part30
419d07bb	Vsa.Sim.DecodeTable.Batch11Part30
41a0093b	Vsa.Sim.DecodeTable.Batch11Part31
41a00d33	Vsa.Sim.DecodeTable.Batch11Part31
41a40fb3	Vsa.Sim.DecodeTable.Batch11Part31
41a686b3	Vsa.Sim.DecodeTable.Batch11Part31
41a687bb	Vsa.Sim.DecodeTable.Batch11Part31
41a787b3	Vsa.Sim.DecodeTable.Batch11Part31
41a78b3b	Vsa.Sim.DecodeTable.Batch11Part31
41ab0b3b	Vsa.Sim.DecodeTable.Batch11Part31
41ad87bb	Vsa.Sim.DecodeTable.Batch11Part31
41b00dbb	Vsa.Sim.DecodeTable.Batch11Part31
41b787b3	Vsa.Sim.DecodeTable.Batch11Part31
41b88b3b	Vsa.Sim.DecodeTable.Batch11Part31
41c0106f	Vsa.Sim.DecodeTable.Batch11Part31
41c010ef	Vsa.Sim.DecodeTable.Batch11Part31
41c60633	Vsa.Sim.DecodeTable.Batch11Part31
41c7883b	Vsa.Sim.DecodeTable.Batch11Part31
41ce8733	Vsa.Sim.DecodeTable.Batch11Part32
41ce8e33	Vsa.Sim.DecodeTable.Batch11Part32
41ce8ebb	Vsa.Sim.DecodeTable.Batch11Part32
41d00693	Vsa.Sim.DecodeTable.Batch11Part32
41d68b3b	Vsa.Sim.DecodeTable.Batch11Part32
41d787b3	Vsa.Sim.DecodeTable.Batch11Part32
41de0733	Vsa.Sim.DecodeTable.Batch11Part32
41de0e33	Vsa.Sim.DecodeTable.Batch11Part32
41e68633	Vsa.Sim.DecodeTable.Batch11Part32
41e686b3	Vsa.Sim.DecodeTable.Batch11Part32
41e68733	Vsa.Sim.DecodeTable.Batch11Part32
41e787bb	Vsa.Sim.DecodeTable.Batch11Part32
41ee8e33	Vsa.Sim.DecodeTable.Batch11Part32
41ef8fb3	Vsa.Sim.DecodeTable.Batch11Part32
41f5579b	Vsa.Sim.DecodeTable.Batch11Part32
41f68b3b	Vsa.Sim.DecodeTable.Batch11Part32
41fb06bb	Vsa.Sim.DecodeTable.Batch12Part01
42013903	Vsa.Sim.DecodeTable.Batch12Part01
42050863	Vsa.Sim.DecodeTable.Batch12Part01
42055713	Vsa.Sim.DecodeTable.Batch12Part01
4205d693	Vsa.Sim.DecodeTable.Batch12Part01
42065713	Vsa.Sim.DecodeTable.Batch12Part01
42068693	Vsa.Sim.DecodeTable.Batch12Part01
42070a63	Vsa.Sim.DecodeTable.Batch12Part01
42079063	Vsa.Sim.DecodeTable.Batch12Part01
420ada13	Vsa.Sim.DecodeTable.Batch12Part01
42113c23	Vsa.Sim.DecodeTable.Batch12Part01
424060ef	Vsa.Sim.DecodeTable.Batch12Part01
425010ef	Vsa.Sim.DecodeTable.Batch12Part01
4280206f	Vsa.Sim.DecodeTable.Batch12Part01
42813483	Vsa.Sim.DecodeTable.Batch12Part01
42813823	Vsa.Sim.DecodeTable.Batch12Part01
42913423	Vsa.Sim.DecodeTable.Batch12Part02
42a05263	Vsa.Sim.DecodeTable.Batch12Part02
42bd0ce3	Vsa.Sim.DecodeTable.Batch12Part02
42c000ef	Vsa.Sim.DecodeTable.Batch12Part02
42c020ef	Vsa.Sim.DecodeTable.Batch12Part02
42c56863	Vsa.Sim.DecodeTable.Batch12Part02
42d010ef	Vsa.Sim.DecodeTable.Batch12Part02
42d60c63	Vsa.Sim.DecodeTable.Batch12Part02
42d81c63	Vsa.Sim.DecodeTable.Batch12Part02
42f60a63	Vsa.Sim.DecodeTable.Batch12Part02
42fd0263	Vsa.Sim.DecodeTable.Batch12Part02
430010ef	Vsa.Sim.DecodeTable.Batch12Part02
43013403	Vsa.Sim.DecodeTable.Batch12Part02
430e8e93	Vsa.Sim.DecodeTable.Batch12Part02
43213023	Vsa.Sim.DecodeTable.Batch12Part02
4329871b	Vsa.Sim.DecodeTable.Batch12Part02
43300693	Vsa.Sim.DecodeTable.Batch12Part03
4337071b	Vsa.Sim.DecodeTable.Batch12Part03
4340106f	Vsa.Sim.DecodeTable.Batch12Part03
43404a63	Vsa.Sim.DecodeTable.Batch12Part03
4350006f	Vsa.Sim.DecodeTable.Batch12Part03
43813083	Vsa.Sim.DecodeTable.Batch12Part03
43c0106f	Vsa.Sim.DecodeTable.Batch12Part03
43c060ef	Vsa.Sim.DecodeTable.Batch12Part03
43e00713	Vsa.Sim.DecodeTable.Batch12Part03
43f04c63	Vsa.Sim.DecodeTable.Batch12Part03
440010ef	Vsa.Sim.DecodeTable.Batch12Part03
44010113	Vsa.Sim.DecodeTable.Batch12Part03
44050a63	Vsa.Sim.DecodeTable.Batch12Part03
440514e3	Vsa.Sim.DecodeTable.Batch12Part03
4406ce63	Vsa.Sim.DecodeTable.Batch12Part03
440718e3	Vsa.Sim.DecodeTable.Batch12Part03
44078463	Vsa.Sim.DecodeTable.Batch12Part04
4407d863	Vsa.Sim.DecodeTable.Batch12Part04
4440106f	Vsa.Sim.DecodeTable.Batch12Part04
449000ef	Vsa.Sim.DecodeTable.Batch12Part04
44c070ef	Vsa.Sim.DecodeTable.Batch12Part04
44c70ce3	Vsa.Sim.DecodeTable.Batch12Part04
44ca0a13	Vsa.Sim.DecodeTable.Batch12Part04
44f60863	Vsa.Sim.DecodeTable.Batch12Part04
44f6e263	Vsa.Sim.DecodeTable.Batch12Part04
45018f13	Vsa.Sim.DecodeTable.Batch12Part04
4501b603	Vsa.Sim.DecodeTable.Batch12Part04
4501b683	Vsa.Sim.DecodeTable.Batch12Part04
45051863	Vsa.Sim.DecodeTable.Batch12Part04
4510f0ef	Vsa.Sim.DecodeTable.Batch12Part04
4517dc63	Vsa.Sim.DecodeTable.Batch12Part04
454020ef	Vsa.Sim.DecodeTable.Batch12Part04
455000ef	Vsa.Sim.DecodeTable.Batch12Part05
4550106f	Vsa.Sim.DecodeTable.Batch12Part05
4581b783	Vsa.Sim.DecodeTable.Batch12Part05
459020ef	Vsa.Sim.DecodeTable.Batch12Part05
45b04a63	Vsa.Sim.DecodeTable.Batch12Part05
460000ef	Vsa.Sim.DecodeTable.Batch12Part05
46018413	Vsa.Sim.DecodeTable.Batch17
46018913	Vsa.Sim.DecodeTable.Batch12Part05
46018b13	Vsa.Sim.DecodeTable.Batch12Part05
4601b483	Vsa.Sim.DecodeTable.Batch12Part05
4601b503	Vsa.Sim.DecodeTable.Batch12Part05
4601b703	Vsa.Sim.DecodeTable.Batch12Part05
4601b783	Vsa.Sim.DecodeTable.Batch12Part05
4601b803	Vsa.Sim.DecodeTable.Batch12Part05
46028e63	Vsa.Sim.DecodeTable.Batch12Part05
46050513	Vsa.Sim.DecodeTable.Batch12Part05
46068263	Vsa.Sim.DecodeTable.Batch12Part05
4606d063	Vsa.Sim.DecodeTable.Batch12Part06
460702e3	Vsa.Sim.DecodeTable.Batch12Part06
46071863	Vsa.Sim.DecodeTable.Batch12Part06
46071c63	Vsa.Sim.DecodeTable.Batch12Part06
460a4463	Vsa.Sim.DecodeTable.Batch12Part06
460b0c63	Vsa.Sim.DecodeTable.Batch12Part06
460b1063	Vsa.Sim.DecodeTable.Batch12Part06
460b4663	Vsa.Sim.DecodeTable.Batch12Part06
460d1263	Vsa.Sim.DecodeTable.Batch12Part06
460ddce3	Vsa.Sim.DecodeTable.Batch12Part06
460f9463	Vsa.Sim.DecodeTable.Batch12Part06
461040ef	Vsa.Sim.DecodeTable.Batch12Part06
465010ef	Vsa.Sim.DecodeTable.Batch12Part06
46818b93	Vsa.Sim.DecodeTable.Batch12Part06
46880813	Vsa.Sim.DecodeTable.Batch12Part06
46c78863	Vsa.Sim.DecodeTable.Batch12Part06
46d000ef	Vsa.Sim.DecodeTable.Batch12Part07
46d50c63	Vsa.Sim.DecodeTable.Batch12Part07
46d81e63	Vsa.Sim.DecodeTable.Batch12Part07
46e04e63	Vsa.Sim.DecodeTable.Batch12Part07
470010ef	Vsa.Sim.DecodeTable.Batch12Part07
4740b0ef	Vsa.Sim.DecodeTable.Batch12Part07
476a4e63	Vsa.Sim.DecodeTable.Batch12Part07
47850513	Vsa.Sim.DecodeTable.Batch12Part07
480010ef	Vsa.Sim.DecodeTable.Batch12Part07
4801b783	Vsa.Sim.DecodeTable.Batch12Part07
48028e63	Vsa.Sim.DecodeTable.Batch12Part07
48050863	Vsa.Sim.DecodeTable.Batch12Part07
4806f713	Vsa.Sim.DecodeTable.Batch12Part07
48077613	Vsa.Sim.DecodeTable.Batch12Part07
4840106f	Vsa.Sim.DecodeTable.Batch12Part07
4845b583	Vsa.Sim.DecodeTable.Batch12Part07
485000ef	Vsa.Sim.DecodeTable.Batch12Part08
4880206f	Vsa.Sim.DecodeTable.Batch12Part08
4881b783	Vsa.Sim.DecodeTable.Batch12Part08
48850513	Vsa.Sim.DecodeTable.Batch12Part08
48a1b023	Vsa.Sim.DecodeTable.Batch12Part08
48d1b423	Vsa.Sim.DecodeTable.Batch12Part08
48d1b823	Vsa.Sim.DecodeTable.Batch12Part08
48d64a63	Vsa.Sim.DecodeTable.Batch12Part08
48e28ce3	Vsa.Sim.DecodeTable.Batch12Part08
48f1b023	Vsa.Sim.DecodeTable.Batch12Part08
48f650e3	Vsa.Sim.DecodeTable.Batch12Part08
4900b0ef	Vsa.Sim.DecodeTable.Batch12Part08
4901b783	Vsa.Sim.DecodeTable.Batch12Part08
491050ef	Vsa.Sim.DecodeTable.Batch12Part08
49458593	Vsa.Sim.DecodeTable.Batch12Part08
495000ef	Vsa.Sim.DecodeTable.Batch12Part08
496040e3	Vsa.Sim.DecodeTable.Batch12Part09
4967dc63	Vsa.Sim.DecodeTable.Batch12Part09
4981b583	Vsa.Sim.DecodeTable.Batch12Part09
49d070ef	Vsa.Sim.DecodeTable.Batch12Part09
4a01b783	Vsa.Sim.DecodeTable.Batch12Part09
4a030c63	Vsa.Sim.DecodeTable.Batch12Part09
4a051ee3	Vsa.Sim.DecodeTable.Batch12Part09
4a054c63	Vsa.Sim.DecodeTable.Batch12Part09
4a060613	Vsa.Sim.DecodeTable.Batch12Part09
4a070e63	Vsa.Sim.DecodeTable.Batch12Part09
4a078263	Vsa.Sim.DecodeTable.Batch12Part09
4a078793	Vsa.Sim.DecodeTable.Batch12Part09
4a07ca63	Vsa.Sim.DecodeTable.Batch12Part09
4a0e0463	Vsa.Sim.DecodeTable.Batch12Part09
4a40106f	Vsa.Sim.DecodeTable.Batch12Part09
4a5030ef	Vsa.Sim.DecodeTable.Batch12Part09
4a80106f	Vsa.Sim.DecodeTable.Batch12Part10
4a8010ef	Vsa.Sim.DecodeTable.Batch12Part10
4a9030ef	Vsa.Sim.DecodeTable.Batch12Part10
4aa05c63	Vsa.Sim.DecodeTable.Batch12Part10
4aa60463	Vsa.Sim.DecodeTable.Batch12Part10
4aa88c63	Vsa.Sim.DecodeTable.Batch12Part10
4aeb08e3	Vsa.Sim.DecodeTable.Batch12Part10
4af1b023	Vsa.Sim.DecodeTable.Batch12Part10
4b060613	Vsa.Sim.DecodeTable.Batch12Part10
4b4052e3	Vsa.Sim.DecodeTable.Batch12Part10
4b6046e3	Vsa.Sim.DecodeTable.Batch12Part10
4b858593	Vsa.Sim.DecodeTable.Batch12Part10
4bb78e63	Vsa.Sim.DecodeTable.Batch12Part10
4bbb0ae3	Vsa.Sim.DecodeTable.Batch12Part10
4bc030ef	Vsa.Sim.DecodeTable.Batch12Part10
4bd0106f	Vsa.Sim.DecodeTable.Batch12Part10
4c0020ef	Vsa.Sim.DecodeTable.Batch12Part11
4c054863	Vsa.Sim.DecodeTable.Batch12Part11
4c060663	Vsa.Sim.DecodeTable.Batch12Part11
4c070863	Vsa.Sim.DecodeTable.Batch12Part11
4c078463	Vsa.Sim.DecodeTable.Batch12Part11
4c078c63	Vsa.Sim.DecodeTable.Batch12Part11
4c088e63	Vsa.Sim.DecodeTable.Batch12Part11
4c0a4e63	Vsa.Sim.DecodeTable.Batch12Part11
4c40e0ef	Vsa.Sim.DecodeTable.Batch12Part11
4c818513	Vsa.Sim.DecodeTable.Batch12Part11
4c860613	Vsa.Sim.DecodeTable.Batch12Part11
4c913c23	Vsa.Sim.DecodeTable.Batch12Part11
4cd010ef	Vsa.Sim.DecodeTable.Batch12Part11
4cdb4263	Vsa.Sim.DecodeTable.Batch12Part11
4cfa0663	Vsa.Sim.DecodeTable.Batch12Part11
4d013903	Vsa.Sim.DecodeTable.Batch12Part11
4d10106f	Vsa.Sim.DecodeTable.Batch12Part12
4d213823	Vsa.Sim.DecodeTable.Batch12Part12
4d813483	Vsa.Sim.DecodeTable.Batch12Part12
4d868693	Vsa.Sim.DecodeTable.Batch12Part12
4d9000ef	Vsa.Sim.DecodeTable.Batch12Part12
4dc0106f	Vsa.Sim.DecodeTable.Batch17
4dc060ef	Vsa.Sim.DecodeTable.Batch12Part12
4e0010ef	Vsa.Sim.DecodeTable.Batch12Part12
4e0050ef	Vsa.Sim.DecodeTable.Batch12Part12
4e013403	Vsa.Sim.DecodeTable.Batch12Part12
4e018513	Vsa.Sim.DecodeTable.Batch12Part12
4e01ac23	Vsa.Sim.DecodeTable.Batch12Part12
4e071463	Vsa.Sim.DecodeTable.Batch12Part12
4e071ce3	Vsa.Sim.DecodeTable.Batch12Part12
4e1000ef	Vsa.Sim.DecodeTable.Batch12Part12
4e113423	Vsa.Sim.DecodeTable.Batch12Part12
4e468693	Vsa.Sim.DecodeTable.Batch12Part12
4e8060ef	Vsa.Sim.DecodeTable.Batch12Part13
4e813023	Vsa.Sim.DecodeTable.Batch12Part13
4e813083	Vsa.Sim.DecodeTable.Batch12Part13
4e818a13	Vsa.Sim.DecodeTable.Batch12Part13
4ec020ef	Vsa.Sim.DecodeTable.Batch12Part13
4ec0b0ef	Vsa.Sim.DecodeTable.Batch12Part13
4ed010ef	Vsa.Sim.DecodeTable.Batch12Part13
4ee7f263	Vsa.Sim.DecodeTable.Batch12Part13
4f0060ef	Vsa.Sim.DecodeTable.Batch12Part13
4f010113	Vsa.Sim.DecodeTable.Batch12Part13
4f468693	Vsa.Sim.DecodeTable.Batch12Part13
4f5020ef	Vsa.Sim.DecodeTable.Batch12Part13
4f5030ef	Vsa.Sim.DecodeTable.Batch12Part13
4f605ee3	Vsa.Sim.DecodeTable.Batch12Part13
4f80106f	Vsa.Sim.DecodeTable.Batch12Part13
4f81a783	Vsa.Sim.DecodeTable.Batch12Part13
4fd060ef	Vsa.Sim.DecodeTable.Batch12Part14
5000106f	Vsa.Sim.DecodeTable.Batch12Part14
50048a63	Vsa.Sim.DecodeTable.Batch12Part14
50078c63	Vsa.Sim.DecodeTable.Batch12Part14
500790e3	Vsa.Sim.DecodeTable.Batch12Part14
500d96e3	Vsa.Sim.DecodeTable.Batch12Part14
501000ef	Vsa.Sim.DecodeTable.Batch12Part14
504060ef	Vsa.Sim.DecodeTable.Batch12Part14
50818e93	Vsa.Sim.DecodeTable.Batch12Part14
5081b783	Vsa.Sim.DecodeTable.Batch12Part14
509020ef	Vsa.Sim.DecodeTable.Batch12Part14
50a1b423	Vsa.Sim.DecodeTable.Batch12Part14
50d010ef	Vsa.Sim.DecodeTable.Batch12Part14
50f1b423	Vsa.Sim.DecodeTable.Batch12Part14
50fc86e3	Vsa.Sim.DecodeTable.Batch12Part14
51068693	Vsa.Sim.DecodeTable.Batch12Part14
514010ef	Vsa.Sim.DecodeTable.Batch12Part15
514050ef	Vsa.Sim.DecodeTable.Batch12Part15
51478263	Vsa.Sim.DecodeTable.Batch12Part15
516de6e3	Vsa.Sim.DecodeTable.Batch12Part15
5180106f	Vsa.Sim.DecodeTable.Batch12Part15
51d010ef	Vsa.Sim.DecodeTable.Batch12Part15
51d0206f	Vsa.Sim.DecodeTable.Batch12Part15
51d080ef	Vsa.Sim.DecodeTable.Batch12Part15
520614e3	Vsa.Sim.DecodeTable.Batch12Part15
5206c8e3	Vsa.Sim.DecodeTable.Batch12Part15
52071463	Vsa.Sim.DecodeTable.Batch12Part15
52078063	Vsa.Sim.DecodeTable.Batch12Part15
5250a0ef	Vsa.Sim.DecodeTable.Batch12Part15
528020ef	Vsa.Sim.DecodeTable.Batch12Part15
52a69063	Vsa.Sim.DecodeTable.Batch12Part15
52d050ef	Vsa.Sim.DecodeTable.Batch12Part15
52d7d4e3	Vsa.Sim.DecodeTable.Batch12Part16
52eb0263	Vsa.Sim.DecodeTable.Batch12Part16
52eb1663	Vsa.Sim.DecodeTable.Batch12Part16
53067e93	Vsa.Sim.DecodeTable.Batch12Part16
530d0d13	Vsa.Sim.DecodeTable.Batch12Part16
531040ef	Vsa.Sim.DecodeTable.Batch12Part16
53480813	Vsa.Sim.DecodeTable.Batch12Part16
535040ef	Vsa.Sim.DecodeTable.Batch12Part16
53b6fce3	Vsa.Sim.DecodeTable.Batch12Part16
53c58593	Vsa.Sim.DecodeTable.Batch12Part16
53c60613	Vsa.Sim.DecodeTable.Batch12Part16
54050063	Vsa.Sim.DecodeTable.Batch12Part16
54054463	Vsa.Sim.DecodeTable.Batch12Part16
54061063	Vsa.Sim.DecodeTable.Batch12Part16
54071063	Vsa.Sim.DecodeTable.Batch12Part16
540a1263	Vsa.Sim.DecodeTable.Batch12Part16
540a4663	Vsa.Sim.DecodeTable.Batch12Part17
541050ef	Vsa.Sim.DecodeTable.Batch12Part17
544060ef	Vsa.Sim.DecodeTable.Batch12Part17
5480106f	Vsa.Sim.DecodeTable.Batch12Part17
54b740e3	Vsa.Sim.DecodeTable.Batch12Part17
54c0e0ef	Vsa.Sim.DecodeTable.Batch12Part17
54c70713	Vsa.Sim.DecodeTable.Batch12Part17
54d81663	Vsa.Sim.DecodeTable.Batch12Part17
54f88ae3	Vsa.Sim.DecodeTable.Batch12Part17
550b0b13	Vsa.Sim.DecodeTable.Batch12Part17
55400613	Vsa.Sim.DecodeTable.Batch12Part17
55400693	Vsa.Sim.DecodeTable.Batch12Part17
5540106f	Vsa.Sim.DecodeTable.Batch12Part17
555020ef	Vsa.Sim.DecodeTable.Batch12Part17
555040ef	Vsa.Sim.DecodeTable.Batch12Part17
55818413	Vsa.Sim.DecodeTable.Batch12Part17
559100ef	Vsa.Sim.DecodeTable.Batch12Part18
55c050ef	Vsa.Sim.DecodeTable.Batch12Part18
55d050ef	Vsa.Sim.DecodeTable.Batch12Part18
5600e0ef	Vsa.Sim.DecodeTable.Batch12Part18
56060613	Vsa.Sim.DecodeTable.Batch12Part18
560612e3	Vsa.Sim.DecodeTable.Batch12Part18
56061463	Vsa.Sim.DecodeTable.Batch12Part18
56069263	Vsa.Sim.DecodeTable.Batch12Part18
5606c863	Vsa.Sim.DecodeTable.Batch12Part18
560a8463	Vsa.Sim.DecodeTable.Batch12Part18
560b4663	Vsa.Sim.DecodeTable.Batch12Part18
561010ef	Vsa.Sim.DecodeTable.Batch12Part18
564070ef	Vsa.Sim.DecodeTable.Batch12Part18
565000ef	Vsa.Sim.DecodeTable.Batch12Part18
56d0206f	Vsa.Sim.DecodeTable.Batch12Part18
56d020ef	Vsa.Sim.DecodeTable.Batch12Part18
56e78793	Vsa.Sim.DecodeTable.Batch12Part19
56f6d063	Vsa.Sim.DecodeTable.Batch12Part19
56fb1063	Vsa.Sim.DecodeTable.Batch12Part19
57604063	Vsa.Sim.DecodeTable.Batch12Part19
57675a63	Vsa.Sim.DecodeTable.Batch12Part19
578d8d93	Vsa.Sim.DecodeTable.Batch12Part19
580510e3	Vsa.Sim.DecodeTable.Batch12Part19
58078ce3	Vsa.Sim.DecodeTable.Batch12Part19
581010ef	Vsa.Sim.DecodeTable.Batch12Part19
58d010ef	Vsa.Sim.DecodeTable.Batch12Part19
59060613	Vsa.Sim.DecodeTable.Batch12Part19
594058e3	Vsa.Sim.DecodeTable.Batch12Part19
594b8b93	Vsa.Sim.DecodeTable.Batch12Part19
595060ef	Vsa.Sim.DecodeTable.Batch12Part19
59705ae3	Vsa.Sim.DecodeTable.Batch12Part19
599060ef	Vsa.Sim.DecodeTable.Batch12Part19
5a00106f	Vsa.Sim.DecodeTable.Batch12Part20
5a060ae3	Vsa.Sim.DecodeTable.Batch12Part20
5a070263	Vsa.Sim.DecodeTable.Batch12Part20
5a5010ef	Vsa.Sim.DecodeTable.Batch12Part20
5a9090ef	Vsa.Sim.DecodeTable.Batch12Part20
5ad7dee3	Vsa.Sim.DecodeTable.Batch12Part20
5afb1863	Vsa.Sim.DecodeTable.Batch12Part20
5b051a63	Vsa.Sim.DecodeTable.Batch12Part20
5b80206f	Vsa.Sim.DecodeTable.Batch12Part20
5b8030ef	Vsa.Sim.DecodeTable.Batch12Part20
5b9030ef	Vsa.Sim.DecodeTable.Batch12Part20
5bc070ef	Vsa.Sim.DecodeTable.Batch12Part20
5bc0e0ef	Vsa.Sim.DecodeTable.Batch12Part20
5bcd8d93	Vsa.Sim.DecodeTable.Batch12Part20
5bf7c863	Vsa.Sim.DecodeTable.Batch12Part20
5c051063	Vsa.Sim.DecodeTable.Batch12Part20
5c061ee3	Vsa.Sim.DecodeTable.Batch12Part21
5c078e63	Vsa.Sim.DecodeTable.Batch12Part21
5c0d0463	Vsa.Sim.DecodeTable.Batch12Part21
5c4070ef	Vsa.Sim.DecodeTable.Batch12Part21
5c50c0ef	Vsa.Sim.DecodeTable.Batch12Part21
5cc040ef	Vsa.Sim.DecodeTable.Batch12Part21
5cc6bc23	Vsa.Sim.DecodeTable.Batch12Part21
5ce7d263	Vsa.Sim.DecodeTable.Batch12Part21
5cf51463	Vsa.Sim.DecodeTable.Batch12Part21
5d1000ef	Vsa.Sim.DecodeTable.Batch12Part21
5d45b583	Vsa.Sim.DecodeTable.Batch12Part21
5d8050ef	Vsa.Sim.DecodeTable.Batch12Part21
5dc060ef	Vsa.Sim.DecodeTable.Batch12Part21
5e028e63	Vsa.Sim.DecodeTable.Batch12Part21
5e069e63	Vsa.Sim.DecodeTable.Batch12Part21
5e06c6e3	Vsa.Sim.DecodeTable.Batch12Part21
5e079663	Vsa.Sim.DecodeTable.Batch12Part22
5e10106f	Vsa.Sim.DecodeTable.Batch12Part22
5e9060ef	Vsa.Sim.DecodeTable.Batch12Part22
5ea04c63	Vsa.Sim.DecodeTable.Batch12Part22
5ec060ef	Vsa.Sim.DecodeTable.Batch12Part22
5ed010ef	Vsa.Sim.DecodeTable.Batch12Part22
5ed81c63	Vsa.Sim.DecodeTable.Batch12Part22
5ef744e3	Vsa.Sim.DecodeTable.Batch12Part22
5f05b583	Vsa.Sim.DecodeTable.Batch12Part22
5f5010ef	Vsa.Sim.DecodeTable.Batch12Part22
5f5020ef	Vsa.Sim.DecodeTable.Batch12Part22
5f50c0ef	Vsa.Sim.DecodeTable.Batch12Part22
5f80206f	Vsa.Sim.DecodeTable.Batch12Part22
5f818513	Vsa.Sim.DecodeTable.Batch12Part22
5f850513	Vsa.Sim.DecodeTable.Batch12Part22
5f9030ef	Vsa.Sim.DecodeTable.Batch12Part22
5fca0a13	Vsa.Sim.DecodeTable.Batch12Part23
5fd010ef	Vsa.Sim.DecodeTable.Batch12Part23
5fd020ef	Vsa.Sim.DecodeTable.Batch12Part23
60018513	Vsa.Sim.DecodeTable.Batch12Part23
60069663	Vsa.Sim.DecodeTable.Batch12Part23
600b1063	Vsa.Sim.DecodeTable.Batch12Part23
600e9463	Vsa.Sim.DecodeTable.Batch12Part23
604010ef	Vsa.Sim.DecodeTable.Batch12Part23
60470713	Vsa.Sim.DecodeTable.Batch12Part23
608040ef	Vsa.Sim.DecodeTable.Batch12Part23
60c010ef	Vsa.Sim.DecodeTable.Batch12Part23
60c020ef	Vsa.Sim.DecodeTable.Batch12Part23
60e7d263	Vsa.Sim.DecodeTable.Batch12Part23
60f70ce3	Vsa.Sim.DecodeTable.Batch12Part23
6100106f	Vsa.Sim.DecodeTable.Batch12Part23
6100206f	Vsa.Sim.DecodeTable.Batch12Part23
61018793	Vsa.Sim.DecodeTable.Batch12Part24
611050ef	Vsa.Sim.DecodeTable.Batch12Part24
61474263	Vsa.Sim.DecodeTable.Batch12Part24
6180006f	Vsa.Sim.DecodeTable.Batch12Part24
6180106f	Vsa.Sim.DecodeTable.Batch12Part24
619060ef	Vsa.Sim.DecodeTable.Batch12Part24
61c070ef	Vsa.Sim.DecodeTable.Batch12Part24
61c50513	Vsa.Sim.DecodeTable.Batch17
62061263	Vsa.Sim.DecodeTable.Batch12Part24
62071263	Vsa.Sim.DecodeTable.Batch12Part24
620b1463	Vsa.Sim.DecodeTable.Batch12Part24
620b4863	Vsa.Sim.DecodeTable.Batch12Part24
6210106f	Vsa.Sim.DecodeTable.Batch12Part24
624d8d93	Vsa.Sim.DecodeTable.Batch12Part24
6280b0ef	Vsa.Sim.DecodeTable.Batch12Part24
62c020ef	Vsa.Sim.DecodeTable.Batch12Part24
62d060ef	Vsa.Sim.DecodeTable.Batch12Part24
635010ef	Vsa.Sim.DecodeTable.Batch12Part25
63bb52e3	Vsa.Sim.DecodeTable.Batch12Part25
63c010ef	Vsa.Sim.DecodeTable.Batch12Part25
63c78793	Vsa.Sim.DecodeTable.Batch12Part25
6400806f	Vsa.Sim.DecodeTable.Batch17
64068ce3	Vsa.Sim.DecodeTable.Batch12Part25
64078a63	Vsa.Sim.DecodeTable.Batch12Part25
640a0063	Vsa.Sim.DecodeTable.Batch12Part25
640f8a63	Vsa.Sim.DecodeTable.Batch12Part25
641020ef	Vsa.Sim.DecodeTable.Batch12Part25
644010ef	Vsa.Sim.DecodeTable.Batch12Part25
64453503	Vsa.Sim.DecodeTable.Batch12Part25
6540206f	Vsa.Sim.DecodeTable.Batch12Part25
65460613	Vsa.Sim.DecodeTable.Batch12Part25
655060ef	Vsa.Sim.DecodeTable.Batch12Part25
6567c663	Vsa.Sim.DecodeTable.Batch12Part25
65c040ef	Vsa.Sim.DecodeTable.Batch12Part25
65d010ef	Vsa.Sim.DecodeTable.Batch12Part26
66070a63	Vsa.Sim.DecodeTable.Batch12Part26
66079063	Vsa.Sim.DecodeTable.Batch12Part26
660b3b03	Vsa.Sim.DecodeTable.Batch12Part26
661020ef	Vsa.Sim.DecodeTable.Batch12Part26
664000ef	Vsa.Sim.DecodeTable.Batch12Part26
66605ce3	Vsa.Sim.DecodeTable.Batch12Part26
66c0106f	Vsa.Sim.DecodeTable.Batch12Part26
66c78793	Vsa.Sim.DecodeTable.Batch12Part26
66e6c863	Vsa.Sim.DecodeTable.Batch12Part26
674060ef	Vsa.Sim.DecodeTable.Batch12Part26
678020ef	Vsa.Sim.DecodeTable.Batch12Part26
678040ef	Vsa.Sim.DecodeTable.Batch12Part26
679060ef	Vsa.Sim.DecodeTable.Batch12Part26
67d000ef	Vsa.Sim.DecodeTable.Batch12Part26
67d020ef	Vsa.Sim.DecodeTable.Batch12Part26
68030ee3	Vsa.Sim.DecodeTable.Batch12Part27
68059a63	Vsa.Sim.DecodeTable.Batch12Part27
68079863	Vsa.Sim.DecodeTable.Batch12Part27
684040ef	Vsa.Sim.DecodeTable.Batch12Part27
68450513	Vsa.Sim.DecodeTable.Batch12Part27
68870713	Vsa.Sim.DecodeTable.Batch12Part27
689000ef	Vsa.Sim.DecodeTable.Batch12Part27
689060ef	Vsa.Sim.DecodeTable.Batch12Part27
691060ef	Vsa.Sim.DecodeTable.Batch12Part27
698010ef	Vsa.Sim.DecodeTable.Batch12Part27
69850513	Vsa.Sim.DecodeTable.Batch12Part27
69c60613	Vsa.Sim.DecodeTable.Batch12Part27
69c68693	Vsa.Sim.DecodeTable.Batch12Part27
6a058663	Vsa.Sim.DecodeTable.Batch12Part27
6a0a0863	Vsa.Sim.DecodeTable.Batch12Part27
6a0d8c63	Vsa.Sim.DecodeTable.Batch12Part27
6a1010ef	Vsa.Sim.DecodeTable.Batch12Part28
6a40106f	Vsa.Sim.DecodeTable.Batch12Part28
6a4010ef	Vsa.Sim.DecodeTable.Batch12Part28
6a45b583	Vsa.Sim.DecodeTable.Batch12Part28
6ab74e63	Vsa.Sim.DecodeTable.Batch12Part28
6ac0b0ef	Vsa.Sim.DecodeTable.Batch12Part28
6ac0d0ef	Vsa.Sim.DecodeTable.Batch12Part28
6ad5d463	Vsa.Sim.DecodeTable.Batch12Part28
6b0070ef	Vsa.Sim.DecodeTable.Batch12Part28
6b018513	Vsa.Sim.DecodeTable.Batch12Part28
6b050513	Vsa.Sim.DecodeTable.Batch12Part28
6b060613	Vsa.Sim.DecodeTable.Batch12Part28
6b1010ef	Vsa.Sim.DecodeTable.Batch12Part28
6b8010ef	Vsa.Sim.DecodeTable.Batch12Part28
6b818513	Vsa.Sim.DecodeTable.Batch12Part28
6b890913	Vsa.Sim.DecodeTable.Batch12Part28
6b9060ef	Vsa.Sim.DecodeTable.Batch12Part29
6c0020ef	Vsa.Sim.DecodeTable.Batch12Part29
6c070863	Vsa.Sim.DecodeTable.Batch12Part29
6c07c4e3	Vsa.Sim.DecodeTable.Batch12Part29
6c0c4463	Vsa.Sim.DecodeTable.Batch12Part29
6c1010ef	Vsa.Sim.DecodeTable.Batch12Part29
6c6c77b7	Vsa.Sim.DecodeTable.Batch12Part29
6c8010ef	Vsa.Sim.DecodeTable.Batch12Part29
6c818793	Vsa.Sim.DecodeTable.Batch12Part29
6cc0106f	Vsa.Sim.DecodeTable.Batch12Part29
6d453503	Vsa.Sim.DecodeTable.Batch12Part29
6d80106f	Vsa.Sim.DecodeTable.Batch12Part29
6d868693	Vsa.Sim.DecodeTable.Batch12Part29
6dc020ef	Vsa.Sim.DecodeTable.Batch12Part29
6dd0006f	Vsa.Sim.DecodeTable.Batch12Part29
6e074663	Vsa.Sim.DecodeTable.Batch12Part29
6e10106f	Vsa.Sim.DecodeTable.Batch12Part30
6e40106f	Vsa.Sim.DecodeTable.Batch12Part30
6e4060ef	Vsa.Sim.DecodeTable.Batch12Part30
6e5010ef	Vsa.Sim.DecodeTable.Batch12Part30
6e90106f	Vsa.Sim.DecodeTable.Batch12Part30
6ec010ef	Vsa.Sim.DecodeTable.Batch12Part30
6ed060ef	Vsa.Sim.DecodeTable.Batch12Part30
6eeb0063	Vsa.Sim.DecodeTable.Batch12Part30
6f00406f	Vsa.Sim.DecodeTable.Batch12Part30
6f50006f	Vsa.Sim.DecodeTable.Batch12Part30
6fc0e0ef	Vsa.Sim.DecodeTable.Batch12Part30
70064663	Vsa.Sim.DecodeTable.Batch12Part30
70068693	Vsa.Sim.DecodeTable.Batch12Part30
70078663	Vsa.Sim.DecodeTable.Batch12Part30
704060ef	Vsa.Sim.DecodeTable.Batch12Part30
70850513	Vsa.Sim.DecodeTable.Batch12Part30
70a05c63	Vsa.Sim.DecodeTable.Batch12Part31
70cb0b13	Vsa.Sim.DecodeTable.Batch12Part31
70d000ef	Vsa.Sim.DecodeTable.Batch12Part31
70f70713	Vsa.Sim.DecodeTable.Batch12Part31
70fb0a63	Vsa.Sim.DecodeTable.Batch12Part31
7100106f	Vsa.Sim.DecodeTable.Batch12Part31
71051463	Vsa.Sim.DecodeTable.Batch12Part31
7105ca63	Vsa.Sim.DecodeTable.Batch12Part31
711010ef	Vsa.Sim.DecodeTable.Batch12Part31
7190006f	Vsa.Sim.DecodeTable.Batch12Part31
71c5b583	Vsa.Sim.DecodeTable.Batch12Part31
71d010ef	Vsa.Sim.DecodeTable.Batch12Part31
7200106f	Vsa.Sim.DecodeTable.Batch12Part31
720030ef	Vsa.Sim.DecodeTable.Batch12Part31
720060ef	Vsa.Sim.DecodeTable.Batch12Part31
72051463	Vsa.Sim.DecodeTable.Batch12Part31
7207c463	Vsa.Sim.DecodeTable.Batch12Part32
72080863	Vsa.Sim.DecodeTable.Batch12Part32
72878ee3	Vsa.Sim.DecodeTable.Batch12Part32
72c60613	Vsa.Sim.DecodeTable.Batch12Part32
72d040ef	Vsa.Sim.DecodeTable.Batch12Part32
72e7d4e3	Vsa.Sim.DecodeTable.Batch12Part32
73460613	Vsa.Sim.DecodeTable.Batch12Part32
734a3a03	Vsa.Sim.DecodeTable.Batch12Part32
7380006f	Vsa.Sim.DecodeTable.Batch12Part32
738010ef	Vsa.Sim.DecodeTable.Batch12Part32
73c60613	Vsa.Sim.DecodeTable.Batch12Part32
740508e3	Vsa.Sim.DecodeTable.Batch12Part32
74051a63	Vsa.Sim.DecodeTable.Batch12Part32
74069a63	Vsa.Sim.DecodeTable.Batch12Part32
740780e3	Vsa.Sim.DecodeTable.Batch12Part32
740c9063	Vsa.Sim.DecodeTable.Batch12Part32
740d8d93	Vsa.Sim.DecodeTable.Batch13Part01
7440106f	Vsa.Sim.DecodeTable.Batch13Part01
74ab1ee3	Vsa.Sim.DecodeTable.Batch13Part01
74e48463	Vsa.Sim.DecodeTable.Batch13Part01
750060ef	Vsa.Sim.DecodeTable.Batch13Part01
751060ef	Vsa.Sim.DecodeTable.Batch13Part01
754040e3	Vsa.Sim.DecodeTable.Batch13Part01
75404863	Vsa.Sim.DecodeTable.Batch13Part01
754c8c93	Vsa.Sim.DecodeTable.Batch13Part01
75c040ef	Vsa.Sim.DecodeTable.Batch13Part01
75d0106f	Vsa.Sim.DecodeTable.Batch13Part01
75d744e3	Vsa.Sim.DecodeTable.Batch13Part01
76051a63	Vsa.Sim.DecodeTable.Batch13Part01
76069663	Vsa.Sim.DecodeTable.Batch13Part01
7606cae3	Vsa.Sim.DecodeTable.Batch13Part01
76079263	Vsa.Sim.DecodeTable.Batch13Part01
760a1863	Vsa.Sim.DecodeTable.Batch13Part02
7640106f	Vsa.Sim.DecodeTable.Batch13Part02
765000ef	Vsa.Sim.DecodeTable.Batch13Part02
76818513	Vsa.Sim.DecodeTable.Batch13Part02
76bf8a63	Vsa.Sim.DecodeTable.Batch13Part02
76c70263	Vsa.Sim.DecodeTable.Batch13Part02
76d81663	Vsa.Sim.DecodeTable.Batch13Part02
76e040e3	Vsa.Sim.DecodeTable.Batch13Part02
77018513	Vsa.Sim.DecodeTable.Batch13Part02
7705cee3	Vsa.Sim.DecodeTable.Batch13Part02
774a0a13	Vsa.Sim.DecodeTable.Batch13Part02
7750106f	Vsa.Sim.DecodeTable.Batch13Part02
775060ef	Vsa.Sim.DecodeTable.Batch13Part02
77604ee3	Vsa.Sim.DecodeTable.Batch13Part02
7785b583	Vsa.Sim.DecodeTable.Batch13Part02
77c0106f	Vsa.Sim.DecodeTable.Batch13Part02
77c060ef	Vsa.Sim.DecodeTable.Batch13Part03
77c0e0ef	Vsa.Sim.DecodeTable.Batch13Part03
77c60613	Vsa.Sim.DecodeTable.Batch13Part03
77d050ef	Vsa.Sim.DecodeTable.Batch13Part03
77d74a63	Vsa.Sim.DecodeTable.Batch13Part03
780c8ee3	Vsa.Sim.DecodeTable.Batch13Part03
784050ef	Vsa.Sim.DecodeTable.Batch13Part03
785000ef	Vsa.Sim.DecodeTable.Batch13Part03
7850106f	Vsa.Sim.DecodeTable.Batch13Part03
785010ef	Vsa.Sim.DecodeTable.Batch13Part03
789020ef	Vsa.Sim.DecodeTable.Batch13Part03
78d0006f	Vsa.Sim.DecodeTable.Batch13Part03
78f41063	Vsa.Sim.DecodeTable.Batch13Part03
790d0d13	Vsa.Sim.DecodeTable.Batch13Part03
7916dc63	Vsa.Sim.DecodeTable.Batch13Part03
7967ce63	Vsa.Sim.DecodeTable.Batch13Part03
7a0010ef	Vsa.Sim.DecodeTable.Batch13Part04
7a050513	Vsa.Sim.DecodeTable.Batch13Part04
7a051c63	Vsa.Sim.DecodeTable.Batch13Part04
7a071863	Vsa.Sim.DecodeTable.Batch13Part04
7a071c63	Vsa.Sim.DecodeTable.Batch13Part04
7a10006f	Vsa.Sim.DecodeTable.Batch13Part04
7a40206f	Vsa.Sim.DecodeTable.Batch13Part04
7a80206f	Vsa.Sim.DecodeTable.Batch13Part04
7a90006f	Vsa.Sim.DecodeTable.Batch13Part04
7ac5b223	Vsa.Sim.DecodeTable.Batch13Part04
7ac68693	Vsa.Sim.DecodeTable.Batch13Part04
7acf0f13	Vsa.Sim.DecodeTable.Batch13Part04
7b00206f	Vsa.Sim.DecodeTable.Batch13Part04
7b0030ef	Vsa.Sim.DecodeTable.Batch13Part04
7b05b583	Vsa.Sim.DecodeTable.Batch13Part04
7b1020ef	Vsa.Sim.DecodeTable.Batch13Part04
7b4c8c93	Vsa.Sim.DecodeTable.Batch13Part05
7b8010ef	Vsa.Sim.DecodeTable.Batch13Part05
7bc0206f	Vsa.Sim.DecodeTable.Batch13Part05
7bd0006f	Vsa.Sim.DecodeTable.Batch13Part05
7c071663	Vsa.Sim.DecodeTable.Batch13Part05
7c10006f	Vsa.Sim.DecodeTable.Batch13Part05
7c5040ef	Vsa.Sim.DecodeTable.Batch13Part05
7c90d0ef	Vsa.Sim.DecodeTable.Batch13Part05
7cc5b583	Vsa.Sim.DecodeTable.Batch13Part05
7cd040ef	Vsa.Sim.DecodeTable.Batch13Part05
7d051063	Vsa.Sim.DecodeTable.Batch13Part05
7d1000ef	Vsa.Sim.DecodeTable.Batch13Part05
7d90006f	Vsa.Sim.DecodeTable.Batch13Part05
7dc050ef	Vsa.Sim.DecodeTable.Batch13Part05
7dc50513	Vsa.Sim.DecodeTable.Batch13Part05
7e060463	Vsa.Sim.DecodeTable.Batch13Part05
7e061a63	Vsa.Sim.DecodeTable.Batch13Part06
7e078793	Vsa.Sim.DecodeTable.Batch13Part06
7e0c9c63	Vsa.Sim.DecodeTable.Batch13Part06
7e4b8b93	Vsa.Sim.DecodeTable.Batch13Part06
7e860613	Vsa.Sim.DecodeTable.Batch13Part06
7ec5b583	Vsa.Sim.DecodeTable.Batch13Part06
7ef70463	Vsa.Sim.DecodeTable.Batch13Part06
7f000513	Vsa.Sim.DecodeTable.Batch13Part06
7f000593	Vsa.Sim.DecodeTable.Batch13Part06
7f4000ef	Vsa.Sim.DecodeTable.Batch13Part06
7f47ce63	Vsa.Sim.DecodeTable.Batch13Part06
7f50006f	Vsa.Sim.DecodeTable.Batch13Part06
7f7f8737	Vsa.Sim.DecodeTable.Batch13Part06
7f7f87b7	Vsa.Sim.DecodeTable.Batch13Part06
7fc70713	Vsa.Sim.DecodeTable.Batch13Part06
7fd020ef	Vsa.Sim.DecodeTable.Batch13Part06
7fe00693	Vsa.Sim.DecodeTable.Batch13Part07
7fe00713	Vsa.Sim.DecodeTable.Batch13Part07
7fe00793	Vsa.Sim.DecodeTable.Batch13Part07
7fe57513	Vsa.Sim.DecodeTable.Batch13Part07
7fe57593	Vsa.Sim.DecodeTable.Batch13Part07
7fe6f593	Vsa.Sim.DecodeTable.Batch13Part07
7fe6f693	Vsa.Sim.DecodeTable.Batch13Part07
7ff00513	Vsa.Sim.DecodeTable.Batch13Part07
7ff00613	Vsa.Sim.DecodeTable.Batch13Part07
7ff00713	Vsa.Sim.DecodeTable.Batch13Part07
7ff00737	Vsa.Sim.DecodeTable.Batch13Part07
7ff00793	Vsa.Sim.DecodeTable.Batch13Part07
7ff008b7	Vsa.Sim.DecodeTable.Batch13Part07
7ff48793	Vsa.Sim.DecodeTable.Batch13Part07
7ff4f493	Vsa.Sim.DecodeTable.Batch13Part07
7ff57513	Vsa.Sim.DecodeTable.Batch13Part07
7ff5f713	Vsa.Sim.DecodeTable.Batch13Part08
7ff67613	Vsa.Sim.DecodeTable.Batch13Part08
7ff67793	Vsa.Sim.DecodeTable.Batch13Part08
7ff6f693	Vsa.Sim.DecodeTable.Batch13Part08
7ff70713	Vsa.Sim.DecodeTable.Batch13Part08
7ff77613	Vsa.Sim.DecodeTable.Batch13Part08
7ff77713	Vsa.Sim.DecodeTable.Batch13Part08
7ff7f513	Vsa.Sim.DecodeTable.Batch13Part08
7ff7f793	Vsa.Sim.DecodeTable.Batch13Part08
7ff87793	Vsa.Sim.DecodeTable.Batch13Part08
7ffe7e13	Vsa.Sim.DecodeTable.Batch13Part08
80000337	Vsa.Sim.DecodeTable.Batch13Part08
80000637	Vsa.Sim.DecodeTable.Batch13Part08
800006b7	Vsa.Sim.DecodeTable.Batch13Part08
80000737	Vsa.Sim.DecodeTable.Batch13Part08
800007b7	Vsa.Sim.DecodeTable.Batch13Part08
80000b37	Vsa.Sim.DecodeTable.Batch13Part09
80068693	Vsa.Sim.DecodeTable.Batch13Part09
80078793	Vsa.Sim.DecodeTable.Batch13Part09
800788e3	Vsa.Sim.DecodeTable.Batch13Part09
80078ce3	Vsa.Sim.DecodeTable.Batch13Part09
800ff06f	Vsa.Sim.DecodeTable.Batch13Part09
80100637	Vsa.Sim.DecodeTable.Batch13Part09
80160513	Vsa.Sim.DecodeTable.Batch13Part09
80160613	Vsa.Sim.DecodeTable.Batch13Part09
80168793	Vsa.Sim.DecodeTable.Batch13Part09
80168893	Vsa.Sim.DecodeTable.Batch13Part09
80170713	Vsa.Sim.DecodeTable.Batch13Part09
80178313	Vsa.Sim.DecodeTable.Batch13Part09
80178613	Vsa.Sim.DecodeTable.Batch13Part09
8017871b	Vsa.Sim.DecodeTable.Batch13Part09
804fd06f	Vsa.Sim.DecodeTable.Batch13Part09
80850513	Vsa.Sim.DecodeTable.Batch13Part10
808c8c93	Vsa.Sim.DecodeTable.Batch13Part10
808fa0ef	Vsa.Sim.DecodeTable.Batch13Part10
808ff06f	Vsa.Sim.DecodeTable.Batch13Part10
808ff0ef	Vsa.Sim.DecodeTable.Batch13Part10
809ef0ef	Vsa.Sim.DecodeTable.Batch13Part10
809ff06f	Vsa.Sim.DecodeTable.Batch13Part10
80dfe06f	Vsa.Sim.DecodeTable.Batch13Part10
81460613	Vsa.Sim.DecodeTable.Batch13Part10
8147d6e3	Vsa.Sim.DecodeTable.Batch13Part10
814ff06f	Vsa.Sim.DecodeTable.Batch13Part10
818f80ef	Vsa.Sim.DecodeTable.Batch13Part10
818fe06f	Vsa.Sim.DecodeTable.Batch13Part10
82060613	Vsa.Sim.DecodeTable.Batch13Part10
820780e3	Vsa.Sim.DecodeTable.Batch13Part10
824ff06f	Vsa.Sim.DecodeTable.Batch13Part10
825f80ef	Vsa.Sim.DecodeTable.Batch13Part11
829ff06f	Vsa.Sim.DecodeTable.Batch13Part11
82cfb0ef	Vsa.Sim.DecodeTable.Batch13Part11
82dff0ef	Vsa.Sim.DecodeTable.Batch13Part11
83070713	Vsa.Sim.DecodeTable.Batch13Part11
83078793	Vsa.Sim.DecodeTable.Batch13Part11
830ff06f	Vsa.Sim.DecodeTable.Batch13Part11
830ff0ef	Vsa.Sim.DecodeTable.Batch13Part11
835ff06f	Vsa.Sim.DecodeTable.Batch13Part11
83cff06f	Vsa.Sim.DecodeTable.Batch13Part11
83cff0ef	Vsa.Sim.DecodeTable.Batch13Part11
84068693	Vsa.Sim.DecodeTable.Batch13Part11
840fe06f	Vsa.Sim.DecodeTable.Batch13Part11
841ff06f	Vsa.Sim.DecodeTable.Batch13Part11
845ff0ef	Vsa.Sim.DecodeTable.Batch13Part11
848f90ef	Vsa.Sim.DecodeTable.Batch13Part11
848fd06f	Vsa.Sim.DecodeTable.Batch13Part12
84cfd06f	Vsa.Sim.DecodeTable.Batch13Part12
84cff0ef	Vsa.Sim.DecodeTable.Batch13Part12
850ff06f	Vsa.Sim.DecodeTable.Batch13Part12
859ff06f	Vsa.Sim.DecodeTable.Batch13Part12
85c60613	Vsa.Sim.DecodeTable.Batch13Part12
85cb0b13	Vsa.Sim.DecodeTable.Batch13Part12
85cff06f	Vsa.Sim.DecodeTable.Batch13Part12
861ff06f	Vsa.Sim.DecodeTable.Batch13Part12
869ff06f	Vsa.Sim.DecodeTable.Batch13Part12
86dfe0ef	Vsa.Sim.DecodeTable.Batch13Part12
874fe0ef	Vsa.Sim.DecodeTable.Batch17
874ff06f	Vsa.Sim.DecodeTable.Batch13Part12
875ff06f	Vsa.Sim.DecodeTable.Batch13Part12
8767d6e3	Vsa.Sim.DecodeTable.Batch13Part12
878c8c93	Vsa.Sim.DecodeTable.Batch13Part12
878ff06f	Vsa.Sim.DecodeTable.Batch13Part12
878ff0ef	Vsa.Sim.DecodeTable.Batch13Part13
87cfe06f	Vsa.Sim.DecodeTable.Batch13Part13
88059c63	Vsa.Sim.DecodeTable.Batch13Part13
880ff0ef	Vsa.Sim.DecodeTable.Batch13Part13
881f80ef	Vsa.Sim.DecodeTable.Batch13Part13
881ff06f	Vsa.Sim.DecodeTable.Batch13Part13
884ff06f	Vsa.Sim.DecodeTable.Batch13Part13
885f80ef	Vsa.Sim.DecodeTable.Batch13Part13
885f90ef	Vsa.Sim.DecodeTable.Batch13Part13
888ff06f	Vsa.Sim.DecodeTable.Batch13Part13
889ff0ef	Vsa.Sim.DecodeTable.Batch13Part13
88cfe06f	Vsa.Sim.DecodeTable.Batch13Part13
88f050e3	Vsa.Sim.DecodeTable.Batch13Part13
890d8d93	Vsa.Sim.DecodeTable.Batch13Part13
894ff06f	Vsa.Sim.DecodeTable.Batch13Part13
894ff0ef	Vsa.Sim.DecodeTable.Batch13Part13
896056e3	Vsa.Sim.DecodeTable.Batch13Part14
89860613	Vsa.Sim.DecodeTable.Batch13Part14
898fc0ef	Vsa.Sim.DecodeTable.Batch13Part14
89a6e263	Vsa.Sim.DecodeTable.Batch13Part14
89cfb0ef	Vsa.Sim.DecodeTable.Batch13Part14
89cff06f	Vsa.Sim.DecodeTable.Batch13Part14
89dfa0ef	Vsa.Sim.DecodeTable.Batch13Part14
8a06dc63	Vsa.Sim.DecodeTable.Batch13Part14
8a0fe06f	Vsa.Sim.DecodeTable.Batch13Part14
8a1f00ef	Vsa.Sim.DecodeTable.Batch13Part14
8a1fe06f	Vsa.Sim.DecodeTable.Batch13Part14
8a5fa0ef	Vsa.Sim.DecodeTable.Batch13Part14
8a5ff0ef	Vsa.Sim.DecodeTable.Batch13Part14
8acfe06f	Vsa.Sim.DecodeTable.Batch13Part14
8adfd06f	Vsa.Sim.DecodeTable.Batch13Part14
8b0d0d13	Vsa.Sim.DecodeTable.Batch13Part14
8b8fd06f	Vsa.Sim.DecodeTable.Batch13Part15
8b9fa0ef	Vsa.Sim.DecodeTable.Batch13Part15
8b9ff06f	Vsa.Sim.DecodeTable.Batch13Part15
8bb6eee3	Vsa.Sim.DecodeTable.Batch13Part15
8c0ff0ef	Vsa.Sim.DecodeTable.Batch13Part15
8c5ff06f	Vsa.Sim.DecodeTable.Batch13Part15
8c5ff0ef	Vsa.Sim.DecodeTable.Batch13Part15
8c878793	Vsa.Sim.DecodeTable.Batch13Part15
8c898993	Vsa.Sim.DecodeTable.Batch13Part15
8ccfb0ef	Vsa.Sim.DecodeTable.Batch13Part15
8ccff06f	Vsa.Sim.DecodeTable.Batch13Part15
8cdfd06f	Vsa.Sim.DecodeTable.Batch13Part15
8cdff06f	Vsa.Sim.DecodeTable.Batch13Part15
8d050513	Vsa.Sim.DecodeTable.Batch13Part15
8d0ff06f	Vsa.Sim.DecodeTable.Batch13Part15
8d0ff0ef	Vsa.Sim.DecodeTable.Batch13Part15
8d5ff06f	Vsa.Sim.DecodeTable.Batch13Part16
8d605ae3	Vsa.Sim.DecodeTable.Batch13Part16
8e0512e3	Vsa.Sim.DecodeTable.Batch13Part16
8e4ff0ef	Vsa.Sim.DecodeTable.Batch13Part16
8e5fd06f	Vsa.Sim.DecodeTable.Batch13Part16
8e5fe06f	Vsa.Sim.DecodeTable.Batch13Part16
8e5ff06f	Vsa.Sim.DecodeTable.Batch13Part16
8e8a0a13	Vsa.Sim.DecodeTable.Batch13Part16
8e9fa0ef	Vsa.Sim.DecodeTable.Batch13Part16
8e9fe06f	Vsa.Sim.DecodeTable.Batch13Part16
8e9ff06f	Vsa.Sim.DecodeTable.Batch13Part16
8f0d8d93	Vsa.Sim.DecodeTable.Batch13Part16
8f0f70ef	Vsa.Sim.DecodeTable.Batch13Part16
8f0ff06f	Vsa.Sim.DecodeTable.Batch13Part16
8f0ff0ef	Vsa.Sim.DecodeTable.Batch13Part16
8f1ff06f	Vsa.Sim.DecodeTable.Batch13Part16
8f5ff06f	Vsa.Sim.DecodeTable.Batch13Part17
8f9ff06f	Vsa.Sim.DecodeTable.Batch13Part17
8fdfe06f	Vsa.Sim.DecodeTable.Batch13Part17
8fdff06f	Vsa.Sim.DecodeTable.Batch13Part17
900512e3	Vsa.Sim.DecodeTable.Batch13Part17
900b5e63	Vsa.Sim.DecodeTable.Batch13Part17
900ff06f	Vsa.Sim.DecodeTable.Batch13Part17
904f0f13	Vsa.Sim.DecodeTable.Batch13Part17
904ff06f	Vsa.Sim.DecodeTable.Batch13Part17
905ff06f	Vsa.Sim.DecodeTable.Batch13Part17
905ff0ef	Vsa.Sim.DecodeTable.Batch13Part17
90cee0ef	Vsa.Sim.DecodeTable.Batch13Part17
90cfd06f	Vsa.Sim.DecodeTable.Batch13Part17
90dff06f	Vsa.Sim.DecodeTable.Batch13Part17
90f78793	Vsa.Sim.DecodeTable.Batch13Part17
911ef0ef	Vsa.Sim.DecodeTable.Batch13Part17
911f10ef	Vsa.Sim.DecodeTable.Batch13Part18
91450513	Vsa.Sim.DecodeTable.Batch13Part18
914fa0ef	Vsa.Sim.DecodeTable.Batch13Part18
915ec0ef	Vsa.Sim.DecodeTable.Batch13Part18
9167d263	Vsa.Sim.DecodeTable.Batch13Part18
91898993	Vsa.Sim.DecodeTable.Batch13Part18
918fe06f	Vsa.Sim.DecodeTable.Batch13Part18
918ff0ef	Vsa.Sim.DecodeTable.Batch13Part18
919fe06f	Vsa.Sim.DecodeTable.Batch13Part18
91cfe06f	Vsa.Sim.DecodeTable.Batch13Part18
91cff0ef	Vsa.Sim.DecodeTable.Batch13Part18
91dfe06f	Vsa.Sim.DecodeTable.Batch13Part18
920fa0ef	Vsa.Sim.DecodeTable.Batch13Part18
921fe06f	Vsa.Sim.DecodeTable.Batch13Part18
925ec0ef	Vsa.Sim.DecodeTable.Batch13Part18
925f70ef	Vsa.Sim.DecodeTable.Batch13Part18
925ff06f	Vsa.Sim.DecodeTable.Batch13Part19
92858593	Vsa.Sim.DecodeTable.Batch13Part19
929ff06f	Vsa.Sim.DecodeTable.Batch13Part19
92cf70ef	Vsa.Sim.DecodeTable.Batch13Part19
92cff0ef	Vsa.Sim.DecodeTable.Batch13Part19
930fa0ef	Vsa.Sim.DecodeTable.Batch13Part19
930ff06f	Vsa.Sim.DecodeTable.Batch13Part19
930ff0ef	Vsa.Sim.DecodeTable.Batch13Part19
931f80ef	Vsa.Sim.DecodeTable.Batch13Part19
9347dc63	Vsa.Sim.DecodeTable.Batch13Part19
935ec0ef	Vsa.Sim.DecodeTable.Batch13Part19
938fe06f	Vsa.Sim.DecodeTable.Batch13Part19
939f00ef	Vsa.Sim.DecodeTable.Batch13Part19
939ff06f	Vsa.Sim.DecodeTable.Batch13Part19
940510e3	Vsa.Sim.DecodeTable.Batch13Part19
940fd06f	Vsa.Sim.DecodeTable.Batch13Part19
940ff0ef	Vsa.Sim.DecodeTable.Batch13Part20
941fe06f	Vsa.Sim.DecodeTable.Batch13Part20
945ec0ef	Vsa.Sim.DecodeTable.Batch13Part20
945fe06f	Vsa.Sim.DecodeTable.Batch13Part20
945ff06f	Vsa.Sim.DecodeTable.Batch13Part20
949f80ef	Vsa.Sim.DecodeTable.Batch13Part20
949fe0ef	Vsa.Sim.DecodeTable.Batch13Part20
950fd06f	Vsa.Sim.DecodeTable.Batch13Part20
951ff06f	Vsa.Sim.DecodeTable.Batch13Part20
955fe06f	Vsa.Sim.DecodeTable.Batch13Part20
958ff06f	Vsa.Sim.DecodeTable.Batch13Part20
95dfd06f	Vsa.Sim.DecodeTable.Batch13Part20
95dff06f	Vsa.Sim.DecodeTable.Batch13Part20
960516e3	Vsa.Sim.DecodeTable.Batch13Part20
960518e3	Vsa.Sim.DecodeTable.Batch13Part20
96058ae3	Vsa.Sim.DecodeTable.Batch13Part20
96078ae3	Vsa.Sim.DecodeTable.Batch13Part21
960ff06f	Vsa.Sim.DecodeTable.Batch13Part21
965fe06f	Vsa.Sim.DecodeTable.Batch13Part21
968ff06f	Vsa.Sim.DecodeTable.Batch13Part21
968ff0ef	Vsa.Sim.DecodeTable.Batch13Part21
96c50513	Vsa.Sim.DecodeTable.Batch13Part21
96cfd06f	Vsa.Sim.DecodeTable.Batch13Part21
96dfe06f	Vsa.Sim.DecodeTable.Batch13Part21
974b0b13	Vsa.Sim.DecodeTable.Batch13Part21
978ff06f	Vsa.Sim.DecodeTable.Batch13Part21
979048e3	Vsa.Sim.DecodeTable.Batch13Part21
980b4063	Vsa.Sim.DecodeTable.Batch13Part21
980f0e63	Vsa.Sim.DecodeTable.Batch13Part21
98858593	Vsa.Sim.DecodeTable.Batch13Part21
988f80ef	Vsa.Sim.DecodeTable.Batch13Part21
988fd06f	Vsa.Sim.DecodeTable.Batch13Part21
98c58593	Vsa.Sim.DecodeTable.Batch13Part22
98c70713	Vsa.Sim.DecodeTable.Batch13Part22
98cff06f	Vsa.Sim.DecodeTable.Batch13Part22
98dfe06f	Vsa.Sim.DecodeTable.Batch13Part22
991fe06f	Vsa.Sim.DecodeTable.Batch13Part22
991ff06f	Vsa.Sim.DecodeTable.Batch13Part22
991ff0ef	Vsa.Sim.DecodeTable.Batch13Part22
994f80ef	Vsa.Sim.DecodeTable.Batch13Part22
995ff06f	Vsa.Sim.DecodeTable.Batch13Part22
995ff0ef	Vsa.Sim.DecodeTable.Batch13Part22
998ff06f	Vsa.Sim.DecodeTable.Batch13Part22
998ff0ef	Vsa.Sim.DecodeTable.Batch13Part22
99cff0ef	Vsa.Sim.DecodeTable.Batch13Part22
9a06d463	Vsa.Sim.DecodeTable.Batch13Part22
9a070ce3	Vsa.Sim.DecodeTable.Batch13Part22
9a088893	Vsa.Sim.DecodeTable.Batch13Part22
9a1ff06f	Vsa.Sim.DecodeTable.Batch13Part23
9a5f10ef	Vsa.Sim.DecodeTable.Batch13Part23
9a8ff06f	Vsa.Sim.DecodeTable.Batch13Part23
9acff06f	Vsa.Sim.DecodeTable.Batch13Part23
9adff06f	Vsa.Sim.DecodeTable.Batch13Part23
9b1ff06f	Vsa.Sim.DecodeTable.Batch13Part23
9b4fd06f	Vsa.Sim.DecodeTable.Batch13Part23
9b5f10ef	Vsa.Sim.DecodeTable.Batch13Part23
9b5fe06f	Vsa.Sim.DecodeTable.Batch13Part23
9b605463	Vsa.Sim.DecodeTable.Batch13Part23
9b8ff06f	Vsa.Sim.DecodeTable.Batch13Part23
9b9fd06f	Vsa.Sim.DecodeTable.Batch13Part23
9b9ff06f	Vsa.Sim.DecodeTable.Batch13Part23
9b9ff0ef	Vsa.Sim.DecodeTable.Batch13Part23
9bcfe06f	Vsa.Sim.DecodeTable.Batch13Part23
9c06c0e3	Vsa.Sim.DecodeTable.Batch13Part23
9c0f0463	Vsa.Sim.DecodeTable.Batch13Part24
9c1fd06f	Vsa.Sim.DecodeTable.Batch13Part24
9c1fe06f	Vsa.Sim.DecodeTable.Batch13Part24
9c1ff06f	Vsa.Sim.DecodeTable.Batch13Part24
9c4d0d13	Vsa.Sim.DecodeTable.Batch13Part24
9c5ff06f	Vsa.Sim.DecodeTable.Batch13Part24
9c9ff06f	Vsa.Sim.DecodeTable.Batch13Part24
9cb05a63	Vsa.Sim.DecodeTable.Batch13Part24
9cb550e3	Vsa.Sim.DecodeTable.Batch13Part24
9d0fe06f	Vsa.Sim.DecodeTable.Batch13Part24
9d0ff06f	Vsa.Sim.DecodeTable.Batch13Part24
9d5fe06f	Vsa.Sim.DecodeTable.Batch13Part24
9d5ff06f	Vsa.Sim.DecodeTable.Batch13Part24
9d8ff06f	Vsa.Sim.DecodeTable.Batch13Part24
9d8ff0ef	Vsa.Sim.DecodeTable.Batch13Part24
9dcff0ef	Vsa.Sim.DecodeTable.Batch13Part24
9ddfe06f	Vsa.Sim.DecodeTable.Batch13Part25
9e0e1ce3	Vsa.Sim.DecodeTable.Batch13Part25
9e0ff0ef	Vsa.Sim.DecodeTable.Batch13Part25
9e1f10ef	Vsa.Sim.DecodeTable.Batch13Part25
9e1ff06f	Vsa.Sim.DecodeTable.Batch13Part25
9e860613	Vsa.Sim.DecodeTable.Batch13Part25
9e9fe06f	Vsa.Sim.DecodeTable.Batch13Part25
9e9ff06f	Vsa.Sim.DecodeTable.Batch13Part25
9e9ff0ef	Vsa.Sim.DecodeTable.Batch13Part25
9ecfd06f	Vsa.Sim.DecodeTable.Batch13Part25
9edfe06f	Vsa.Sim.DecodeTable.Batch13Part25
9f0ff06f	Vsa.Sim.DecodeTable.Batch13Part25
9f1ff06f	Vsa.Sim.DecodeTable.Batch13Part25
9f5fb0ef	Vsa.Sim.DecodeTable.Batch13Part25
9f8c8c93	Vsa.Sim.DecodeTable.Batch13Part25
9fcfd06f	Vsa.Sim.DecodeTable.Batch13Part25
9fcff06f	Vsa.Sim.DecodeTable.Batch13Part26
a00518e3	Vsa.Sim.DecodeTable.Batch13Part26
a05ff06f	Vsa.Sim.DecodeTable.Batch13Part26
a0cff0ef	Vsa.Sim.DecodeTable.Batch13Part26
a0dff06f	Vsa.Sim.DecodeTable.Batch13Part26
a10ff06f	Vsa.Sim.DecodeTable.Batch13Part26
a11ff06f	Vsa.Sim.DecodeTable.Batch13Part26
a1848493	Vsa.Sim.DecodeTable.Batch13Part26
a18ff0ef	Vsa.Sim.DecodeTable.Batch13Part26
a1cfe06f	Vsa.Sim.DecodeTable.Batch13Part26
a1cff06f	Vsa.Sim.DecodeTable.Batch13Part26
a1df80ef	Vsa.Sim.DecodeTable.Batch13Part26
a2059ce3	Vsa.Sim.DecodeTable.Batch13Part26
a206c2e3	Vsa.Sim.DecodeTable.Batch13Part26
a20c8c93	Vsa.Sim.DecodeTable.Batch13Part26
a20fc0ef	Vsa.Sim.DecodeTable.Batch13Part26
a20ff0ef	Vsa.Sim.DecodeTable.Batch13Part27
a24ff0ef	Vsa.Sim.DecodeTable.Batch13Part27
a25fe06f	Vsa.Sim.DecodeTable.Batch13Part27
a25ff06f	Vsa.Sim.DecodeTable.Batch13Part27
a25ff0ef	Vsa.Sim.DecodeTable.Batch13Part27
a28ff06f	Vsa.Sim.DecodeTable.Batch13Part27
a2cfa0ef	Vsa.Sim.DecodeTable.Batch13Part27
a308b883	Vsa.Sim.DecodeTable.Batch13Part27
a31f10ef	Vsa.Sim.DecodeTable.Batch13Part27
a34054e3	Vsa.Sim.DecodeTable.Batch13Part27
a36a5263	Vsa.Sim.DecodeTable.Batch13Part27
a38d8d93	Vsa.Sim.DecodeTable.Batch13Part27
a39fe06f	Vsa.Sim.DecodeTable.Batch13Part27
a39ff06f	Vsa.Sim.DecodeTable.Batch13Part27
a3cee0ef	Vsa.Sim.DecodeTable.Batch13Part27
a3cf70ef	Vsa.Sim.DecodeTable.Batch13Part27
a3cff06f	Vsa.Sim.DecodeTable.Batch13Part28
a3dff06f	Vsa.Sim.DecodeTable.Batch13Part28
a406d863	Vsa.Sim.DecodeTable.Batch13Part28
a40d10e3	Vsa.Sim.DecodeTable.Batch13Part28
a40ff06f	Vsa.Sim.DecodeTable.Batch13Part28
a4470713	Vsa.Sim.DecodeTable.Batch13Part28
a45fe06f	Vsa.Sim.DecodeTable.Batch13Part28
a45ff06f	Vsa.Sim.DecodeTable.Batch13Part28
a48cbc83	Vsa.Sim.DecodeTable.Batch13Part28
a48ff06f	Vsa.Sim.DecodeTable.Batch13Part28
a51ff06f	Vsa.Sim.DecodeTable.Batch13Part28
a54ff06f	Vsa.Sim.DecodeTable.Batch13Part28
a54ff0ef	Vsa.Sim.DecodeTable.Batch13Part28
a55fd06f	Vsa.Sim.DecodeTable.Batch13Part28
a55ff06f	Vsa.Sim.DecodeTable.Batch13Part28
a5804ae3	Vsa.Sim.DecodeTable.Batch13Part28
a5b6ee63	Vsa.Sim.DecodeTable.Batch13Part29
a5dff06f	Vsa.Sim.DecodeTable.Batch13Part29
a6098993	Vsa.Sim.DecodeTable.Batch13Part29
a60c8c93	Vsa.Sim.DecodeTable.Batch13Part29
a60ff0ef	Vsa.Sim.DecodeTable.Batch13Part29
a61fb0ef	Vsa.Sim.DecodeTable.Batch13Part29
a64c8c93	Vsa.Sim.DecodeTable.Batch13Part29
a65fe06f	Vsa.Sim.DecodeTable.Batch13Part29
a65ff06f	Vsa.Sim.DecodeTable.Batch13Part29
a6868693	Vsa.Sim.DecodeTable.Batch13Part29
a68fd0ef	Vsa.Sim.DecodeTable.Batch13Part29
a69ff06f	Vsa.Sim.DecodeTable.Batch13Part29
a6cee0ef	Vsa.Sim.DecodeTable.Batch13Part29
a6d78793	Vsa.Sim.DecodeTable.Batch13Part29
a6dfe06f	Vsa.Sim.DecodeTable.Batch13Part29
a6dff06f	Vsa.Sim.DecodeTable.Batch13Part29
a705b583	Vsa.Sim.DecodeTable.Batch13Part30
a70ff06f	Vsa.Sim.DecodeTable.Batch13Part30
a71ff06f	Vsa.Sim.DecodeTable.Batch13Part30
a78fe06f	Vsa.Sim.DecodeTable.Batch13Part30
a79ff06f	Vsa.Sim.DecodeTable.Batch13Part30
a7cff06f	Vsa.Sim.DecodeTable.Batch13Part30
a7df80ef	Vsa.Sim.DecodeTable.Batch13Part30
a7dfe06f	Vsa.Sim.DecodeTable.Batch13Part30
a7dff06f	Vsa.Sim.DecodeTable.Batch13Part30
a8050863	Vsa.Sim.DecodeTable.Batch13Part30
a80518e3	Vsa.Sim.DecodeTable.Batch13Part30
a80f60ef	Vsa.Sim.DecodeTable.Batch13Part30
a80f9a63	Vsa.Sim.DecodeTable.Batch13Part30
a80ff06f	Vsa.Sim.DecodeTable.Batch13Part30
a89ff06f	Vsa.Sim.DecodeTable.Batch13Part30
a8b75063	Vsa.Sim.DecodeTable.Batch13Part30
a8dff06f	Vsa.Sim.DecodeTable.Batch13Part31
a8efcae3	Vsa.Sim.DecodeTable.Batch13Part31
a90fd06f	Vsa.Sim.DecodeTable.Batch13Part31
a90ff06f	Vsa.Sim.DecodeTable.Batch13Part31
a91fe0ef	Vsa.Sim.DecodeTable.Batch13Part31
a9480813	Vsa.Sim.DecodeTable.Batch13Part31
a94fd06f	Vsa.Sim.DecodeTable.Batch13Part31
a94ff06f	Vsa.Sim.DecodeTable.Batch13Part31
a95fe06f	Vsa.Sim.DecodeTable.Batch13Part31
a95ff06f	Vsa.Sim.DecodeTable.Batch13Part31
a98ff0ef	Vsa.Sim.DecodeTable.Batch13Part31
a9f042e3	Vsa.Sim.DecodeTable.Batch13Part31
aa0610e3	Vsa.Sim.DecodeTable.Batch13Part31
aa1fd06f	Vsa.Sim.DecodeTable.Batch13Part31
aa1ff06f	Vsa.Sim.DecodeTable.Batch13Part31
aa9ff06f	Vsa.Sim.DecodeTable.Batch13Part31
aacff06f	Vsa.Sim.DecodeTable.Batch13Part32
aadb5c63	Vsa.Sim.DecodeTable.Batch13Part32
ab0ff06f	Vsa.Sim.DecodeTable.Batch13Part32
ab1fe06f	Vsa.Sim.DecodeTable.Batch13Part32
ab1ff06f	Vsa.Sim.DecodeTable.Batch13Part32
ab6054e3	Vsa.Sim.DecodeTable.Batch13Part32
abcff06f	Vsa.Sim.DecodeTable.Batch13Part32
abdff06f	Vsa.Sim.DecodeTable.Batch13Part32
ac050663	Vsa.Sim.DecodeTable.Batch13Part32
ac051e63	Vsa.Sim.DecodeTable.Batch13Part32
ac051ee3	Vsa.Sim.DecodeTable.Batch13Part32
ac0704e3	Vsa.Sim.DecodeTable.Batch13Part32
ac1fd06f	Vsa.Sim.DecodeTable.Batch13Part32
ac1fe06f	Vsa.Sim.DecodeTable.Batch13Part32
ac498993	Vsa.Sim.DecodeTable.Batch13Part32
ac5fe06f	Vsa.Sim.DecodeTable.Batch13Part32
ac8fd06f	Vsa.Sim.DecodeTable.Batch14Part01
ac9ff06f	Vsa.Sim.DecodeTable.Batch14Part01
acb55663	Vsa.Sim.DecodeTable.Batch14Part01
acc58593	Vsa.Sim.DecodeTable.Batch14Part01
accf10ef	Vsa.Sim.DecodeTable.Batch14Part01
accfe06f	Vsa.Sim.DecodeTable.Batch14Part01
acdff06f	Vsa.Sim.DecodeTable.Batch14Part01
acdff0ef	Vsa.Sim.DecodeTable.Batch14Part01
ad1ff06f	Vsa.Sim.DecodeTable.Batch14Part01
ad8fe06f	Vsa.Sim.DecodeTable.Batch14Part01
adcff06f	Vsa.Sim.DecodeTable.Batch14Part01
ae078663	Vsa.Sim.DecodeTable.Batch14Part01
ae0f0c63	Vsa.Sim.DecodeTable.Batch14Part01
ae0f0ce3	Vsa.Sim.DecodeTable.Batch14Part01
ae1fc06f	Vsa.Sim.DecodeTable.Batch17
ae4fc0ef	Vsa.Sim.DecodeTable.Batch14Part01
aedff06f	Vsa.Sim.DecodeTable.Batch14Part01
aee7d2e3	Vsa.Sim.DecodeTable.Batch14Part02
af0ff06f	Vsa.Sim.DecodeTable.Batch14Part02
af1ff06f	Vsa.Sim.DecodeTable.Batch14Part02
af468693	Vsa.Sim.DecodeTable.Batch14Part02
af4e906f	Vsa.Sim.DecodeTable.Batch14Part02
afc68693	Vsa.Sim.DecodeTable.Batch14Part02
afcf10ef	Vsa.Sim.DecodeTable.Batch14Part02
afcff0ef	Vsa.Sim.DecodeTable.Batch14Part02
b01fe0ef	Vsa.Sim.DecodeTable.Batch14Part02
b04ff06f	Vsa.Sim.DecodeTable.Batch14Part02
b05ff06f	Vsa.Sim.DecodeTable.Batch14Part02
b08e90ef	Vsa.Sim.DecodeTable.Batch14Part02
b08f60ef	Vsa.Sim.DecodeTable.Batch14Part02
b0b752e3	Vsa.Sim.DecodeTable.Batch14Part02
b0cd0d13	Vsa.Sim.DecodeTable.Batch14Part02
b1010113	Vsa.Sim.DecodeTable.Batch14Part02
b10fe06f	Vsa.Sim.DecodeTable.Batch14Part03
b10ff06f	Vsa.Sim.DecodeTable.Batch14Part03
b11f80ef	Vsa.Sim.DecodeTable.Batch14Part03
b11ff06f	Vsa.Sim.DecodeTable.Batch14Part03
b14ff06f	Vsa.Sim.DecodeTable.Batch14Part03
b15ff06f	Vsa.Sim.DecodeTable.Batch14Part03
b18fd0ef	Vsa.Sim.DecodeTable.Batch14Part03
b19ff06f	Vsa.Sim.DecodeTable.Batch14Part03
b1cfa0ef	Vsa.Sim.DecodeTable.Batch14Part03
b1cff06f	Vsa.Sim.DecodeTable.Batch14Part03
b1def0ef	Vsa.Sim.DecodeTable.Batch17
b1dff06f	Vsa.Sim.DecodeTable.Batch14Part03
b20502e3	Vsa.Sim.DecodeTable.Batch14Part03
b2051ee3	Vsa.Sim.DecodeTable.Batch14Part03
b2060613	Vsa.Sim.DecodeTable.Batch14Part03
b2078663	Vsa.Sim.DecodeTable.Batch14Part03
b24ff06f	Vsa.Sim.DecodeTable.Batch14Part03
b29ff06f	Vsa.Sim.DecodeTable.Batch14Part04
b2cfe06f	Vsa.Sim.DecodeTable.Batch14Part04
b3050513	Vsa.Sim.DecodeTable.Batch14Part04
b347d6e3	Vsa.Sim.DecodeTable.Batch14Part04
b39ff06f	Vsa.Sim.DecodeTable.Batch14Part04
b3dfd06f	Vsa.Sim.DecodeTable.Batch14Part04
b3dfe06f	Vsa.Sim.DecodeTable.Batch14Part04
b4051ce3	Vsa.Sim.DecodeTable.Batch14Part04
b4074ee3	Vsa.Sim.DecodeTable.Batch14Part04
b40f10ef	Vsa.Sim.DecodeTable.Batch14Part04
b41ff06f	Vsa.Sim.DecodeTable.Batch14Part04
b45fe06f	Vsa.Sim.DecodeTable.Batch14Part04
b48f00ef	Vsa.Sim.DecodeTable.Batch14Part04
b4dfe0ef	Vsa.Sim.DecodeTable.Batch14Part04
b54fe06f	Vsa.Sim.DecodeTable.Batch14Part04
b54ff0ef	Vsa.Sim.DecodeTable.Batch14Part04
b55fe06f	Vsa.Sim.DecodeTable.Batch14Part05
b55ff06f	Vsa.Sim.DecodeTable.Batch14Part05
b59ff06f	Vsa.Sim.DecodeTable.Batch14Part05
b5c68693	Vsa.Sim.DecodeTable.Batch14Part05
b5cff0ef	Vsa.Sim.DecodeTable.Batch14Part05
b5dff06f	Vsa.Sim.DecodeTable.Batch14Part05
b60296e3	Vsa.Sim.DecodeTable.Batch14Part05
b60712e3	Vsa.Sim.DecodeTable.Batch14Part05
b60794e3	Vsa.Sim.DecodeTable.Batch14Part05
b60ff06f	Vsa.Sim.DecodeTable.Batch14Part05
b61ff06f	Vsa.Sim.DecodeTable.Batch14Part05
b65ff06f	Vsa.Sim.DecodeTable.Batch14Part05
b68ff06f	Vsa.Sim.DecodeTable.Batch14Part05
b69ff06f	Vsa.Sim.DecodeTable.Batch14Part05
b6c58593	Vsa.Sim.DecodeTable.Batch14Part05
b6c78793	Vsa.Sim.DecodeTable.Batch14Part05
b6cff06f	Vsa.Sim.DecodeTable.Batch14Part06
b6dfd06f	Vsa.Sim.DecodeTable.Batch14Part06
b6dff0ef	Vsa.Sim.DecodeTable.Batch14Part06
b6f73a23	Vsa.Sim.DecodeTable.Batch14Part06
b6fb0ce3	Vsa.Sim.DecodeTable.Batch14Part06
b70fe06f	Vsa.Sim.DecodeTable.Batch14Part06
b70ff06f	Vsa.Sim.DecodeTable.Batch14Part06
b71fe06f	Vsa.Sim.DecodeTable.Batch14Part06
b78f10ef	Vsa.Sim.DecodeTable.Batch14Part06
b78ff06f	Vsa.Sim.DecodeTable.Batch14Part06
b79fd06f	Vsa.Sim.DecodeTable.Batch14Part06
b79fe06f	Vsa.Sim.DecodeTable.Batch14Part06
b7cff06f	Vsa.Sim.DecodeTable.Batch14Part06
b7d05463	Vsa.Sim.DecodeTable.Batch14Part06
b7dff06f	Vsa.Sim.DecodeTable.Batch14Part06
b7dff0ef	Vsa.Sim.DecodeTable.Batch14Part06
b7f37313	Vsa.Sim.DecodeTable.Batch14Part07
b7f67613	Vsa.Sim.DecodeTable.Batch14Part07
b7f77713	Vsa.Sim.DecodeTable.Batch14Part07
b7f77e13	Vsa.Sim.DecodeTable.Batch14Part07
b7f87313	Vsa.Sim.DecodeTable.Batch14Part07
b7fdf313	Vsa.Sim.DecodeTable.Batch14Part07
b7fe7e13	Vsa.Sim.DecodeTable.Batch14Part07
b8031263	Vsa.Sim.DecodeTable.Batch14Part07
b80518e3	Vsa.Sim.DecodeTable.Batch14Part07
b8060263	Vsa.Sim.DecodeTable.Batch14Part07
b8075ee3	Vsa.Sim.DecodeTable.Batch14Part07
b8080813	Vsa.Sim.DecodeTable.Batch14Part07
b80f0ee3	Vsa.Sim.DecodeTable.Batch14Part07
b81ff06f	Vsa.Sim.DecodeTable.Batch14Part07
b84b0b13	Vsa.Sim.DecodeTable.Batch14Part07
b84fe06f	Vsa.Sim.DecodeTable.Batch14Part07
b85ff06f	Vsa.Sim.DecodeTable.Batch14Part08
b89f80ef	Vsa.Sim.DecodeTable.Batch14Part08
b89ff06f	Vsa.Sim.DecodeTable.Batch14Part08
b90fe0ef	Vsa.Sim.DecodeTable.Batch14Part08
b91ff06f	Vsa.Sim.DecodeTable.Batch14Part08
b95fd06f	Vsa.Sim.DecodeTable.Batch14Part08
b95fe06f	Vsa.Sim.DecodeTable.Batch14Part08
b95ff06f	Vsa.Sim.DecodeTable.Batch14Part08
b98f10ef	Vsa.Sim.DecodeTable.Batch14Part08
b98ff06f	Vsa.Sim.DecodeTable.Batch14Part08
b99fd06f	Vsa.Sim.DecodeTable.Batch14Part08
ba06d6e3	Vsa.Sim.DecodeTable.Batch14Part08
ba0fa0ef	Vsa.Sim.DecodeTable.Batch14Part08
ba1ff06f	Vsa.Sim.DecodeTable.Batch14Part08
ba5ff06f	Vsa.Sim.DecodeTable.Batch14Part08
ba8fc0ef	Vsa.Sim.DecodeTable.Batch14Part08
ba9ff06f	Vsa.Sim.DecodeTable.Batch14Part09
bad704e3	Vsa.Sim.DecodeTable.Batch14Part09
bb1fa0ef	Vsa.Sim.DecodeTable.Batch14Part09
bb1fe06f	Vsa.Sim.DecodeTable.Batch14Part09
bb1ff06f	Vsa.Sim.DecodeTable.Batch14Part09
bb5f80ef	Vsa.Sim.DecodeTable.Batch14Part09
bb5ff06f	Vsa.Sim.DecodeTable.Batch14Part09
bb8fe06f	Vsa.Sim.DecodeTable.Batch14Part09
bb9ff06f	Vsa.Sim.DecodeTable.Batch14Part09
bb9ff0ef	Vsa.Sim.DecodeTable.Batch14Part09
bbcf8f93	Vsa.Sim.DecodeTable.Batch14Part09
bbdef0ef	Vsa.Sim.DecodeTable.Batch14Part09
bbdff06f	Vsa.Sim.DecodeTable.Batch14Part09
bc010113	Vsa.Sim.DecodeTable.Batch14Part09
bc0754e3	Vsa.Sim.DecodeTable.Batch14Part09
bc0ff0ef	Vsa.Sim.DecodeTable.Batch14Part09
bc450513	Vsa.Sim.DecodeTable.Batch14Part10
bc5ff06f	Vsa.Sim.DecodeTable.Batch14Part10
bc8fd06f	Vsa.Sim.DecodeTable.Batch14Part10
bc9fe06f	Vsa.Sim.DecodeTable.Batch14Part10
bcc70ae3	Vsa.Sim.DecodeTable.Batch14Part10
bccfe06f	Vsa.Sim.DecodeTable.Batch14Part10
bcd4849b	Vsa.Sim.DecodeTable.Batch14Part10
bcdff06f	Vsa.Sim.DecodeTable.Batch14Part10
bce5051b	Vsa.Sim.DecodeTable.Batch14Part10
bcf6f0e3	Vsa.Sim.DecodeTable.Batch14Part10
bd0fc0ef	Vsa.Sim.DecodeTable.Batch14Part10
bd1ff0ef	Vsa.Sim.DecodeTable.Batch14Part10
bd405ae3	Vsa.Sim.DecodeTable.Batch14Part10
bd4ff06f	Vsa.Sim.DecodeTable.Batch14Part10
bd4ff0ef	Vsa.Sim.DecodeTable.Batch14Part10
bd8fe06f	Vsa.Sim.DecodeTable.Batch14Part10
bd9f00ef	Vsa.Sim.DecodeTable.Batch14Part11
bd9f60ef	Vsa.Sim.DecodeTable.Batch14Part11
bd9ff0ef	Vsa.Sim.DecodeTable.Batch14Part11
bda05463	Vsa.Sim.DecodeTable.Batch14Part11
bdcf90ef	Vsa.Sim.DecodeTable.Batch14Part11
bddf80ef	Vsa.Sim.DecodeTable.Batch14Part11
bddff06f	Vsa.Sim.DecodeTable.Batch14Part11
be050263	Vsa.Sim.DecodeTable.Batch14Part11
be051ce3	Vsa.Sim.DecodeTable.Batch14Part11
be0790e3	Vsa.Sim.DecodeTable.Batch14Part11
be0fd06f	Vsa.Sim.DecodeTable.Batch14Part11
be1f10ef	Vsa.Sim.DecodeTable.Batch14Part11
be9ff06f	Vsa.Sim.DecodeTable.Batch14Part11
becd8d93	Vsa.Sim.DecodeTable.Batch14Part11
bedfd06f	Vsa.Sim.DecodeTable.Batch14Part11
bedff06f	Vsa.Sim.DecodeTable.Batch14Part11
bf4fe06f	Vsa.Sim.DecodeTable.Batch14Part12
bf4ff06f	Vsa.Sim.DecodeTable.Batch14Part12
bf5fe06f	Vsa.Sim.DecodeTable.Batch14Part12
bf5ff0ef	Vsa.Sim.DecodeTable.Batch14Part12
bf8ff06f	Vsa.Sim.DecodeTable.Batch14Part12
bf9ff06f	Vsa.Sim.DecodeTable.Batch14Part12
bfdfd06f	Vsa.Sim.DecodeTable.Batch14Part12
bfdfe0ef	Vsa.Sim.DecodeTable.Batch14Part12
bfdff06f	Vsa.Sim.DecodeTable.Batch14Part12
bfdff0ef	Vsa.Sim.DecodeTable.Batch14Part12
bff37313	Vsa.Sim.DecodeTable.Batch14Part12
bff77e13	Vsa.Sim.DecodeTable.Batch14Part12
bff7f313	Vsa.Sim.DecodeTable.Batch14Part12
bff7fe13	Vsa.Sim.DecodeTable.Batch14Part12
bff87313	Vsa.Sim.DecodeTable.Batch14Part12
bffdf313	Vsa.Sim.DecodeTable.Batch14Part12
bffe7e13	Vsa.Sim.DecodeTable.Batch14Part13
c00510e3	Vsa.Sim.DecodeTable.Batch14Part13
c006c693	Vsa.Sim.DecodeTable.Batch14Part13
c006d4e3	Vsa.Sim.DecodeTable.Batch14Part13
c00b4b13	Vsa.Sim.DecodeTable.Batch14Part13
c00ff0ef	Vsa.Sim.DecodeTable.Batch14Part13
c0168693	Vsa.Sim.DecodeTable.Batch14Part13
c0170713	Vsa.Sim.DecodeTable.Batch14Part13
c0178613	Vsa.Sim.DecodeTable.Batch14Part13
c0178793	Vsa.Sim.DecodeTable.Batch14Part13
c019899b	Vsa.Sim.DecodeTable.Batch14Part13
c027071b	Vsa.Sim.DecodeTable.Batch14Part13
c04ff0ef	Vsa.Sim.DecodeTable.Batch14Part13
c05ff06f	Vsa.Sim.DecodeTable.Batch14Part13
c09ff06f	Vsa.Sim.DecodeTable.Batch14Part13
c0cff06f	Vsa.Sim.DecodeTable.Batch14Part13
c0d00693	Vsa.Sim.DecodeTable.Batch14Part14
c0d00713	Vsa.Sim.DecodeTable.Batch14Part14
c0d00793	Vsa.Sim.DecodeTable.Batch14Part14
c0d70713	Vsa.Sim.DecodeTable.Batch14Part14
c0f04ae3	Vsa.Sim.DecodeTable.Batch14Part14
c11ff06f	Vsa.Sim.DecodeTable.Batch14Part14
c12042e3	Vsa.Sim.DecodeTable.Batch14Part14
c14fe06f	Vsa.Sim.DecodeTable.Batch14Part14
c15ff06f	Vsa.Sim.DecodeTable.Batch14Part14
c18fe0ef	Vsa.Sim.DecodeTable.Batch14Part14
c19f80ef	Vsa.Sim.DecodeTable.Batch14Part14
c19ff06f	Vsa.Sim.DecodeTable.Batch14Part14
c1cfd06f	Vsa.Sim.DecodeTable.Batch14Part14
c1dfd06f	Vsa.Sim.DecodeTable.Batch14Part14
c2051ae3	Vsa.Sim.DecodeTable.Batch14Part14
c2051ee3	Vsa.Sim.DecodeTable.Batch14Part14
c20604e3	Vsa.Sim.DecodeTable.Batch14Part15
c2061ae3	Vsa.Sim.DecodeTable.Batch14Part15
c206d6e3	Vsa.Sim.DecodeTable.Batch14Part15
c206d8e3	Vsa.Sim.DecodeTable.Batch14Part15
c2071a63	Vsa.Sim.DecodeTable.Batch14Part15
c24ff06f	Vsa.Sim.DecodeTable.Batch14Part15
c25ff06f	Vsa.Sim.DecodeTable.Batch14Part15
c26048e3	Vsa.Sim.DecodeTable.Batch14Part15
c28ff06f	Vsa.Sim.DecodeTable.Batch14Part15
c29ff06f	Vsa.Sim.DecodeTable.Batch14Part15
c2cff06f	Vsa.Sim.DecodeTable.Batch14Part15
c2dfd06f	Vsa.Sim.DecodeTable.Batch14Part15
c2dff06f	Vsa.Sim.DecodeTable.Batch14Part15
c2dff0ef	Vsa.Sim.DecodeTable.Batch14Part15
c31fe06f	Vsa.Sim.DecodeTable.Batch14Part15
c31ff06f	Vsa.Sim.DecodeTable.Batch14Part15
c34f90ef	Vsa.Sim.DecodeTable.Batch14Part16
c35ff06f	Vsa.Sim.DecodeTable.Batch14Part16
c38fc0ef	Vsa.Sim.DecodeTable.Batch14Part16
c39ef0ef	Vsa.Sim.DecodeTable.Batch17
c39ff06f	Vsa.Sim.DecodeTable.Batch14Part16
c3cff06f	Vsa.Sim.DecodeTable.Batch14Part16
c3dff06f	Vsa.Sim.DecodeTable.Batch14Part16
c4051e63	Vsa.Sim.DecodeTable.Batch14Part16
c40690e3	Vsa.Sim.DecodeTable.Batch14Part16
c406dae3	Vsa.Sim.DecodeTable.Batch14Part16
c40a0a13	Vsa.Sim.DecodeTable.Batch14Part16
c41ff06f	Vsa.Sim.DecodeTable.Batch14Part16
c45f70ef	Vsa.Sim.DecodeTable.Batch14Part16
c45ff06f	Vsa.Sim.DecodeTable.Batch14Part16
c4870713	Vsa.Sim.DecodeTable.Batch14Part16
c48ff0ef	Vsa.Sim.DecodeTable.Batch14Part16
c4cff0ef	Vsa.Sim.DecodeTable.Batch14Part16
c4dfe06f	Vsa.Sim.DecodeTable.Batch14Part17
c4dff0ef	Vsa.Sim.DecodeTable.Batch14Part17
c51f40ef	Vsa.Sim.DecodeTable.Batch14Part17
c51ff06f	Vsa.Sim.DecodeTable.Batch14Part17
c54ff06f	Vsa.Sim.DecodeTable.Batch14Part17
c55ff06f	Vsa.Sim.DecodeTable.Batch14Part17
c58ff06f	Vsa.Sim.DecodeTable.Batch14Part17
c58ff0ef	Vsa.Sim.DecodeTable.Batch14Part17
c5dfd06f	Vsa.Sim.DecodeTable.Batch14Part17
c60a4263	Vsa.Sim.DecodeTable.Batch14Part17
c60ff06f	Vsa.Sim.DecodeTable.Batch14Part17
c64ff06f	Vsa.Sim.DecodeTable.Batch14Part17
c68fe06f	Vsa.Sim.DecodeTable.Batch14Part17
c6cf80ef	Vsa.Sim.DecodeTable.Batch14Part17
c6d510e3	Vsa.Sim.DecodeTable.Batch14Part17
c6d7d4e3	Vsa.Sim.DecodeTable.Batch14Part17
c6d7dce3	Vsa.Sim.DecodeTable.Batch14Part18
c6df70ef	Vsa.Sim.DecodeTable.Batch14Part18
c6dfe06f	Vsa.Sim.DecodeTable.Batch14Part18
c6dff06f	Vsa.Sim.DecodeTable.Batch14Part18
c6dff0ef	Vsa.Sim.DecodeTable.Batch14Part18
c71ff0ef	Vsa.Sim.DecodeTable.Batch14Part18
c74fe06f	Vsa.Sim.DecodeTable.Batch14Part18
c75ec0ef	Vsa.Sim.DecodeTable.Batch14Part18
c78d8d93	Vsa.Sim.DecodeTable.Batch14Part18
c78f10ef	Vsa.Sim.DecodeTable.Batch14Part18
c78fd06f	Vsa.Sim.DecodeTable.Batch14Part18
c79ff06f	Vsa.Sim.DecodeTable.Batch14Part18
c7dfe06f	Vsa.Sim.DecodeTable.Batch14Part18
c7dff06f	Vsa.Sim.DecodeTable.Batch14Part18
c8061ce3	Vsa.Sim.DecodeTable.Batch14Part18
c85ff06f	Vsa.Sim.DecodeTable.Batch14Part18
c88ff06f	Vsa.Sim.DecodeTable.Batch14Part19
c89fe06f	Vsa.Sim.DecodeTable.Batch14Part19
c89ff06f	Vsa.Sim.DecodeTable.Batch14Part19
c8dfe06f	Vsa.Sim.DecodeTable.Batch14Part19
c8dfe0ef	Vsa.Sim.DecodeTable.Batch14Part19
c8dff06f	Vsa.Sim.DecodeTable.Batch14Part19
c8f682e3	Vsa.Sim.DecodeTable.Batch14Part19
c95ff06f	Vsa.Sim.DecodeTable.Batch14Part19
c99ff06f	Vsa.Sim.DecodeTable.Batch14Part19
c9cff06f	Vsa.Sim.DecodeTable.Batch14Part19
c9dff06f	Vsa.Sim.DecodeTable.Batch14Part19
c9dff0ef	Vsa.Sim.DecodeTable.Batch14Part19
ca0784e3	Vsa.Sim.DecodeTable.Batch14Part19
ca0798e3	Vsa.Sim.DecodeTable.Batch14Part19
ca079e63	Vsa.Sim.DecodeTable.Batch14Part19
ca0e0ce3	Vsa.Sim.DecodeTable.Batch14Part19
ca1f80ef	Vsa.Sim.DecodeTable.Batch14Part20
ca1ff06f	Vsa.Sim.DecodeTable.Batch14Part20
ca860613	Vsa.Sim.DecodeTable.Batch14Part20
ca9ff06f	Vsa.Sim.DecodeTable.Batch14Part20
cae7d663	Vsa.Sim.DecodeTable.Batch14Part20
caf83423	Vsa.Sim.DecodeTable.Batch17
cb0ff06f	Vsa.Sim.DecodeTable.Batch14Part20
cb1fe0ef	Vsa.Sim.DecodeTable.Batch14Part20
cb1ff06f	Vsa.Sim.DecodeTable.Batch14Part20
cb1ff0ef	Vsa.Sim.DecodeTable.Batch14Part20
cb5fe06f	Vsa.Sim.DecodeTable.Batch14Part20
cb5fe0ef	Vsa.Sim.DecodeTable.Batch14Part20
cb8fe06f	Vsa.Sim.DecodeTable.Batch14Part20
cb8ff06f	Vsa.Sim.DecodeTable.Batch14Part20
cb9fd06f	Vsa.Sim.DecodeTable.Batch14Part20
cb9ff06f	Vsa.Sim.DecodeTable.Batch14Part20
cb9ff0ef	Vsa.Sim.DecodeTable.Batch14Part20
cbcff06f	Vsa.Sim.DecodeTable.Batch14Part21
cbdfd06f	Vsa.Sim.DecodeTable.Batch14Part21
cbdfe06f	Vsa.Sim.DecodeTable.Batch14Part21
cbdff06f	Vsa.Sim.DecodeTable.Batch14Part21
cc074ee3	Vsa.Sim.DecodeTable.Batch14Part21
cc078e63	Vsa.Sim.DecodeTable.Batch14Part21
cc0c08e3	Vsa.Sim.DecodeTable.Batch14Part21
cc4ff06f	Vsa.Sim.DecodeTable.Batch14Part21
cc4ff0ef	Vsa.Sim.DecodeTable.Batch14Part21
cc5fd06f	Vsa.Sim.DecodeTable.Batch14Part21
cc5ff06f	Vsa.Sim.DecodeTable.Batch14Part21
cc8ff06f	Vsa.Sim.DecodeTable.Batch14Part21
cc8ff0ef	Vsa.Sim.DecodeTable.Batch14Part21
cc9ff06f	Vsa.Sim.DecodeTable.Batch14Part21
cccff06f	Vsa.Sim.DecodeTable.Batch14Part21
ccdfe06f	Vsa.Sim.DecodeTable.Batch14Part21
cd0a0a13	Vsa.Sim.DecodeTable.Batch14Part22
cd4ff06f	Vsa.Sim.DecodeTable.Batch14Part22
cd67d4e3	Vsa.Sim.DecodeTable.Batch14Part22
cd8fe06f	Vsa.Sim.DecodeTable.Batch14Part22
cd9fd06f	Vsa.Sim.DecodeTable.Batch14Part22
cd9ff06f	Vsa.Sim.DecodeTable.Batch14Part22
cdc58593	Vsa.Sim.DecodeTable.Batch17
cddfe06f	Vsa.Sim.DecodeTable.Batch14Part22
cddff06f	Vsa.Sim.DecodeTable.Batch14Part22
cddff0ef	Vsa.Sim.DecodeTable.Batch14Part22
ce051a63	Vsa.Sim.DecodeTable.Batch14Part22
ce070263	Vsa.Sim.DecodeTable.Batch14Part22
ce0746e3	Vsa.Sim.DecodeTable.Batch14Part22
ce0786e3	Vsa.Sim.DecodeTable.Batch14Part22
ce0b0b13	Vsa.Sim.DecodeTable.Batch14Part22
ce0d8463	Vsa.Sim.DecodeTable.Batch14Part22
ce0f84e3	Vsa.Sim.DecodeTable.Batch14Part22
ce0ff06f	Vsa.Sim.DecodeTable.Batch14Part23
ce1fe06f	Vsa.Sim.DecodeTable.Batch14Part23
ce1ff06f	Vsa.Sim.DecodeTable.Batch14Part23
ce4fe06f	Vsa.Sim.DecodeTable.Batch14Part23
ce5f30ef	Vsa.Sim.DecodeTable.Batch14Part23
ce9fe06f	Vsa.Sim.DecodeTable.Batch14Part23
cec5c2e3	Vsa.Sim.DecodeTable.Batch14Part23
cecf8f93	Vsa.Sim.DecodeTable.Batch14Part23
cecfe0ef	Vsa.Sim.DecodeTable.Batch14Part23
ced7dce3	Vsa.Sim.DecodeTable.Batch14Part23
cedec0ef	Vsa.Sim.DecodeTable.Batch14Part23
cedff06f	Vsa.Sim.DecodeTable.Batch14Part23
cf1ff06f	Vsa.Sim.DecodeTable.Batch14Part23
cf4f60ef	Vsa.Sim.DecodeTable.Batch14Part23
cf5f30ef	Vsa.Sim.DecodeTable.Batch14Part23
cf8fe0ef	Vsa.Sim.DecodeTable.Batch14Part23
cf9fe0ef	Vsa.Sim.DecodeTable.Batch14Part24
cf9ff06f	Vsa.Sim.DecodeTable.Batch14Part24
cfcff06f	Vsa.Sim.DecodeTable.Batch14Part24
cfcff0ef	Vsa.Sim.DecodeTable.Batch14Part24
cfdff06f	Vsa.Sim.DecodeTable.Batch14Part24
d0010113	Vsa.Sim.DecodeTable.Batch17
d0048ae3	Vsa.Sim.DecodeTable.Batch14Part24
d0051263	Vsa.Sim.DecodeTable.Batch14Part24
d00518e3	Vsa.Sim.DecodeTable.Batch14Part24
d00608e3	Vsa.Sim.DecodeTable.Batch14Part24
d0071ce3	Vsa.Sim.DecodeTable.Batch14Part24
d00740e3	Vsa.Sim.DecodeTable.Batch14Part24
d00c0ce3	Vsa.Sim.DecodeTable.Batch14Part24
d01fd0ef	Vsa.Sim.DecodeTable.Batch14Part24
d01fe06f	Vsa.Sim.DecodeTable.Batch14Part24
d01ff06f	Vsa.Sim.DecodeTable.Batch14Part24
d05ef0ef	Vsa.Sim.DecodeTable.Batch14Part24
d09ef0ef	Vsa.Sim.DecodeTable.Batch14Part25
d09ff06f	Vsa.Sim.DecodeTable.Batch14Part25
d09ff0ef	Vsa.Sim.DecodeTable.Batch14Part25
d0c73023	Vsa.Sim.DecodeTable.Batch14Part25
d0c73423	Vsa.Sim.DecodeTable.Batch14Part25
d0c73823	Vsa.Sim.DecodeTable.Batch14Part25
d0dfd06f	Vsa.Sim.DecodeTable.Batch14Part25
d0dfe0ef	Vsa.Sim.DecodeTable.Batch14Part25
d0dff06f	Vsa.Sim.DecodeTable.Batch14Part25
d10d8d93	Vsa.Sim.DecodeTable.Batch14Part25
d10ff06f	Vsa.Sim.DecodeTable.Batch14Part25
d11fe06f	Vsa.Sim.DecodeTable.Batch14Part25
d14488e3	Vsa.Sim.DecodeTable.Batch14Part25
d18fe06f	Vsa.Sim.DecodeTable.Batch14Part25
d19ff0ef	Vsa.Sim.DecodeTable.Batch14Part25
d1cff06f	Vsa.Sim.DecodeTable.Batch14Part25
d1dfe06f	Vsa.Sim.DecodeTable.Batch14Part26
d1dff06f	Vsa.Sim.DecodeTable.Batch14Part26
d2051863	Vsa.Sim.DecodeTable.Batch14Part26
d20a02e3	Vsa.Sim.DecodeTable.Batch14Part26
d20f80ef	Vsa.Sim.DecodeTable.Batch14Part26
d21ff06f	Vsa.Sim.DecodeTable.Batch14Part26
d28ff06f	Vsa.Sim.DecodeTable.Batch14Part26
d29f90ef	Vsa.Sim.DecodeTable.Batch14Part26
d29ff06f	Vsa.Sim.DecodeTable.Batch14Part26
d29ff0ef	Vsa.Sim.DecodeTable.Batch14Part26
d2c70ae3	Vsa.Sim.DecodeTable.Batch14Part26
d2c7cae3	Vsa.Sim.DecodeTable.Batch14Part26
d2dff06f	Vsa.Sim.DecodeTable.Batch14Part26
d31ff06f	Vsa.Sim.DecodeTable.Batch14Part26
d35ec0ef	Vsa.Sim.DecodeTable.Batch14Part26
d35fe06f	Vsa.Sim.DecodeTable.Batch14Part26
d35ff06f	Vsa.Sim.DecodeTable.Batch14Part27
d38ff06f	Vsa.Sim.DecodeTable.Batch14Part27
d39ff06f	Vsa.Sim.DecodeTable.Batch14Part27
d3c40413	Vsa.Sim.DecodeTable.Batch14Part27
d3cff06f	Vsa.Sim.DecodeTable.Batch14Part27
d3df80ef	Vsa.Sim.DecodeTable.Batch14Part27
d3dfe0ef	Vsa.Sim.DecodeTable.Batch14Part27
d3dff06f	Vsa.Sim.DecodeTable.Batch14Part27
d40412e3	Vsa.Sim.DecodeTable.Batch14Part27
d4051ce3	Vsa.Sim.DecodeTable.Batch14Part27
d4068693	Vsa.Sim.DecodeTable.Batch14Part27
d40700e3	Vsa.Sim.DecodeTable.Batch14Part27
d40718e3	Vsa.Sim.DecodeTable.Batch14Part27
d40748e3	Vsa.Sim.DecodeTable.Batch14Part27
d40780e3	Vsa.Sim.DecodeTable.Batch14Part27
d40784e3	Vsa.Sim.DecodeTable.Batch14Part27
d4078ce3	Vsa.Sim.DecodeTable.Batch14Part28
d4079c63	Vsa.Sim.DecodeTable.Batch14Part28
d40b1ce3	Vsa.Sim.DecodeTable.Batch14Part28
d40ff06f	Vsa.Sim.DecodeTable.Batch14Part28
d41ff06f	Vsa.Sim.DecodeTable.Batch14Part28
d44c8c93	Vsa.Sim.DecodeTable.Batch14Part28
d48fa0ef	Vsa.Sim.DecodeTable.Batch14Part28
d48ff0ef	Vsa.Sim.DecodeTable.Batch14Part28
d49ff06f	Vsa.Sim.DecodeTable.Batch14Part28
d4cff06f	Vsa.Sim.DecodeTable.Batch14Part28
d4d71ce3	Vsa.Sim.DecodeTable.Batch14Part28
d4dfe0ef	Vsa.Sim.DecodeTable.Batch14Part28
d4e78ee3	Vsa.Sim.DecodeTable.Batch14Part28
d51fd06f	Vsa.Sim.DecodeTable.Batch14Part28
d51fe06f	Vsa.Sim.DecodeTable.Batch14Part28
d51ff06f	Vsa.Sim.DecodeTable.Batch14Part28
d54ff06f	Vsa.Sim.DecodeTable.Batch14Part29
d55f60ef	Vsa.Sim.DecodeTable.Batch14Part29
d55ff0ef	Vsa.Sim.DecodeTable.Batch17
d58ff0ef	Vsa.Sim.DecodeTable.Batch14Part29
d59ff06f	Vsa.Sim.DecodeTable.Batch14Part29
d5cd8d93	Vsa.Sim.DecodeTable.Batch14Part29
d5dff06f	Vsa.Sim.DecodeTable.Batch14Part29
d6051ae3	Vsa.Sim.DecodeTable.Batch14Part29
d6074ce3	Vsa.Sim.DecodeTable.Batch14Part29
d6078c63	Vsa.Sim.DecodeTable.Batch14Part29
d60acce3	Vsa.Sim.DecodeTable.Batch14Part29
d60c96e3	Vsa.Sim.DecodeTable.Batch14Part29
d64ff06f	Vsa.Sim.DecodeTable.Batch14Part29
d65ff0ef	Vsa.Sim.DecodeTable.Batch14Part29
d69ff06f	Vsa.Sim.DecodeTable.Batch14Part29
d6d702e3	Vsa.Sim.DecodeTable.Batch14Part29
d6dfe0ef	Vsa.Sim.DecodeTable.Batch14Part29
d6dff06f	Vsa.Sim.DecodeTable.Batch14Part30
d6e5e663	Vsa.Sim.DecodeTable.Batch14Part30
d70ff06f	Vsa.Sim.DecodeTable.Batch14Part30
d71ff06f	Vsa.Sim.DecodeTable.Batch14Part30
d75f80ef	Vsa.Sim.DecodeTable.Batch14Part30
d75fe06f	Vsa.Sim.DecodeTable.Batch14Part30
d79fd0ef	Vsa.Sim.DecodeTable.Batch14Part30
d79ff06f	Vsa.Sim.DecodeTable.Batch14Part30
d7dff06f	Vsa.Sim.DecodeTable.Batch14Part30
d80510e3	Vsa.Sim.DecodeTable.Batch14Part30
d80514e3	Vsa.Sim.DecodeTable.Batch14Part30
d8070063	Vsa.Sim.DecodeTable.Batch14Part30
d8078263	Vsa.Sim.DecodeTable.Batch14Part30
d80fe06f	Vsa.Sim.DecodeTable.Batch14Part30
d80ff0ef	Vsa.Sim.DecodeTable.Batch14Part30
d81fc06f	Vsa.Sim.DecodeTable.Batch14Part30
d81ff06f	Vsa.Sim.DecodeTable.Batch14Part31
d84fa0ef	Vsa.Sim.DecodeTable.Batch14Part31
d88ff06f	Vsa.Sim.DecodeTable.Batch14Part31
d8cfe0ef	Vsa.Sim.DecodeTable.Batch14Part31
d8d710e3	Vsa.Sim.DecodeTable.Batch14Part31
d8dff06f	Vsa.Sim.DecodeTable.Batch14Part31
d8dff0ef	Vsa.Sim.DecodeTable.Batch14Part31
d90ff06f	Vsa.Sim.DecodeTable.Batch14Part31
d94ff0ef	Vsa.Sim.DecodeTable.Batch14Part31
d95f90ef	Vsa.Sim.DecodeTable.Batch14Part31
d9870713	Vsa.Sim.DecodeTable.Batch14Part31
d99fc06f	Vsa.Sim.DecodeTable.Batch14Part31
d99ff06f	Vsa.Sim.DecodeTable.Batch14Part31
d9cff06f	Vsa.Sim.DecodeTable.Batch14Part31
d9df30ef	Vsa.Sim.DecodeTable.Batch14Part31
da071463	Vsa.Sim.DecodeTable.Batch14Part31
da07dae3	Vsa.Sim.DecodeTable.Batch14Part32
da0fe06f	Vsa.Sim.DecodeTable.Batch14Part32
da0ff06f	Vsa.Sim.DecodeTable.Batch14Part32
da0ff0ef	Vsa.Sim.DecodeTable.Batch14Part32
da5fd06f	Vsa.Sim.DecodeTable.Batch14Part32
da8ff06f	Vsa.Sim.DecodeTable.Batch14Part32
da9ff06f	Vsa.Sim.DecodeTable.Batch14Part32
dacff06f	Vsa.Sim.DecodeTable.Batch14Part32
dadec0ef	Vsa.Sim.DecodeTable.Batch14Part32
dadfc06f	Vsa.Sim.DecodeTable.Batch14Part32
dadfe06f	Vsa.Sim.DecodeTable.Batch14Part32
dadff06f	Vsa.Sim.DecodeTable.Batch14Part32
db010113	Vsa.Sim.DecodeTable.Batch14Part32
db0fd06f	Vsa.Sim.DecodeTable.Batch14Part32
db0ff06f	Vsa.Sim.DecodeTable.Batch14Part32
db1ff06f	Vsa.Sim.DecodeTable.Batch14Part32
db4ff06f	Vsa.Sim.DecodeTable.Batch15Part01
db5ff06f	Vsa.Sim.DecodeTable.Batch15Part01
db8ff06f	Vsa.Sim.DecodeTable.Batch15Part01
db9fe06f	Vsa.Sim.DecodeTable.Batch15Part01
db9ff0ef	Vsa.Sim.DecodeTable.Batch15Part01
dbdec0ef	Vsa.Sim.DecodeTable.Batch15Part01
dbdff06f	Vsa.Sim.DecodeTable.Batch15Part01
dc0554e3	Vsa.Sim.DecodeTable.Batch15Part01
dc060ce3	Vsa.Sim.DecodeTable.Batch15Part01
dc074ce3	Vsa.Sim.DecodeTable.Batch15Part01
dc0a10e3	Vsa.Sim.DecodeTable.Batch15Part01
dc0b4c63	Vsa.Sim.DecodeTable.Batch15Part01
dc1ff06f	Vsa.Sim.DecodeTable.Batch15Part01
dc5ff06f	Vsa.Sim.DecodeTable.Batch15Part01
dc870713	Vsa.Sim.DecodeTable.Batch15Part01
dc8ff06f	Vsa.Sim.DecodeTable.Batch15Part01
dc9ff06f	Vsa.Sim.DecodeTable.Batch15Part02
dccff06f	Vsa.Sim.DecodeTable.Batch15Part02
dcdfe0ef	Vsa.Sim.DecodeTable.Batch15Part02
dcf51ce3	Vsa.Sim.DecodeTable.Batch15Part02
dd07b783	Vsa.Sim.DecodeTable.Batch15Part02
dd1f80ef	Vsa.Sim.DecodeTable.Batch15Part02
dd1fd0ef	Vsa.Sim.DecodeTable.Batch15Part02
dd1fe06f	Vsa.Sim.DecodeTable.Batch15Part02
dd1ff06f	Vsa.Sim.DecodeTable.Batch15Part02
dd4fe06f	Vsa.Sim.DecodeTable.Batch15Part02
dd5ff06f	Vsa.Sim.DecodeTable.Batch15Part02
dd85b583	Vsa.Sim.DecodeTable.Batch15Part02
dd8ff06f	Vsa.Sim.DecodeTable.Batch15Part02
dd9ec0ef	Vsa.Sim.DecodeTable.Batch15Part02
dd9fe0ef	Vsa.Sim.DecodeTable.Batch15Part02
dd9ff06f	Vsa.Sim.DecodeTable.Batch15Part02
dddf00ef	Vsa.Sim.DecodeTable.Batch15Part03
de0506e3	Vsa.Sim.DecodeTable.Batch15Part03
de0516e3	Vsa.Sim.DecodeTable.Batch15Part03
de074ae3	Vsa.Sim.DecodeTable.Batch15Part03
de0b1ce3	Vsa.Sim.DecodeTable.Batch15Part03
de0d1ae3	Vsa.Sim.DecodeTable.Batch15Part03
de0ff06f	Vsa.Sim.DecodeTable.Batch15Part03
de1ff06f	Vsa.Sim.DecodeTable.Batch15Part03
de4ff0ef	Vsa.Sim.DecodeTable.Batch15Part03
de5ff06f	Vsa.Sim.DecodeTable.Batch15Part03
de8ff06f	Vsa.Sim.DecodeTable.Batch15Part03
de9fe06f	Vsa.Sim.DecodeTable.Batch15Part03
dec706e3	Vsa.Sim.DecodeTable.Batch15Part03
dec786e3	Vsa.Sim.DecodeTable.Batch15Part03
ded5d6e3	Vsa.Sim.DecodeTable.Batch15Part03
dedff06f	Vsa.Sim.DecodeTable.Batch15Part03
dee5ee63	Vsa.Sim.DecodeTable.Batch15Part04
df010113	Vsa.Sim.DecodeTable.Batch15Part04
df0ff06f	Vsa.Sim.DecodeTable.Batch15Part04
df458593	Vsa.Sim.DecodeTable.Batch15Part04
df4ff06f	Vsa.Sim.DecodeTable.Batch15Part04
df5ff06f	Vsa.Sim.DecodeTable.Batch15Part04
df8ff06f	Vsa.Sim.DecodeTable.Batch15Part04
df9ff06f	Vsa.Sim.DecodeTable.Batch15Part04
dfdfd06f	Vsa.Sim.DecodeTable.Batch15Part04
dfdfe0ef	Vsa.Sim.DecodeTable.Batch15Part04
e00512e3	Vsa.Sim.DecodeTable.Batch15Part04
e0074ae3	Vsa.Sim.DecodeTable.Batch15Part04
e00d9e63	Vsa.Sim.DecodeTable.Batch15Part04
e01fd06f	Vsa.Sim.DecodeTable.Batch15Part04
e01ff06f	Vsa.Sim.DecodeTable.Batch15Part04
e04f20ef	Vsa.Sim.DecodeTable.Batch15Part04
e04fe06f	Vsa.Sim.DecodeTable.Batch15Part05
e05ff0ef	Vsa.Sim.DecodeTable.Batch17
e08ff06f	Vsa.Sim.DecodeTable.Batch15Part05
e0c5b583	Vsa.Sim.DecodeTable.Batch15Part05
e0c68693	Vsa.Sim.DecodeTable.Batch15Part05
e0c792e3	Vsa.Sim.DecodeTable.Batch15Part05
e0d78c63	Vsa.Sim.DecodeTable.Batch15Part05
e0fe08e3	Vsa.Sim.DecodeTable.Batch15Part05
e11ff06f	Vsa.Sim.DecodeTable.Batch15Part05
e14fe0ef	Vsa.Sim.DecodeTable.Batch15Part05
e15fd0ef	Vsa.Sim.DecodeTable.Batch15Part05
e15fe06f	Vsa.Sim.DecodeTable.Batch15Part05
e15ff06f	Vsa.Sim.DecodeTable.Batch15Part05
e167f4e3	Vsa.Sim.DecodeTable.Batch15Part05
e1a6ee63	Vsa.Sim.DecodeTable.Batch15Part05
e1cf10ef	Vsa.Sim.DecodeTable.Batch15Part05
e1dfd06f	Vsa.Sim.DecodeTable.Batch15Part05
e1dff0ef	Vsa.Sim.DecodeTable.Batch15Part06
e2051a63	Vsa.Sim.DecodeTable.Batch15Part06
e20fe06f	Vsa.Sim.DecodeTable.Batch15Part06
e20ff06f	Vsa.Sim.DecodeTable.Batch15Part06
e21ff06f	Vsa.Sim.DecodeTable.Batch15Part06
e2868693	Vsa.Sim.DecodeTable.Batch15Part06
e28fe06f	Vsa.Sim.DecodeTable.Batch15Part06
e29ff06f	Vsa.Sim.DecodeTable.Batch15Part06
e2cff06f	Vsa.Sim.DecodeTable.Batch15Part06
e2df70ef	Vsa.Sim.DecodeTable.Batch15Part06
e2dff06f	Vsa.Sim.DecodeTable.Batch15Part06
e2f31ee3	Vsa.Sim.DecodeTable.Batch15Part06
e30ff06f	Vsa.Sim.DecodeTable.Batch15Part06
e31ff06f	Vsa.Sim.DecodeTable.Batch15Part06
e35ec0ef	Vsa.Sim.DecodeTable.Batch15Part06
e35fe06f	Vsa.Sim.DecodeTable.Batch15Part06
e35fe0ef	Vsa.Sim.DecodeTable.Batch15Part07
e35ff06f	Vsa.Sim.DecodeTable.Batch15Part07
e39ff06f	Vsa.Sim.DecodeTable.Batch15Part07
e3c84ee3	Vsa.Sim.DecodeTable.Batch15Part07
e3cff06f	Vsa.Sim.DecodeTable.Batch15Part07
e3dff06f	Vsa.Sim.DecodeTable.Batch15Part07
e4050463	Vsa.Sim.DecodeTable.Batch15Part07
e4051463	Vsa.Sim.DecodeTable.Batch15Part07
e40514e3	Vsa.Sim.DecodeTable.Batch15Part07
e40784e3	Vsa.Sim.DecodeTable.Batch15Part07
e41ec0ef	Vsa.Sim.DecodeTable.Batch15Part07
e41ff06f	Vsa.Sim.DecodeTable.Batch15Part07
e41ff0ef	Vsa.Sim.DecodeTable.Batch15Part07
e48ff0ef	Vsa.Sim.DecodeTable.Batch15Part07
e49ff06f	Vsa.Sim.DecodeTable.Batch15Part07
e4d754e3	Vsa.Sim.DecodeTable.Batch15Part07
e4dfe0ef	Vsa.Sim.DecodeTable.Batch15Part08
e4dff06f	Vsa.Sim.DecodeTable.Batch15Part08
e4e7f2e3	Vsa.Sim.DecodeTable.Batch15Part08
e51fe0ef	Vsa.Sim.DecodeTable.Batch15Part08
e55f20ef	Vsa.Sim.DecodeTable.Batch15Part08
e55fe0ef	Vsa.Sim.DecodeTable.Batch15Part08
e55ff06f	Vsa.Sim.DecodeTable.Batch15Part08
e59ff06f	Vsa.Sim.DecodeTable.Batch15Part08
e5dff06f	Vsa.Sim.DecodeTable.Batch15Part08
e60516e3	Vsa.Sim.DecodeTable.Batch15Part08
e6051ce3	Vsa.Sim.DecodeTable.Batch15Part08
e60650e3	Vsa.Sim.DecodeTable.Batch15Part08
e60690e3	Vsa.Sim.DecodeTable.Batch15Part08
e6071ce3	Vsa.Sim.DecodeTable.Batch15Part08
e60a1ee3	Vsa.Sim.DecodeTable.Batch15Part08
e61fe06f	Vsa.Sim.DecodeTable.Batch15Part08
e61ff06f	Vsa.Sim.DecodeTable.Batch15Part09
e64ff0ef	Vsa.Sim.DecodeTable.Batch15Part09
e65fe06f	Vsa.Sim.DecodeTable.Batch15Part09
e65ff06f	Vsa.Sim.DecodeTable.Batch15Part09
e69ff06f	Vsa.Sim.DecodeTable.Batch15Part09
e6b04ae3	Vsa.Sim.DecodeTable.Batch15Part09
e6b744e3	Vsa.Sim.DecodeTable.Batch15Part09
e6c7dce3	Vsa.Sim.DecodeTable.Batch15Part09
e6d044e3	Vsa.Sim.DecodeTable.Batch15Part09
e6dfc0ef	Vsa.Sim.DecodeTable.Batch15Part09
e6dff06f	Vsa.Sim.DecodeTable.Batch15Part09
e6e34e63	Vsa.Sim.DecodeTable.Batch15Part09
e74fe06f	Vsa.Sim.DecodeTable.Batch15Part09
e75ff06f	Vsa.Sim.DecodeTable.Batch15Part09
e78ff06f	Vsa.Sim.DecodeTable.Batch15Part09
e79ff06f	Vsa.Sim.DecodeTable.Batch15Part09
e7dfe0ef	Vsa.Sim.DecodeTable.Batch15Part10
e7dff06f	Vsa.Sim.DecodeTable.Batch15Part10
e8060463	Vsa.Sim.DecodeTable.Batch15Part10
e80794e3	Vsa.Sim.DecodeTable.Batch15Part10
e81ff06f	Vsa.Sim.DecodeTable.Batch15Part10
e85f30ef	Vsa.Sim.DecodeTable.Batch15Part10
e85fe06f	Vsa.Sim.DecodeTable.Batch15Part10
e89fe0ef	Vsa.Sim.DecodeTable.Batch15Part10
e8b640e3	Vsa.Sim.DecodeTable.Batch15Part10
e8dfe06f	Vsa.Sim.DecodeTable.Batch15Part10
e8dff06f	Vsa.Sim.DecodeTable.Batch15Part10
e8e6d063	Vsa.Sim.DecodeTable.Batch15Part10
e8e79ee3	Vsa.Sim.DecodeTable.Batch15Part10
e91fe0ef	Vsa.Sim.DecodeTable.Batch15Part10
e91ff06f	Vsa.Sim.DecodeTable.Batch15Part10
e95ff06f	Vsa.Sim.DecodeTable.Batch15Part10
e98ff06f	Vsa.Sim.DecodeTable.Batch15Part11
e99f90ef	Vsa.Sim.DecodeTable.Batch15Part11
e99fc06f	Vsa.Sim.DecodeTable.Batch15Part11
e99ff06f	Vsa.Sim.DecodeTable.Batch15Part11
e9cff06f	Vsa.Sim.DecodeTable.Batch15Part11
e9dfb0ef	Vsa.Sim.DecodeTable.Batch15Part11
e9dfe0ef	Vsa.Sim.DecodeTable.Batch15Part11
e9dff06f	Vsa.Sim.DecodeTable.Batch15Part11
ea051ce3	Vsa.Sim.DecodeTable.Batch15Part11
ea0742e3	Vsa.Sim.DecodeTable.Batch15Part11
ea0e88e3	Vsa.Sim.DecodeTable.Batch15Part11
ea0f00ef	Vsa.Sim.DecodeTable.Batch15Part11
ea0ff0ef	Vsa.Sim.DecodeTable.Batch15Part11
ea1ff06f	Vsa.Sim.DecodeTable.Batch15Part11
ea5ff06f	Vsa.Sim.DecodeTable.Batch15Part11
ea8f00ef	Vsa.Sim.DecodeTable.Batch15Part11
ea9fc06f	Vsa.Sim.DecodeTable.Batch15Part12
ea9ff06f	Vsa.Sim.DecodeTable.Batch15Part12
eab79ee3	Vsa.Sim.DecodeTable.Batch15Part12
eac74c63	Vsa.Sim.DecodeTable.Batch15Part12
ead74663	Vsa.Sim.DecodeTable.Batch15Part12
eadff06f	Vsa.Sim.DecodeTable.Batch15Part12
eafe00e3	Vsa.Sim.DecodeTable.Batch15Part12
eb1f60ef	Vsa.Sim.DecodeTable.Batch15Part12
eb1ff06f	Vsa.Sim.DecodeTable.Batch15Part12
eb470713	Vsa.Sim.DecodeTable.Batch15Part12
eb5fd06f	Vsa.Sim.DecodeTable.Batch15Part12
eb5ff06f	Vsa.Sim.DecodeTable.Batch15Part12
eb696ee3	Vsa.Sim.DecodeTable.Batch15Part12
eb9fc06f	Vsa.Sim.DecodeTable.Batch15Part12
eb9ff06f	Vsa.Sim.DecodeTable.Batch15Part12
ebdff06f	Vsa.Sim.DecodeTable.Batch15Part12
ec0516e3	Vsa.Sim.DecodeTable.Batch15Part13
ec051ae3	Vsa.Sim.DecodeTable.Batch15Part13
ec0786e3	Vsa.Sim.DecodeTable.Batch15Part13
ec0f80ef	Vsa.Sim.DecodeTable.Batch15Part13
ec1fe06f	Vsa.Sim.DecodeTable.Batch15Part13
ec1ff06f	Vsa.Sim.DecodeTable.Batch15Part13
ec480813	Vsa.Sim.DecodeTable.Batch15Part13
ec4fe06f	Vsa.Sim.DecodeTable.Batch15Part13
ec5fe06f	Vsa.Sim.DecodeTable.Batch15Part13
ec5ff06f	Vsa.Sim.DecodeTable.Batch15Part13
ec8ff0ef	Vsa.Sim.DecodeTable.Batch15Part13
ec9ff06f	Vsa.Sim.DecodeTable.Batch15Part13
eccef0ef	Vsa.Sim.DecodeTable.Batch15Part13
ecdff06f	Vsa.Sim.DecodeTable.Batch15Part13
ece6f6e3	Vsa.Sim.DecodeTable.Batch15Part13
ece79ee3	Vsa.Sim.DecodeTable.Batch15Part13
ecf6e6e3	Vsa.Sim.DecodeTable.Batch15Part14
ed1ff06f	Vsa.Sim.DecodeTable.Batch15Part14
ed450513	Vsa.Sim.DecodeTable.Batch15Part14
ed4f00ef	Vsa.Sim.DecodeTable.Batch15Part14
ed4f10ef	Vsa.Sim.DecodeTable.Batch15Part14
ed4ff06f	Vsa.Sim.DecodeTable.Batch15Part14
ed5fc06f	Vsa.Sim.DecodeTable.Batch15Part14
ed5ff06f	Vsa.Sim.DecodeTable.Batch15Part14
ed860613	Vsa.Sim.DecodeTable.Batch15Part14
ed9ff06f	Vsa.Sim.DecodeTable.Batch15Part14
edc70713	Vsa.Sim.DecodeTable.Batch15Part14
edcef0ef	Vsa.Sim.DecodeTable.Batch15Part14
edcff06f	Vsa.Sim.DecodeTable.Batch15Part14
eddff06f	Vsa.Sim.DecodeTable.Batch15Part14
ee051263	Vsa.Sim.DecodeTable.Batch15Part14
ee051a63	Vsa.Sim.DecodeTable.Batch15Part14
ee051ee3	Vsa.Sim.DecodeTable.Batch15Part15
ee059ae3	Vsa.Sim.DecodeTable.Batch15Part15
ee0690e3	Vsa.Sim.DecodeTable.Batch15Part15
ee0694e3	Vsa.Sim.DecodeTable.Batch15Part15
ee075ce3	Vsa.Sim.DecodeTable.Batch15Part15
ee0ff0ef	Vsa.Sim.DecodeTable.Batch15Part15
ee1fe06f	Vsa.Sim.DecodeTable.Batch15Part15
ee1ff06f	Vsa.Sim.DecodeTable.Batch15Part15
ee4b0b13	Vsa.Sim.DecodeTable.Batch15Part15
ee5fe0ef	Vsa.Sim.DecodeTable.Batch15Part15
ee9ff06f	Vsa.Sim.DecodeTable.Batch15Part15
eecfe06f	Vsa.Sim.DecodeTable.Batch15Part15
eedfe06f	Vsa.Sim.DecodeTable.Batch15Part15
eedff06f	Vsa.Sim.DecodeTable.Batch15Part15
eedff0ef	Vsa.Sim.DecodeTable.Batch15Part15
eef058e3	Vsa.Sim.DecodeTable.Batch15Part15
eef508e3	Vsa.Sim.DecodeTable.Batch15Part16
ef010113	Vsa.Sim.DecodeTable.Batch15Part16
ef050513	Vsa.Sim.DecodeTable.Batch15Part16
ef1fc06f	Vsa.Sim.DecodeTable.Batch15Part16
ef1fe06f	Vsa.Sim.DecodeTable.Batch15Part16
ef1fe0ef	Vsa.Sim.DecodeTable.Batch15Part16
ef1ff06f	Vsa.Sim.DecodeTable.Batch15Part16
ef205ce3	Vsa.Sim.DecodeTable.Batch15Part16
ef5ff06f	Vsa.Sim.DecodeTable.Batch15Part16
ef8f80ef	Vsa.Sim.DecodeTable.Batch15Part16
ef9ff06f	Vsa.Sim.DecodeTable.Batch15Part16
efdfd06f	Vsa.Sim.DecodeTable.Batch15Part16
eff78793	Vsa.Sim.DecodeTable.Batch15Part16
f00554e3	Vsa.Sim.DecodeTable.Batch15Part16
f0064ae3	Vsa.Sim.DecodeTable.Batch15Part16
f0069ae3	Vsa.Sim.DecodeTable.Batch15Part16
f006cee3	Vsa.Sim.DecodeTable.Batch15Part17
f00710e3	Vsa.Sim.DecodeTable.Batch15Part17
f0071ae3	Vsa.Sim.DecodeTable.Batch15Part17
f0078ee3	Vsa.Sim.DecodeTable.Batch15Part17
f00b18e3	Vsa.Sim.DecodeTable.Batch15Part17
f0170613	Vsa.Sim.DecodeTable.Batch15Part17
f0170713	Vsa.Sim.DecodeTable.Batch15Part17
f0178513	Vsa.Sim.DecodeTable.Batch15Part17
f0178613	Vsa.Sim.DecodeTable.Batch15Part17
f0178713	Vsa.Sim.DecodeTable.Batch15Part17
f01ff06f	Vsa.Sim.DecodeTable.Batch15Part17
f0478793	Vsa.Sim.DecodeTable.Batch15Part17
f05ff06f	Vsa.Sim.DecodeTable.Batch15Part17
f08ff06f	Vsa.Sim.DecodeTable.Batch15Part17
f09ff06f	Vsa.Sim.DecodeTable.Batch15Part17
f09ff0ef	Vsa.Sim.DecodeTable.Batch15Part17
f0c7c0e3	Vsa.Sim.DecodeTable.Batch15Part18
f0cfd06f	Vsa.Sim.DecodeTable.Batch15Part18
f0dff06f	Vsa.Sim.DecodeTable.Batch15Part18
f0fe02e3	Vsa.Sim.DecodeTable.Batch15Part18
f1010113	Vsa.Sim.DecodeTable.Batch15Part18
f11fe06f	Vsa.Sim.DecodeTable.Batch15Part18
f11fe0ef	Vsa.Sim.DecodeTable.Batch15Part18
f11ff06f	Vsa.Sim.DecodeTable.Batch15Part18
f14c8c93	Vsa.Sim.DecodeTable.Batch15Part18
f14fb0ef	Vsa.Sim.DecodeTable.Batch15Part18
f14ff06f	Vsa.Sim.DecodeTable.Batch15Part18
f15ff06f	Vsa.Sim.DecodeTable.Batch15Part18
f18d0d13	Vsa.Sim.DecodeTable.Batch15Part18
f19ff0ef	Vsa.Sim.DecodeTable.Batch15Part18
f1cfe06f	Vsa.Sim.DecodeTable.Batch15Part18
f1dfe06f	Vsa.Sim.DecodeTable.Batch15Part18
f2010113	Vsa.Sim.DecodeTable.Batch15Part19
f21fa0ef	Vsa.Sim.DecodeTable.Batch15Part19
f21ff06f	Vsa.Sim.DecodeTable.Batch15Part19
f25fe06f	Vsa.Sim.DecodeTable.Batch15Part19
f25ff06f	Vsa.Sim.DecodeTable.Batch15Part19
f29ff06f	Vsa.Sim.DecodeTable.Batch15Part19
f2cfe06f	Vsa.Sim.DecodeTable.Batch15Part19
f2cff06f	Vsa.Sim.DecodeTable.Batch15Part19
f2dff06f	Vsa.Sim.DecodeTable.Batch15Part19
f2e79ae3	Vsa.Sim.DecodeTable.Batch15Part19
f2f310e3	Vsa.Sim.DecodeTable.Batch15Part19
f31ff06f	Vsa.Sim.DecodeTable.Batch15Part19
f33792e3	Vsa.Sim.DecodeTable.Batch15Part19
f34f80ef	Vsa.Sim.DecodeTable.Batch15Part19
f35ff06f	Vsa.Sim.DecodeTable.Batch15Part19
f38ff06f	Vsa.Sim.DecodeTable.Batch15Part19
f39fe0ef	Vsa.Sim.DecodeTable.Batch15Part20
f39ff06f	Vsa.Sim.DecodeTable.Batch15Part20
f3cd3d03	Vsa.Sim.DecodeTable.Batch15Part20
f3dfe06f	Vsa.Sim.DecodeTable.Batch15Part20
f3dff06f	Vsa.Sim.DecodeTable.Batch15Part20
f40406e3	Vsa.Sim.DecodeTable.Batch15Part20
f40518e3	Vsa.Sim.DecodeTable.Batch15Part20
f4060ee3	Vsa.Sim.DecodeTable.Batch15Part20
f4069ee3	Vsa.Sim.DecodeTable.Batch15Part20
f406c8e3	Vsa.Sim.DecodeTable.Batch15Part20
f406d2e3	Vsa.Sim.DecodeTable.Batch15Part20
f4074ae3	Vsa.Sim.DecodeTable.Batch15Part20
f40796e3	Vsa.Sim.DecodeTable.Batch15Part20
f40798e3	Vsa.Sim.DecodeTable.Batch15Part20
f407d2e3	Vsa.Sim.DecodeTable.Batch15Part20
f40b1ce3	Vsa.Sim.DecodeTable.Batch15Part20
f40f0ee3	Vsa.Sim.DecodeTable.Batch15Part21
f40ff0ef	Vsa.Sim.DecodeTable.Batch15Part21
f41ff06f	Vsa.Sim.DecodeTable.Batch15Part21
f44fe06f	Vsa.Sim.DecodeTable.Batch15Part21
f44ff06f	Vsa.Sim.DecodeTable.Batch15Part21
f45514e3	Vsa.Sim.DecodeTable.Batch15Part21
f45f70ef	Vsa.Sim.DecodeTable.Batch15Part21
f45fd06f	Vsa.Sim.DecodeTable.Batch15Part21
f45ff06f	Vsa.Sim.DecodeTable.Batch15Part21
f45ff0ef	Vsa.Sim.DecodeTable.Batch15Part21
f48f20ef	Vsa.Sim.DecodeTable.Batch15Part21
f48ff06f	Vsa.Sim.DecodeTable.Batch15Part21
f49ff06f	Vsa.Sim.DecodeTable.Batch15Part21
f4b04ce3	Vsa.Sim.DecodeTable.Batch15Part21
f4cff06f	Vsa.Sim.DecodeTable.Batch15Part21
f4cff0ef	Vsa.Sim.DecodeTable.Batch15Part21
f4dfd06f	Vsa.Sim.DecodeTable.Batch15Part22
f4dff06f	Vsa.Sim.DecodeTable.Batch15Part22
f4e792e3	Vsa.Sim.DecodeTable.Batch15Part22
f4f6fee3	Vsa.Sim.DecodeTable.Batch15Part22
f5010113	Vsa.Sim.DecodeTable.Batch15Part22
f50fe06f	Vsa.Sim.DecodeTable.Batch15Part22
f51ff06f	Vsa.Sim.DecodeTable.Batch15Part22
f54fe06f	Vsa.Sim.DecodeTable.Batch15Part22
f54ff06f	Vsa.Sim.DecodeTable.Batch15Part22
f55ff06f	Vsa.Sim.DecodeTable.Batch15Part22
f58ff06f	Vsa.Sim.DecodeTable.Batch15Part22
f58ff0ef	Vsa.Sim.DecodeTable.Batch15Part22
f59ff06f	Vsa.Sim.DecodeTable.Batch15Part22
f5d6d063	Vsa.Sim.DecodeTable.Batch15Part22
f5dff0ef	Vsa.Sim.DecodeTable.Batch15Part22
f6010113	Vsa.Sim.DecodeTable.Batch15Part22
f60504e3	Vsa.Sim.DecodeTable.Batch15Part23
f60510e3	Vsa.Sim.DecodeTable.Batch15Part23
f606c2e3	Vsa.Sim.DecodeTable.Batch15Part23
f606c4e3	Vsa.Sim.DecodeTable.Batch15Part23
f606d4e3	Vsa.Sim.DecodeTable.Batch15Part23
f60716e3	Vsa.Sim.DecodeTable.Batch15Part23
f6071ce3	Vsa.Sim.DecodeTable.Batch15Part23
f6078ee3	Vsa.Sim.DecodeTable.Batch15Part23
f60a1ce3	Vsa.Sim.DecodeTable.Batch15Part23
f60c1ce3	Vsa.Sim.DecodeTable.Batch15Part23
f60f00e3	Vsa.Sim.DecodeTable.Batch15Part23
f60f9c63	Vsa.Sim.DecodeTable.Batch15Part23
f61ff06f	Vsa.Sim.DecodeTable.Batch15Part23
f61ff0ef	Vsa.Sim.DecodeTable.Batch15Part23
f64d0d13	Vsa.Sim.DecodeTable.Batch15Part23
f65ff06f	Vsa.Sim.DecodeTable.Batch15Part23
f68d0d13	Vsa.Sim.DecodeTable.Batch15Part24
f68ff06f	Vsa.Sim.DecodeTable.Batch15Part24
f69ff06f	Vsa.Sim.DecodeTable.Batch15Part24
f6a05ce3	Vsa.Sim.DecodeTable.Batch15Part24
f6c374e3	Vsa.Sim.DecodeTable.Batch15Part24
f6dfe0ef	Vsa.Sim.DecodeTable.Batch15Part24
f6dff06f	Vsa.Sim.DecodeTable.Batch15Part24
f6f54ee3	Vsa.Sim.DecodeTable.Batch15Part24
f6f6d4e3	Vsa.Sim.DecodeTable.Batch15Part24
f6fc0ae3	Vsa.Sim.DecodeTable.Batch15Part24
f7010113	Vsa.Sim.DecodeTable.Batch15Part24
f71ff06f	Vsa.Sim.DecodeTable.Batch15Part24
f74042e3	Vsa.Sim.DecodeTable.Batch15Part24
f74fe06f	Vsa.Sim.DecodeTable.Batch15Part24
f75ff06f	Vsa.Sim.DecodeTable.Batch15Part24
f78fe0ef	Vsa.Sim.DecodeTable.Batch15Part24
f79708e3	Vsa.Sim.DecodeTable.Batch15Part25
f799fee3	Vsa.Sim.DecodeTable.Batch15Part25
f79fe0ef	Vsa.Sim.DecodeTable.Batch15Part25
f79ff06f	Vsa.Sim.DecodeTable.Batch15Part25
f79ff0ef	Vsa.Sim.DecodeTable.Batch15Part25
f7c80813	Vsa.Sim.DecodeTable.Batch15Part25
f7cf60ef	Vsa.Sim.DecodeTable.Batch15Part25
f7cff06f	Vsa.Sim.DecodeTable.Batch15Part25
f7f37313	Vsa.Sim.DecodeTable.Batch15Part25
f7f70713	Vsa.Sim.DecodeTable.Batch15Part25
f7f78793	Vsa.Sim.DecodeTable.Batch15Part25
f7f7f793	Vsa.Sim.DecodeTable.Batch15Part25
f7fa7e13	Vsa.Sim.DecodeTable.Batch15Part25
f7fe7e13	Vsa.Sim.DecodeTable.Batch15Part25
f8010113	Vsa.Sim.DecodeTable.Batch15Part25
f80492e3	Vsa.Sim.DecodeTable.Batch15Part25
f8050ae3	Vsa.Sim.DecodeTable.Batch15Part26
f8050ee3	Vsa.Sim.DecodeTable.Batch15Part26
f80510e3	Vsa.Sim.DecodeTable.Batch15Part26
f8051ae3	Vsa.Sim.DecodeTable.Batch15Part26
f8051ee3	Vsa.Sim.DecodeTable.Batch15Part26
f80552e3	Vsa.Sim.DecodeTable.Batch15Part26
f80616e3	Vsa.Sim.DecodeTable.Batch15Part26
f8065ee3	Vsa.Sim.DecodeTable.Batch15Part26
f80680e3	Vsa.Sim.DecodeTable.Batch15Part26
f80684e3	Vsa.Sim.DecodeTable.Batch15Part26
f80694e3	Vsa.Sim.DecodeTable.Batch15Part26
f80698e3	Vsa.Sim.DecodeTable.Batch15Part26
f806d263	Vsa.Sim.DecodeTable.Batch15Part26
f806d6e3	Vsa.Sim.DecodeTable.Batch15Part26
f8070ce3	Vsa.Sim.DecodeTable.Batch15Part26
f8075ce3	Vsa.Sim.DecodeTable.Batch15Part26
f8079463	Vsa.Sim.DecodeTable.Batch15Part27
f80798e3	Vsa.Sim.DecodeTable.Batch15Part27
f8079ce3	Vsa.Sim.DecodeTable.Batch15Part27
f80b94e3	Vsa.Sim.DecodeTable.Batch15Part27
f80c9ce3	Vsa.Sim.DecodeTable.Batch15Part27
f81ff06f	Vsa.Sim.DecodeTable.Batch15Part27
f85ff06f	Vsa.Sim.DecodeTable.Batch15Part27
f88f70ef	Vsa.Sim.DecodeTable.Batch15Part27
f88ff06f	Vsa.Sim.DecodeTable.Batch15Part27
f89c6ee3	Vsa.Sim.DecodeTable.Batch15Part27
f89ff06f	Vsa.Sim.DecodeTable.Batch15Part27
f8a05ae3	Vsa.Sim.DecodeTable.Batch15Part27
f8cff06f	Vsa.Sim.DecodeTable.Batch15Part27
f8d60ee3	Vsa.Sim.DecodeTable.Batch15Part27
f8dff06f	Vsa.Sim.DecodeTable.Batch15Part27
f8e780e3	Vsa.Sim.DecodeTable.Batch15Part27
f8e78ae3	Vsa.Sim.DecodeTable.Batch15Part28
f8f51ee3	Vsa.Sim.DecodeTable.Batch15Part28
f8f816e3	Vsa.Sim.DecodeTable.Batch15Part28
f9010113	Vsa.Sim.DecodeTable.Batch15Part28
f90f8f93	Vsa.Sim.DecodeTable.Batch15Part28
f91fe0ef	Vsa.Sim.DecodeTable.Batch15Part28
f91ff06f	Vsa.Sim.DecodeTable.Batch15Part28
f91ff0ef	Vsa.Sim.DecodeTable.Batch15Part28
f94f90ef	Vsa.Sim.DecodeTable.Batch15Part28
f94ff06f	Vsa.Sim.DecodeTable.Batch15Part28
f95ff06f	Vsa.Sim.DecodeTable.Batch15Part28
f98680e7	Vsa.Sim.DecodeTable.Batch15Part28
f99ff06f	Vsa.Sim.DecodeTable.Batch15Part28
f9cfc0ef	Vsa.Sim.DecodeTable.Batch15Part28
f9df60ef	Vsa.Sim.DecodeTable.Batch15Part28
f9dff06f	Vsa.Sim.DecodeTable.Batch15Part28
fa010113	Vsa.Sim.DecodeTable.Batch15Part29
fa050ce3	Vsa.Sim.DecodeTable.Batch15Part29
fa0516e3	Vsa.Sim.DecodeTable.Batch15Part29
fa0518e3	Vsa.Sim.DecodeTable.Batch15Part29
fa051ae3	Vsa.Sim.DecodeTable.Batch15Part29
fa060ae3	Vsa.Sim.DecodeTable.Batch15Part29
fa069ae3	Vsa.Sim.DecodeTable.Batch15Part29
fa069ce3	Vsa.Sim.DecodeTable.Batch15Part29
fa070ae3	Vsa.Sim.DecodeTable.Batch15Part29
fa070ce3	Vsa.Sim.DecodeTable.Batch15Part29
fa0712e3	Vsa.Sim.DecodeTable.Batch15Part29
fa0716e3	Vsa.Sim.DecodeTable.Batch15Part29
fa074ee3	Vsa.Sim.DecodeTable.Batch15Part29
fa0754e3	Vsa.Sim.DecodeTable.Batch15Part29
fa079ee3	Vsa.Sim.DecodeTable.Batch15Part29
fa0912e3	Vsa.Sim.DecodeTable.Batch17
fa0a14e3	Vsa.Sim.DecodeTable.Batch15Part29
fa0b12e3	Vsa.Sim.DecodeTable.Batch15Part30
fa0e84e3	Vsa.Sim.DecodeTable.Batch15Part30
fa1ff06f	Vsa.Sim.DecodeTable.Batch15Part30
fa4fe06f	Vsa.Sim.DecodeTable.Batch15Part30
fa4ff06f	Vsa.Sim.DecodeTable.Batch15Part30
fa5ed0ef	Vsa.Sim.DecodeTable.Batch15Part30
fa5ff06f	Vsa.Sim.DecodeTable.Batch15Part30
fa878793	Vsa.Sim.DecodeTable.Batch15Part30
fa879ae3	Vsa.Sim.DecodeTable.Batch15Part30
fa884ae3	Vsa.Sim.DecodeTable.Batch15Part30
fa894ee3	Vsa.Sim.DecodeTable.Batch15Part30
fa8c4ce3	Vsa.Sim.DecodeTable.Batch15Part30
fa8d4ee3	Vsa.Sim.DecodeTable.Batch15Part30
fa8f4ae3	Vsa.Sim.DecodeTable.Batch15Part30
fa8ff06f	Vsa.Sim.DecodeTable.Batch15Part30
fa9be2e3	Vsa.Sim.DecodeTable.Batch15Part30
fa9ff06f	Vsa.Sim.DecodeTable.Batch15Part31
fa9ff0ef	Vsa.Sim.DecodeTable.Batch15Part31
fab702e3	Vsa.Sim.DecodeTable.Batch15Part31
fac70713	Vsa.Sim.DecodeTable.Batch15Part31
facfe06f	Vsa.Sim.DecodeTable.Batch15Part31
facff06f	Vsa.Sim.DecodeTable.Batch15Part31
fad7c6e3	Vsa.Sim.DecodeTable.Batch15Part31
fadfd06f	Vsa.Sim.DecodeTable.Batch15Part31
fadfe06f	Vsa.Sim.DecodeTable.Batch15Part31
fadff06f	Vsa.Sim.DecodeTable.Batch15Part31
fae5d063	Vsa.Sim.DecodeTable.Batch15Part31
faf514e3	Vsa.Sim.DecodeTable.Batch15Part31
faf872e3	Vsa.Sim.DecodeTable.Batch15Part31
fafcfae3	Vsa.Sim.DecodeTable.Batch15Part31
fafd7ae3	Vsa.Sim.DecodeTable.Batch15Part31
fb010113	Vsa.Sim.DecodeTable.Batch15Part31
fb07f6e3	Vsa.Sim.DecodeTable.Batch15Part32
fb0ff06f	Vsa.Sim.DecodeTable.Batch15Part32
fb1ff06f	Vsa.Sim.DecodeTable.Batch15Part32
fb341ae3	Vsa.Sim.DecodeTable.Batch15Part32
fb370ce3	Vsa.Sim.DecodeTable.Batch15Part32
fb3acae3	Vsa.Sim.DecodeTable.Batch15Part32
fb42cce3	Vsa.Sim.DecodeTable.Batch15Part32
fb494ce3	Vsa.Sim.DecodeTable.Batch15Part32
fb4ecae3	Vsa.Sim.DecodeTable.Batch15Part32
fb4ef0ef	Vsa.Sim.DecodeTable.Batch15Part32
fb4f4ae3	Vsa.Sim.DecodeTable.Batch15Part32
fb4fcae3	Vsa.Sim.DecodeTable.Batch15Part32
fb5ff06f	Vsa.Sim.DecodeTable.Batch15Part32
fb5ff0ef	Vsa.Sim.DecodeTable.Batch15Part32
fb779ae3	Vsa.Sim.DecodeTable.Batch15Part32
fb79f6e3	Vsa.Sim.DecodeTable.Batch15Part32
fb858593	Vsa.Sim.DecodeTable.Batch17
fb8c8c93	Vsa.Sim.DecodeTable.Batch16Part01
fb8ff06f	Vsa.Sim.DecodeTable.Batch16Part01
fb940693	Vsa.Sim.DecodeTable.Batch16Part01
fb96cce3	Vsa.Sim.DecodeTable.Batch16Part01
fb971ee3	Vsa.Sim.DecodeTable.Batch16Part01
fb9b0693	Vsa.Sim.DecodeTable.Batch16Part01
fb9fe06f	Vsa.Sim.DecodeTable.Batch16Part01
fb9ff06f	Vsa.Sim.DecodeTable.Batch16Part01
fbb40793	Vsa.Sim.DecodeTable.Batch16Part01
fbbb0793	Vsa.Sim.DecodeTable.Batch16Part01
fbbb4ee3	Vsa.Sim.DecodeTable.Batch16Part01
fbbc6ce3	Vsa.Sim.DecodeTable.Batch16Part01
fbdfd06f	Vsa.Sim.DecodeTable.Batch16Part01
fbdff06f	Vsa.Sim.DecodeTable.Batch16Part01
fbf364e3	Vsa.Sim.DecodeTable.Batch16Part01
fc010113	Vsa.Sim.DecodeTable.Batch16Part01
fc0404e3	Vsa.Sim.DecodeTable.Batch16Part02
fc0504e3	Vsa.Sim.DecodeTable.Batch16Part02
fc0508e3	Vsa.Sim.DecodeTable.Batch16Part02
fc050ae3	Vsa.Sim.DecodeTable.Batch16Part02
fc0590e3	Vsa.Sim.DecodeTable.Batch16Part02
fc0598e3	Vsa.Sim.DecodeTable.Batch16Part02
fc060063	Vsa.Sim.DecodeTable.Batch16Part02
fc0612e3	Vsa.Sim.DecodeTable.Batch16Part02
fc0614e3	Vsa.Sim.DecodeTable.Batch16Part02
fc0694e3	Vsa.Sim.DecodeTable.Batch16Part02
fc06dee3	Vsa.Sim.DecodeTable.Batch16Part02
fc0718e3	Vsa.Sim.DecodeTable.Batch16Part02
fc0740e3	Vsa.Sim.DecodeTable.Batch16Part02
fc0782e3	Vsa.Sim.DecodeTable.Batch16Part02
fc0794e3	Vsa.Sim.DecodeTable.Batch16Part02
fc079ae3	Vsa.Sim.DecodeTable.Batch16Part02
fc079ee3	Vsa.Sim.DecodeTable.Batch16Part03
fc0a02e3	Vsa.Sim.DecodeTable.Batch16Part03
fc0a52e3	Vsa.Sim.DecodeTable.Batch16Part03
fc0b04e3	Vsa.Sim.DecodeTable.Batch16Part03
fc0b52e3	Vsa.Sim.DecodeTable.Batch16Part03
fc0b5ee3	Vsa.Sim.DecodeTable.Batch16Part03
fc0d82e3	Vsa.Sim.DecodeTable.Batch16Part03
fc0f0463	Vsa.Sim.DecodeTable.Batch16Part03
fc0f0ce3	Vsa.Sim.DecodeTable.Batch16Part03
fc0fa0ef	Vsa.Sim.DecodeTable.Batch16Part03
fc0fe0ef	Vsa.Sim.DecodeTable.Batch16Part03
fc1fe0ef	Vsa.Sim.DecodeTable.Batch16Part03
fc1ff06f	Vsa.Sim.DecodeTable.Batch16Part03
fc4fe0ef	Vsa.Sim.DecodeTable.Batch16Part03
fc573023	Vsa.Sim.DecodeTable.Batch16Part03
fc5fd06f	Vsa.Sim.DecodeTable.Batch16Part03
fc5ff06f	Vsa.Sim.DecodeTable.Batch16Part04
fc8c94e3	Vsa.Sim.DecodeTable.Batch16Part04
fc8fe06f	Vsa.Sim.DecodeTable.Batch16Part04
fc900593	Vsa.Sim.DecodeTable.Batch16Part04
fc900613	Vsa.Sim.DecodeTable.Batch16Part04
fc941ce3	Vsa.Sim.DecodeTable.Batch17
fc9990e3	Vsa.Sim.DecodeTable.Batch16Part04
fc9ff06f	Vsa.Sim.DecodeTable.Batch16Part04
fca00593	Vsa.Sim.DecodeTable.Batch16Part04
fca04ee3	Vsa.Sim.DecodeTable.Batch16Part04
fca77ee3	Vsa.Sim.DecodeTable.Batch16Part04
fcb2dee3	Vsa.Sim.DecodeTable.Batch16Part04
fcb3dee3	Vsa.Sim.DecodeTable.Batch16Part04
fcb75ee3	Vsa.Sim.DecodeTable.Batch16Part04
fcb76ae3	Vsa.Sim.DecodeTable.Batch16Part04
fcb85ee3	Vsa.Sim.DecodeTable.Batch16Part04
fcbb5ee3	Vsa.Sim.DecodeTable.Batch16Part04
fcbd5ee3	Vsa.Sim.DecodeTable.Batch16Part05
fcbedee3	Vsa.Sim.DecodeTable.Batch16Part05
fcc00693	Vsa.Sim.DecodeTable.Batch16Part05
fcc006b7	Vsa.Sim.DecodeTable.Batch16Part05
fcc5fee3	Vsa.Sim.DecodeTable.Batch16Part05
fcc86ee3	Vsa.Sim.DecodeTable.Batch16Part05
fcce6ce3	Vsa.Sim.DecodeTable.Batch16Part05
fcd56e63	Vsa.Sim.DecodeTable.Batch16Part05
fcd612e3	Vsa.Sim.DecodeTable.Batch16Part05
fcd61ce3	Vsa.Sim.DecodeTable.Batch16Part05
fcd85ee3	Vsa.Sim.DecodeTable.Batch16Part05
fcdc5ee3	Vsa.Sim.DecodeTable.Batch16Part05
fcdff06f	Vsa.Sim.DecodeTable.Batch16Part05
fce2dee3	Vsa.Sim.DecodeTable.Batch16Part05
fce61ee3	Vsa.Sim.DecodeTable.Batch16Part05
fce6dee3	Vsa.Sim.DecodeTable.Batch16Part05
fce6fee3	Vsa.Sim.DecodeTable.Batch16Part06
fce7c4e3	Vsa.Sim.DecodeTable.Batch16Part06
fcecdee3	Vsa.Sim.DecodeTable.Batch16Part06
fced5ee3	Vsa.Sim.DecodeTable.Batch16Part06
fcf514e3	Vsa.Sim.DecodeTable.Batch16Part06
fcf77ce3	Vsa.Sim.DecodeTable.Batch16Part06
fcf87ce3	Vsa.Sim.DecodeTable.Batch16Part06
fcfb10e3	Vsa.Sim.DecodeTable.Batch16Part06
fcfc5ce3	Vsa.Sim.DecodeTable.Batch16Part06
fcfc5ee3	Vsa.Sim.DecodeTable.Batch16Part06
fcfcdce3	Vsa.Sim.DecodeTable.Batch16Part06
fcfcdee3	Vsa.Sim.DecodeTable.Batch16Part06
fcfd86e3	Vsa.Sim.DecodeTable.Batch16Part06
fcfddee3	Vsa.Sim.DecodeTable.Batch16Part06
fd010113	Vsa.Sim.DecodeTable.Batch16Part06
fd0660e3	Vsa.Sim.DecodeTable.Batch16Part06
fd07069b	Vsa.Sim.DecodeTable.Batch16Part07
fd070713	Vsa.Sim.DecodeTable.Batch16Part07
fd07071b	Vsa.Sim.DecodeTable.Batch16Part07
fd071ce3	Vsa.Sim.DecodeTable.Batch16Part07
fd07861b	Vsa.Sim.DecodeTable.Batch16Part07
fd07871b	Vsa.Sim.DecodeTable.Batch16Part07
fd078793	Vsa.Sim.DecodeTable.Batch16Part07
fd07eee3	Vsa.Sim.DecodeTable.Batch16Part07
fd08871b	Vsa.Sim.DecodeTable.Batch16Part07
fd08889b	Vsa.Sim.DecodeTable.Batch16Part07
fd0c071b	Vsa.Sim.DecodeTable.Batch16Part07
fd0c0c1b	Vsa.Sim.DecodeTable.Batch16Part07
fd0ff0ef	Vsa.Sim.DecodeTable.Batch16Part07
fd1fe06f	Vsa.Sim.DecodeTable.Batch16Part07
fd1ff06f	Vsa.Sim.DecodeTable.Batch16Part07
fd4d5ee3	Vsa.Sim.DecodeTable.Batch16Part07
fd4fe06f	Vsa.Sim.DecodeTable.Batch16Part08
fd4ff06f	Vsa.Sim.DecodeTable.Batch16Part08
fd5ff06f	Vsa.Sim.DecodeTable.Batch16Part08
fd6cdee3	Vsa.Sim.DecodeTable.Batch16Part08
fd77c6e3	Vsa.Sim.DecodeTable.Batch16Part08
fd7cc8e3	Vsa.Sim.DecodeTable.Batch16Part08
fd858593	Vsa.Sim.DecodeTable.Batch17
fd97c6e3	Vsa.Sim.DecodeTable.Batch16Part08
fd9f10ef	Vsa.Sim.DecodeTable.Batch16Part08
fd9fe06f	Vsa.Sim.DecodeTable.Batch16Part08
fd9ff06f	Vsa.Sim.DecodeTable.Batch16Part08
fdb77713	Vsa.Sim.DecodeTable.Batch16Part08
fdcfb0ef	Vsa.Sim.DecodeTable.Batch16Part08
fdd73c23	Vsa.Sim.DecodeTable.Batch16Part08
fddfe06f	Vsa.Sim.DecodeTable.Batch16Part08
fddff06f	Vsa.Sim.DecodeTable.Batch16Part08
fde73823	Vsa.Sim.DecodeTable.Batch16Part08
fdf73423	Vsa.Sim.DecodeTable.Batch16Part09
fdf8f413	Vsa.Sim.DecodeTable.Batch16Part09
fdfc7b13	Vsa.Sim.DecodeTable.Batch16Part09
fe010113	Vsa.Sim.DecodeTable.Batch16Part09
fe0500e3	Vsa.Sim.DecodeTable.Batch16Part09
fe0512e3	Vsa.Sim.DecodeTable.Batch16Part09
fe0514e3	Vsa.Sim.DecodeTable.Batch16Part09
fe0558e3	Vsa.Sim.DecodeTable.Batch16Part09
fe0596e3	Vsa.Sim.DecodeTable.Batch16Part09
fe05c2e3	Vsa.Sim.DecodeTable.Batch16Part09
fe0610e3	Vsa.Sim.DecodeTable.Batch16Part09
fe0614e3	Vsa.Sim.DecodeTable.Batch16Part09
fe0616e3	Vsa.Sim.DecodeTable.Batch16Part09
fe068ae3	Vsa.Sim.DecodeTable.Batch16Part09
fe0690e3	Vsa.Sim.DecodeTable.Batch16Part09
fe0696e3	Vsa.Sim.DecodeTable.Batch16Part09
fe06d4e3	Vsa.Sim.DecodeTable.Batch16Part10
fe0700e3	Vsa.Sim.DecodeTable.Batch16Part10
fe07079b	Vsa.Sim.DecodeTable.Batch16Part10
fe0708e3	Vsa.Sim.DecodeTable.Batch16Part10
fe070ae3	Vsa.Sim.DecodeTable.Batch16Part10
fe0714e3	Vsa.Sim.DecodeTable.Batch16Part10
fe0718e3	Vsa.Sim.DecodeTable.Batch16Part10
fe074ce3	Vsa.Sim.DecodeTable.Batch16Part10
fe0782e3	Vsa.Sim.DecodeTable.Batch16Part10
fe0786e3	Vsa.Sim.DecodeTable.Batch16Part10
fe0788e3	Vsa.Sim.DecodeTable.Batch16Part10
fe078ae3	Vsa.Sim.DecodeTable.Batch16Part10
fe078fa3	Vsa.Sim.DecodeTable.Batch16Part10
fe0790e3	Vsa.Sim.DecodeTable.Batch16Part10
fe0794e3	Vsa.Sim.DecodeTable.Batch16Part10
fe0796e3	Vsa.Sim.DecodeTable.Batch16Part10
fe0798e3	Vsa.Sim.DecodeTable.Batch16Part11
fe07ae23	Vsa.Sim.DecodeTable.Batch16Part11
fe08879b	Vsa.Sim.DecodeTable.Batch16Part11
fe0900e3	Vsa.Sim.DecodeTable.Batch16Part11
fe0b54e3	Vsa.Sim.DecodeTable.Batch16Part11
fe0b8ae3	Vsa.Sim.DecodeTable.Batch16Part11
fe0c079b	Vsa.Sim.DecodeTable.Batch16Part11
fe0d80e3	Vsa.Sim.DecodeTable.Batch16Part11
fe0fe06f	Vsa.Sim.DecodeTable.Batch16Part11
fe100737	Vsa.Sim.DecodeTable.Batch16Part11
fe1ed0ef	Vsa.Sim.DecodeTable.Batch16Part11
fe1f70ef	Vsa.Sim.DecodeTable.Batch16Part11
fe1ff06f	Vsa.Sim.DecodeTable.Batch16Part11
fe378713	Vsa.Sim.DecodeTable.Batch16Part11
fe5fe0ef	Vsa.Sim.DecodeTable.Batch16Part11
fe6618e3	Vsa.Sim.DecodeTable.Batch16Part11
fe673423	Vsa.Sim.DecodeTable.Batch16Part12
fe679ae3	Vsa.Sim.DecodeTable.Batch16Part12
fe740793	Vsa.Sim.DecodeTable.Batch16Part12
fe780813	Vsa.Sim.DecodeTable.Batch16Part12
fe7f8f93	Vsa.Sim.DecodeTable.Batch16Part12
fe830613	Vsa.Sim.DecodeTable.Batch16Part12
fe85b683	Vsa.Sim.DecodeTable.Batch16Part12
fe8f00ef	Vsa.Sim.DecodeTable.Batch16Part12
fe9b0fa3	Vsa.Sim.DecodeTable.Batch16Part12
fe9fe06f	Vsa.Sim.DecodeTable.Batch16Part12
fea40fa3	Vsa.Sim.DecodeTable.Batch16Part12
fea5bc23	Vsa.Sim.DecodeTable.Batch16Part12
fea70fa3	Vsa.Sim.DecodeTable.Batch16Part12
fea78793	Vsa.Sim.DecodeTable.Batch16Part12
feac0fa3	Vsa.Sim.DecodeTable.Batch16Part12
feac8fa3	Vsa.Sim.DecodeTable.Batch16Part12
fead8fa3	Vsa.Sim.DecodeTable.Batch16Part13
feb66ae3	Vsa.Sim.DecodeTable.Batch16Part13
feb686e3	Vsa.Sim.DecodeTable.Batch16Part13
feb68fa3	Vsa.Sim.DecodeTable.Batch16Part13
feb700e3	Vsa.Sim.DecodeTable.Batch16Part13
feb71ae3	Vsa.Sim.DecodeTable.Batch16Part13
feb784e3	Vsa.Sim.DecodeTable.Batch16Part13
fec352e3	Vsa.Sim.DecodeTable.Batch16Part13
fec368e3	Vsa.Sim.DecodeTable.Batch16Part13
fec518e3	Vsa.Sim.DecodeTable.Batch16Part13
fec6079b	Vsa.Sim.DecodeTable.Batch16Part13
fec7e8e3	Vsa.Sim.DecodeTable.Batch16Part13
fecc8fa3	Vsa.Sim.DecodeTable.Batch16Part13
fecd0fa3	Vsa.Sim.DecodeTable.Batch16Part13
fece0fa3	Vsa.Sim.DecodeTable.Batch16Part13
fed572e3	Vsa.Sim.DecodeTable.Batch16Part13
fed586e3	Vsa.Sim.DecodeTable.Batch16Part14
fed596e3	Vsa.Sim.DecodeTable.Batch17
fed642e3	Vsa.Sim.DecodeTable.Batch16Part14
fed648e3	Vsa.Sim.DecodeTable.Batch16Part14
fed678e3	Vsa.Sim.DecodeTable.Batch16Part14
fed70fa3	Vsa.Sim.DecodeTable.Batch16Part14
fed73023	Vsa.Sim.DecodeTable.Batch16Part14
fed73423	Vsa.Sim.DecodeTable.Batch16Part14
fed73823	Vsa.Sim.DecodeTable.Batch16Part14
fed73c23	Vsa.Sim.DecodeTable.Batch16Part14
fed76ae3	Vsa.Sim.DecodeTable.Batch16Part14
fed78fa3	Vsa.Sim.DecodeTable.Batch16Part14
fed798e3	Vsa.Sim.DecodeTable.Batch16Part14
feda1ce3	Vsa.Sim.DecodeTable.Batch16Part14
fedb1ce3	Vsa.Sim.DecodeTable.Batch16Part14
fedbb823	Vsa.Sim.DecodeTable.Batch16Part14
fedbbc23	Vsa.Sim.DecodeTable.Batch16Part14
fedd8fa3	Vsa.Sim.DecodeTable.Batch16Part15
fede2e23	Vsa.Sim.DecodeTable.Batch16Part15
fedfc06f	Vsa.Sim.DecodeTable.Batch16Part15
fee40fa3	Vsa.Sim.DecodeTable.Batch16Part15
fee598e3	Vsa.Sim.DecodeTable.Batch16Part15
fee5ae23	Vsa.Sim.DecodeTable.Batch16Part15
fee5f2e3	Vsa.Sim.DecodeTable.Batch16Part15
fee686e3	Vsa.Sim.DecodeTable.Batch16Part15
fee786e3	Vsa.Sim.DecodeTable.Batch16Part15
fee788e3	Vsa.Sim.DecodeTable.Batch16Part15
fee78ae3	Vsa.Sim.DecodeTable.Batch16Part15
fee78fa3	Vsa.Sim.DecodeTable.Batch16Part15
fee79ce3	Vsa.Sim.DecodeTable.Batch16Part15
fee7cce3	Vsa.Sim.DecodeTable.Batch16Part15
fee898e3	Vsa.Sim.DecodeTable.Batch16Part15
fee8ae23	Vsa.Sim.DecodeTable.Batch16Part15
feebb823	Vsa.Sim.DecodeTable.Batch16Part16
feebbc23	Vsa.Sim.DecodeTable.Batch16Part16
feec0fa3	Vsa.Sim.DecodeTable.Batch16Part16
feec8fa3	Vsa.Sim.DecodeTable.Batch16Part16
feed0fa3	Vsa.Sim.DecodeTable.Batch16Part16
feee0fa3	Vsa.Sim.DecodeTable.Batch16Part16
fef40fa3	Vsa.Sim.DecodeTable.Batch16Part16
fef43c23	Vsa.Sim.DecodeTable.Batch16Part16
fef4ae23	Vsa.Sim.DecodeTable.Batch16Part16
fef62e23	Vsa.Sim.DecodeTable.Batch16Part16
fef682e3	Vsa.Sim.DecodeTable.Batch16Part16
fef68fa3	Vsa.Sim.DecodeTable.Batch16Part16
fef70fa3	Vsa.Sim.DecodeTable.Batch16Part16
fef716e3	Vsa.Sim.DecodeTable.Batch16Part16
fef71ce3	Vsa.Sim.DecodeTable.Batch16Part16
fefa0fa3	Vsa.Sim.DecodeTable.Batch16Part16
fefb0fa3	Vsa.Sim.DecodeTable.Batch16Part17
fefb3c23	Vsa.Sim.DecodeTable.Batch16Part17
fefbbc23	Vsa.Sim.DecodeTable.Batch16Part17
fefc2e23	Vsa.Sim.DecodeTable.Batch16Part17
fefcae23	Vsa.Sim.DecodeTable.Batch16Part17
fefd3c23	Vsa.Sim.DecodeTable.Batch16Part17
fefd8fa3	Vsa.Sim.DecodeTable.Batch16Part17
feff07b7	Vsa.Sim.DecodeTable.Batch16Part17
ff000513	Vsa.Sim.DecodeTable.Batch16Part17
ff000713	Vsa.Sim.DecodeTable.Batch16Part17
ff010113	Vsa.Sim.DecodeTable.Batch16Part17
ff04041b	Vsa.Sim.DecodeTable.Batch16Part17
ff040613	Vsa.Sim.DecodeTable.Batch16Part17
ff043303	Vsa.Sim.DecodeTable.Batch16Part17
ff048493	Vsa.Sim.DecodeTable.Batch16Part17
ff050513	Vsa.Sim.DecodeTable.Batch16Part17
ff050813	Vsa.Sim.DecodeTable.Batch16Part18
ff058593	Vsa.Sim.DecodeTable.Batch16Part18
ff058713	Vsa.Sim.DecodeTable.Batch16Part18
ff05b303	Vsa.Sim.DecodeTable.Batch16Part18
ff05b683	Vsa.Sim.DecodeTable.Batch16Part18
ff05b783	Vsa.Sim.DecodeTable.Batch16Part18
ff067613	Vsa.Sim.DecodeTable.Batch16Part18
ff067693	Vsa.Sim.DecodeTable.Batch16Part18
ff068613	Vsa.Sim.DecodeTable.Batch16Part18
ff073823	Vsa.Sim.DecodeTable.Batch16Part18
ff077713	Vsa.Sim.DecodeTable.Batch16Part18
ff0780e3	Vsa.Sim.DecodeTable.Batch16Part18
ff078793	Vsa.Sim.DecodeTable.Batch16Part18
ff07bc23	Vsa.Sim.DecodeTable.Batch16Part18
ff07e0e3	Vsa.Sim.DecodeTable.Batch16Part18
ff07e4e3	Vsa.Sim.DecodeTable.Batch16Part18
ff07f793	Vsa.Sim.DecodeTable.Batch16Part19
ff0a0a1b	Vsa.Sim.DecodeTable.Batch16Part19
ff0b0b1b	Vsa.Sim.DecodeTable.Batch16Part19
ff0c8c9b	Vsa.Sim.DecodeTable.Batch16Part19
ff0d8d9b	Vsa.Sim.DecodeTable.Batch16Part19
ff0e7e13	Vsa.Sim.DecodeTable.Batch16Part19
ff0f00ef	Vsa.Sim.DecodeTable.Batch16Part19
ff0f0f13	Vsa.Sim.DecodeTable.Batch16Part19
ff0fd06f	Vsa.Sim.DecodeTable.Batch16Part19
ff157ce3	Vsa.Sim.DecodeTable.Batch16Part19
ff160fa3	Vsa.Sim.DecodeTable.Batch16Part19
ff1ff06f	Vsa.Sim.DecodeTable.Batch16Part19
ff3410e3	Vsa.Sim.DecodeTable.Batch16Part19
ff37ece3	Vsa.Sim.DecodeTable.Batch16Part19
ff55071b	Vsa.Sim.DecodeTable.Batch16Part19
ff56079b	Vsa.Sim.DecodeTable.Batch16Part19
ff5fc06f	Vsa.Sim.DecodeTable.Batch16Part20
ff640793	Vsa.Sim.DecodeTable.Batch16Part20
ff668793	Vsa.Sim.DecodeTable.Batch16Part20
ff800613	Vsa.Sim.DecodeTable.Batch16Part20
ff800693	Vsa.Sim.DecodeTable.Batch16Part20
ff800713	Vsa.Sim.DecodeTable.Batch16Part20
ff843583	Vsa.Sim.DecodeTable.Batch16Part20
ff843603	Vsa.Sim.DecodeTable.Batch16Part20
ff843683	Vsa.Sim.DecodeTable.Batch16Part20
ff843703	Vsa.Sim.DecodeTable.Batch16Part20
ff848493	Vsa.Sim.DecodeTable.Batch16Part20
ff85031b	Vsa.Sim.DecodeTable.Batch16Part20
ff85051b	Vsa.Sim.DecodeTable.Batch16Part20
ff85079b	Vsa.Sim.DecodeTable.Batch16Part20
ff853603	Vsa.Sim.DecodeTable.Batch16Part20
ff853683	Vsa.Sim.DecodeTable.Batch16Part20
ff85b503	Vsa.Sim.DecodeTable.Batch16Part21
ff85b583	Vsa.Sim.DecodeTable.Batch16Part21
ff85b683	Vsa.Sim.DecodeTable.Batch16Part21
ff860613	Vsa.Sim.DecodeTable.Batch16Part21
ff867613	Vsa.Sim.DecodeTable.Batch16Part21
ff868513	Vsa.Sim.DecodeTable.Batch16Part21
ff868693	Vsa.Sim.DecodeTable.Batch16Part21
ff86f693	Vsa.Sim.DecodeTable.Batch16Part21
ff870613	Vsa.Sim.DecodeTable.Batch16Part21
ff874783	Vsa.Sim.DecodeTable.Batch16Part21
ff878793	Vsa.Sim.DecodeTable.Batch16Part21
ff880813	Vsa.Sim.DecodeTable.Batch16Part21
ff88f613	Vsa.Sim.DecodeTable.Batch16Part21
ff968513	Vsa.Sim.DecodeTable.Batch16Part21
ff974783	Vsa.Sim.DecodeTable.Batch16Part21
ff9d0fa3	Vsa.Sim.DecodeTable.Batch16Part21
ffa68513	Vsa.Sim.DecodeTable.Batch16Part22
ffa6e8e3	Vsa.Sim.DecodeTable.Batch16Part22
ffa74783	Vsa.Sim.DecodeTable.Batch16Part22
ffb68513	Vsa.Sim.DecodeTable.Batch16Part22
ffb6e8e3	Vsa.Sim.DecodeTable.Batch16Part22
ffb74783	Vsa.Sim.DecodeTable.Batch16Part22
ffc37313	Vsa.Sim.DecodeTable.Batch16Part22
ffc4f493	Vsa.Sim.DecodeTable.Batch16Part22
ffc57513	Vsa.Sim.DecodeTable.Batch16Part22
ffc58593	Vsa.Sim.DecodeTable.Batch16Part22
ffc5a703	Vsa.Sim.DecodeTable.Batch16Part22
ffc67313	Vsa.Sim.DecodeTable.Batch16Part22
ffc67613	Vsa.Sim.DecodeTable.Batch16Part22
ffc68513	Vsa.Sim.DecodeTable.Batch16Part22
ffc6f693	Vsa.Sim.DecodeTable.Batch16Part22
ffc6f713	Vsa.Sim.DecodeTable.Batch16Part22
ffc70713	Vsa.Sim.DecodeTable.Batch16Part23
ffc72683	Vsa.Sim.DecodeTable.Batch16Part23
ffc73023	Vsa.Sim.DecodeTable.Batch16Part23
ffc74783	Vsa.Sim.DecodeTable.Batch16Part23
ffc77713	Vsa.Sim.DecodeTable.Batch16Part23
ffc78793	Vsa.Sim.DecodeTable.Batch16Part23
ffc7a583	Vsa.Sim.DecodeTable.Batch16Part23
ffc7a683	Vsa.Sim.DecodeTable.Batch16Part23
ffc7a703	Vsa.Sim.DecodeTable.Batch16Part23
ffc7f713	Vsa.Sim.DecodeTable.Batch16Part23
ffc7f793	Vsa.Sim.DecodeTable.Batch16Part23
ffc87713	Vsa.Sim.DecodeTable.Batch16Part23
ffc8f893	Vsa.Sim.DecodeTable.Batch16Part23
ffc98993	Vsa.Sim.DecodeTable.Batch16Part23
ffc9a783	Vsa.Sim.DecodeTable.Batch16Part23
ffcaa703	Vsa.Sim.DecodeTable.Batch16Part23
ffcb0b13	Vsa.Sim.DecodeTable.Batch16Part24
ffcb0b1b	Vsa.Sim.DecodeTable.Batch16Part24
ffcc2703	Vsa.Sim.DecodeTable.Batch16Part24
ffce90ef	Vsa.Sim.DecodeTable.Batch16Part24
ffcff06f	Vsa.Sim.DecodeTable.Batch16Part24
ffcff713	Vsa.Sim.DecodeTable.Batch16Part24
ffd00513	Vsa.Sim.DecodeTable.Batch16Part24
ffd00813	Vsa.Sim.DecodeTable.Batch16Part24
ffd32713	Vsa.Sim.DecodeTable.Batch16Part24
ffd50793	Vsa.Sim.DecodeTable.Batch16Part24
ffd68513	Vsa.Sim.DecodeTable.Batch16Part24
ffd74783	Vsa.Sim.DecodeTable.Batch16Part24
ffd7f793	Vsa.Sim.DecodeTable.Batch16Part24
ffd80793	Vsa.Sim.DecodeTable.Batch16Part24
ffdfa713	Vsa.Sim.DecodeTable.Batch16Part24
ffe00513	Vsa.Sim.DecodeTable.Batch16Part24
ffe4041b	Vsa.Sim.DecodeTable.Batch16Part25
ffe4859b	Vsa.Sim.DecodeTable.Batch16Part25
ffe50513	Vsa.Sim.DecodeTable.Batch16Part25
ffe57793	Vsa.Sim.DecodeTable.Batch16Part25
ffe57893	Vsa.Sim.DecodeTable.Batch16Part25
ffe58593	Vsa.Sim.DecodeTable.Batch16Part25
ffe5f593	Vsa.Sim.DecodeTable.Batch16Part25
ffe68693	Vsa.Sim.DecodeTable.Batch16Part25
ffe68713	Vsa.Sim.DecodeTable.Batch16Part25
ffe74783	Vsa.Sim.DecodeTable.Batch16Part25
ffe8889b	Vsa.Sim.DecodeTable.Batch16Part25
ffe90913	Vsa.Sim.DecodeTable.Batch16Part25
ffea0713	Vsa.Sim.DecodeTable.Batch16Part25
ffec0c1b	Vsa.Sim.DecodeTable.Batch16Part25
fff00393	Vsa.Sim.DecodeTable.Batch16Part25
fff00413	Vsa.Sim.DecodeTable.Batch16Part25
fff00493	Vsa.Sim.DecodeTable.Batch16Part26
fff00513	Vsa.Sim.DecodeTable.Batch16Part26
fff00593	Vsa.Sim.DecodeTable.Batch16Part26
fff00613	Vsa.Sim.DecodeTable.Batch16Part26
fff00693	Vsa.Sim.DecodeTable.Batch16Part26
fff00713	Vsa.Sim.DecodeTable.Batch16Part26
fff00793	Vsa.Sim.DecodeTable.Batch16Part26
fff00813	Vsa.Sim.DecodeTable.Batch16Part26
fff00993	Vsa.Sim.DecodeTable.Batch16Part26
fff00a13	Vsa.Sim.DecodeTable.Batch16Part26
fff00a93	Vsa.Sim.DecodeTable.Batch16Part26
fff00b13	Vsa.Sim.DecodeTable.Batch16Part26
fff00c93	Vsa.Sim.DecodeTable.Batch16Part26
fff00d13	Vsa.Sim.DecodeTable.Batch16Part26
fff00d93	Vsa.Sim.DecodeTable.Batch16Part26
fff00e13	Vsa.Sim.DecodeTable.Batch16Part26
fff30b1b	Vsa.Sim.DecodeTable.Batch16Part27
fff34313	Vsa.Sim.DecodeTable.Batch16Part27
fff40413	Vsa.Sim.DecodeTable.Batch16Part27
fff4041b	Vsa.Sim.DecodeTable.Batch16Part27
fff4071b	Vsa.Sim.DecodeTable.Batch16Part27
fff40c93	Vsa.Sim.DecodeTable.Batch16Part27
fff4879b	Vsa.Sim.DecodeTable.Batch16Part27
fff5051b	Vsa.Sim.DecodeTable.Batch16Part27
fff50693	Vsa.Sim.DecodeTable.Batch16Part27
fff5079b	Vsa.Sim.DecodeTable.Batch16Part27
fff54713	Vsa.Sim.DecodeTable.Batch16Part27
fff54793	Vsa.Sim.DecodeTable.Batch16Part27
fff54f13	Vsa.Sim.DecodeTable.Batch16Part27
fff5c593	Vsa.Sim.DecodeTable.Batch16Part27
fff5c683	Vsa.Sim.DecodeTable.Batch16Part27
fff60613	Vsa.Sim.DecodeTable.Batch16Part27
fff60693	Vsa.Sim.DecodeTable.Batch16Part28
fff60813	Vsa.Sim.DecodeTable.Batch16Part28
fff6081b	Vsa.Sim.DecodeTable.Batch16Part28
fff64613	Vsa.Sim.DecodeTable.Batch16Part28
fff68693	Vsa.Sim.DecodeTable.Batch16Part28
fff6869b	Vsa.Sim.DecodeTable.Batch16Part28
fff68713	Vsa.Sim.DecodeTable.Batch16Part28
fff6c813	Vsa.Sim.DecodeTable.Batch16Part28
fff70513	Vsa.Sim.DecodeTable.Batch16Part28
fff70693	Vsa.Sim.DecodeTable.Batch16Part28
fff70713	Vsa.Sim.DecodeTable.Batch16Part28
fff7071b	Vsa.Sim.DecodeTable.Batch16Part28
fff70793	Vsa.Sim.DecodeTable.Batch16Part28
fff70b1b	Vsa.Sim.DecodeTable.Batch16Part28
fff74613	Vsa.Sim.DecodeTable.Batch16Part28
fff74683	Vsa.Sim.DecodeTable.Batch16Part28
fff74793	Vsa.Sim.DecodeTable.Batch16Part29
fff74c13	Vsa.Sim.DecodeTable.Batch16Part29
fff7861b	Vsa.Sim.DecodeTable.Batch16Part29
fff78793	Vsa.Sim.DecodeTable.Batch16Part29
fff7879b	Vsa.Sim.DecodeTable.Batch16Part29
fff78a1b	Vsa.Sim.DecodeTable.Batch16Part29
fff78b1b	Vsa.Sim.DecodeTable.Batch16Part29
fff78b9b	Vsa.Sim.DecodeTable.Batch16Part29
fff78c13	Vsa.Sim.DecodeTable.Batch16Part29
fff7c703	Vsa.Sim.DecodeTable.Batch16Part29
fff7c793	Vsa.Sim.DecodeTable.Batch16Part29
fff80793	Vsa.Sim.DecodeTable.Batch16Part29
fff8081b	Vsa.Sim.DecodeTable.Batch16Part29
fff84513	Vsa.Sim.DecodeTable.Batch16Part29
fff84713	Vsa.Sim.DecodeTable.Batch16Part29
fff8889b	Vsa.Sim.DecodeTable.Batch16Part29
fff8c893	Vsa.Sim.DecodeTable.Batch16Part30
fff90913	Vsa.Sim.DecodeTable.Batch16Part30
fff9091b	Vsa.Sim.DecodeTable.Batch16Part30
fff9899b	Vsa.Sim.DecodeTable.Batch16Part30
fff98b9b	Vsa.Sim.DecodeTable.Batch16Part30
fffa0a13	Vsa.Sim.DecodeTable.Batch16Part30
fffa0a1b	Vsa.Sim.DecodeTable.Batch16Part30
fffa0b1b	Vsa.Sim.DecodeTable.Batch16Part30
fffa4683	Vsa.Sim.DecodeTable.Batch16Part30
fffa4783	Vsa.Sim.DecodeTable.Batch16Part30
fffa879b	Vsa.Sim.DecodeTable.Batch16Part30
fffa8a9b	Vsa.Sim.DecodeTable.Batch16Part30
fffa8b9b	Vsa.Sim.DecodeTable.Batch16Part30
fffb0b1b	Vsa.Sim.DecodeTable.Batch16Part30
fffb0d13	Vsa.Sim.DecodeTable.Batch16Part30
fffb0d1b	Vsa.Sim.DecodeTable.Batch16Part30
fffb8b93	Vsa.Sim.DecodeTable.Batch16Part31
fffb8b9b	Vsa.Sim.DecodeTable.Batch16Part31
fffc0d13	Vsa.Sim.DecodeTable.Batch16Part31
fffc4783	Vsa.Sim.DecodeTable.Batch16Part31
fffc861b	Vsa.Sim.DecodeTable.Batch16Part31
fffc8c93	Vsa.Sim.DecodeTable.Batch16Part31
fffc8d13	Vsa.Sim.DecodeTable.Batch16Part31
fffc8d1b	Vsa.Sim.DecodeTable.Batch16Part31
fffcc783	Vsa.Sim.DecodeTable.Batch16Part31
fffd0d13	Vsa.Sim.DecodeTable.Batch16Part31
fffd4783	Vsa.Sim.DecodeTable.Batch16Part31
fffd4913	Vsa.Sim.DecodeTable.Batch16Part31
fffd8c93	Vsa.Sim.DecodeTable.Batch16Part31
fffd8d93	Vsa.Sim.DecodeTable.Batch16Part31
fffdc683	Vsa.Sim.DecodeTable.Batch16Part31
fffdc783	Vsa.Sim.DecodeTable.Batch16Part31
fffe0e13	Vsa.Sim.DecodeTable.Batch16Part32
fffe0e93	Vsa.Sim.DecodeTable.Batch16Part32
fffe8e93	Vsa.Sim.DecodeTable.Batch16Part32
ffff0713	Vsa.Sim.DecodeTable.Batch16Part32
ffff0837	Vsa.Sim.DecodeTable.Batch16Part32
ffff8b1b	Vsa.Sim.DecodeTable.Batch16Part32
ffffc6b7	Vsa.Sim.DecodeTable.Batch16Part32
ffffe637	Vsa.Sim.DecodeTable.Batch16Part32
ffffe6b7	Vsa.Sim.DecodeTable.Batch16Part32
fffff6b7	Vsa.Sim.DecodeTable.Batch16Part32
fffff737	Vsa.Sim.DecodeTable.Batch16Part32
